timestamp,capacity_bytes,smart_1_raw,smart_3_raw,smart_4_raw,smart_5_raw,smart_7_raw,smart_9_raw,smart_10_raw,smart_11_raw,smart_12_raw,smart_194_raw,smart_196_raw,smart_197_raw,smart_198_raw,smart_199_raw,smart_200_raw
2014-02-14,80026361856,0.0,2758.0,75.0,0.0,0.0,38750.0,0.0,0.0,75.0,25.0,0.0,0.0,0.0,0.0,0.0
2014-02-15,80026361856,0.0,2758.0,75.0,0.0,0.0,38774.0,0.0,0.0,75.0,25.0,0.0,0.0,0.0,0.0,0.0
2014-02-16,80026361856,0.0,2758.0,75.0,0.0,0.0,38797.0,0.0,0.0,75.0,25.0,0.0,0.0,0.0,0.0,0.0
2014-02-17,80026361856,0.0,2758.0,75.0,0.0,0.0,38822.0,0.0,0.0,75.0,25.0,0.0,0.0,0.0,0.0,0.0
2014-02-18,80026361856,0.0,2758.0,75.0,0.0,0.0,38846.0,0.0,0.0,75.0,25.0,0.0,0.0,0.0,0.0,0.0
2014-02-19,80026361856,0.0,2758.0,75.0,0.0,0.0,38870.0,0.0,0.0,75.0,25.0,0.0,0.0,0.0,0.0,0.0
2014-02-20,80026361856,0.0,2758.0,75.0,0.0,0.0,38894.0,0.0,0.0,75.0,25.0,0.0,0.0,0.0,0.0,0.0
2014-02-21,80026361856,0.0,2758.0,75.0,0.0,0.0,38918.0,0.0,0.0,75.0,25.0,0.0,0.0,0.0,0.0,0.0
2014-02-22,80026361856,0.0,2758.0,75.0,0.0,0.0,38942.0,0.0,0.0,75.0,25.0,0.0,0.0,0.0,0.0,0.0
2014-02-23,80026361856,0.0,2758.0,75.0,0.0,0.0,38966.0,0.0,0.0,75.0,25.0,0.0,0.0,0.0,0.0,0.0
2014-02-24,80026361856,0.0,2758.0,75.0,0.0,0.0,38990.0,0.0,0.0,75.0,25.0,0.0,0.0,0.0,0.0,0.0
2014-02-25,80026361856,0.0,2758.0,75.0,0.0,0.0,39014.0,0.0,0.0,75.0,25.0,0.0,0.0,0.0,0.0,0.0
2014-02-26,80026361856,0.0,2758.0,75.0,0.0,0.0,39037.0,0.0,0.0,75.0,27.0,0.0,0.0,0.0,0.0,0.0
2014-02-27,80026361856,0.0,2758.0,75.0,0.0,0.0,39061.0,0.0,0.0,75.0,25.0,0.0,0.0,0.0,0.0,0.0
2014-02-28,80026361856,0.0,2758.0,75.0,0.0,0.0,39086.0,0.0,0.0,75.0,25.0,0.0,0.0,0.0,0.0,0.0
2014-03-01,80026361856,0.0,2758.0,75.0,0.0,0.0,39110.0,0.0,0.0,75.0,25.0,0.0,0.0,0.0,0.0,0.0
2014-03-02,80026361856,0.0,2758.0,75.0,0.0,0.0,39134.0,0.0,0.0,75.0,25.0,0.0,0.0,0.0,0.0,0.0
2014-03-03,80026361856,0.0,2758.0,75.0,0.0,0.0,39157.0,0.0,0.0,75.0,25.0,0.0,0.0,0.0,0.0,0.0
2014-03-04,80026361856,0.0,2758.0,75.0,0.0,0.0,39181.0,0.0,0.0,75.0,25.0,0.0,0.0,0.0,0.0,0.0
2014-03-05,80026361856,0.0,2758.0,75.0,0.0,0.0,39205.0,0.0,0.0,75.0,25.0,0.0,0.0,0.0,0.0,0.0
2014-03-06,80026361856,0.0,2758.0,75.0,0.0,0.0,39230.0,0.0,0.0,75.0,25.0,0.0,0.0,0.0,0.0,0.0
2014-03-07,80026361856,0.0,2758.0,75.0,0.0,0.0,39254.0,0.0,0.0,75.0,26.0,0.0,0.0,0.0,0.0,0.0
2014-03-08,80026361856,0.0,2758.0,75.0,0.0,0.0,39278.0,0.0,0.0,75.0,25.0,0.0,0.0,0.0,0.0,0.0
2014-03-09,80026361856,0.0,2758.0,75.0,0.0,0.0,39301.0,0.0,0.0,75.0,25.0,0.0,0.0,0.0,0.0,0.0
2014-03-10,80026361856,0.0,2758.0,75.0,0.0,0.0,39325.0,0.0,0.0,75.0,25.0,0.0,0.0,0.0,0.0,0.0
2014-03-11,80026361856,0.0,2758.0,75.0,0.0,0.0,39348.0,0.0,0.0,75.0,25.0,0.0,0.0,0.0,0.0,0.0
2014-03-12,80026361856,0.0,2758.0,75.0,0.0,0.0,39370.0,0.0,0.0,75.0,25.0,0.0,0.0,0.0,0.0,0.0
2014-03-13,80026361856,0.0,2766.0,77.0,0.0,0.0,39391.0,0.0,0.0,77.0,23.0,0.0,0.0,0.0,0.0,0.0
2014-03-14,80026361856,0.0,2766.0,77.0,0.0,0.0,39415.0,0.0,0.0,77.0,23.0,0.0,0.0,0.0,0.0,0.0
2014-03-15,80026361856,0.0,2766.0,77.0,0.0,0.0,39439.0,0.0,0.0,77.0,23.0,0.0,0.0,0.0,0.0,0.0
2014-03-16,80026361856,0.0,2766.0,77.0,0.0,0.0,39463.0,0.0,0.0,77.0,23.0,0.0,0.0,0.0,0.0,0.0
2014-03-17,80026361856,0.0,2766.0,77.0,0.0,0.0,39487.0,0.0,0.0,77.0,22.0,0.0,0.0,0.0,0.0,0.0
2014-03-18,80026361856,0.0,2766.0,77.0,0.0,0.0,39511.0,0.0,0.0,77.0,23.0,0.0,0.0,0.0,0.0,0.0
2014-03-19,80026361856,0.0,2766.0,77.0,0.0,0.0,39535.0,0.0,0.0,77.0,23.0,0.0,0.0,0.0,0.0,0.0
2014-03-20,80026361856,0.0,2766.0,77.0,0.0,0.0,39559.0,0.0,0.0,77.0,23.0,0.0,0.0,0.0,0.0,0.0
2014-03-21,80026361856,0.0,2766.0,77.0,0.0,0.0,39583.0,0.0,0.0,77.0,23.0,0.0,0.0,0.0,0.0,0.0
2014-03-22,80026361856,0.0,2766.0,77.0,0.0,0.0,39607.0,0.0,0.0,77.0,23.0,0.0,0.0,0.0,0.0,0.0
2014-03-23,80026361856,0.0,2766.0,77.0,0.0,0.0,39631.0,0.0,0.0,77.0,23.0,0.0,0.0,0.0,0.0,0.0
2014-03-24,80026361856,0.0,2766.0,77.0,0.0,0.0,39655.0,0.0,0.0,77.0,23.0,0.0,0.0,0.0,0.0,0.0
2014-03-25,80026361856,0.0,2766.0,77.0,0.0,0.0,39678.0,0.0,0.0,77.0,23.0,0.0,0.0,0.0,0.0,0.0
2014-03-26,80026361856,0.0,2766.0,77.0,0.0,0.0,39703.0,0.0,0.0,77.0,23.0,0.0,0.0,0.0,0.0,0.0
2014-03-27,80026361856,0.0,2766.0,77.0,0.0,0.0,39727.0,0.0,0.0,77.0,23.0,0.0,0.0,0.0,0.0,0.0
2014-03-28,80026361856,0.0,2766.0,77.0,0.0,0.0,39750.0,0.0,0.0,77.0,23.0,0.0,0.0,0.0,0.0,0.0
2014-03-29,80026361856,0.0,2766.0,77.0,0.0,0.0,39775.0,0.0,0.0,77.0,23.0,0.0,0.0,0.0,0.0,0.0
2014-03-30,80026361856,0.0,2766.0,77.0,0.0,0.0,39799.0,0.0,0.0,77.0,23.0,0.0,0.0,0.0,0.0,0.0
2014-03-31,80026361856,0.0,2766.0,77.0,0.0,0.0,39822.0,0.0,0.0,77.0,23.0,0.0,0.0,0.0,0.0,0.0
2014-04-01,80026361856,0.0,2766.0,77.0,0.0,0.0,39847.0,0.0,0.0,77.0,23.0,0.0,0.0,0.0,0.0,0.0
2014-04-02,80026361856,0.0,2766.0,77.0,0.0,0.0,39871.0,0.0,0.0,77.0,23.0,0.0,0.0,0.0,0.0,0.0
2014-04-03,80026361856,0.0,2766.0,77.0,0.0,0.0,39894.0,0.0,0.0,77.0,23.0,0.0,0.0,0.0,0.0,0.0
2014-04-04,80026361856,0.0,2766.0,77.0,0.0,0.0,39919.0,0.0,0.0,77.0,23.0,0.0,0.0,0.0,0.0,0.0
2014-04-05,80026361856,0.0,2766.0,77.0,0.0,0.0,39943.0,0.0,0.0,77.0,23.0,0.0,0.0,0.0,0.0,0.0
2014-04-06,80026361856,0.0,2766.0,77.0,0.0,0.0,39966.0,0.0,0.0,77.0,23.0,0.0,0.0,0.0,0.0,0.0
2014-04-07,80026361856,0.0,2766.0,77.0,0.0,0.0,39990.0,0.0,0.0,77.0,23.0,0.0,0.0,0.0,0.0,0.0
2014-04-08,80026361856,0.0,2766.0,77.0,0.0,0.0,40015.0,0.0,0.0,77.0,23.0,0.0,0.0,0.0,0.0,0.0
2014-04-09,80026361856,0.0,2766.0,77.0,0.0,0.0,40038.0,0.0,0.0,77.0,23.0,0.0,0.0,0.0,0.0,0.0
2014-04-10,80026361856,0.0,2766.0,77.0,0.0,0.0,40062.0,0.0,0.0,77.0,23.0,0.0,0.0,0.0,0.0,0.0
2014-04-11,80026361856,0.0,2766.0,77.0,0.0,0.0,40087.0,0.0,0.0,77.0,23.0,0.0,0.0,0.0,0.0,0.0
2014-04-12,80026361856,0.0,2766.0,77.0,0.0,0.0,40110.0,0.0,0.0,77.0,23.0,0.0,0.0,0.0,0.0,0.0
2014-04-13,80026361856,0.0,2766.0,77.0,0.0,0.0,40134.0,0.0,0.0,77.0,23.0,0.0,0.0,0.0,0.0,0.0
2014-04-14,80026361856,0.0,2766.0,77.0,0.0,0.0,40159.0,0.0,0.0,77.0,23.0,0.0,0.0,0.0,0.0,0.0
2014-04-15,80026361856,0.0,2766.0,77.0,0.0,0.0,40182.0,0.0,0.0,77.0,23.0,0.0,0.0,0.0,0.0,0.0
2014-04-16,80026361856,0.0,2766.0,77.0,0.0,0.0,40206.0,0.0,0.0,77.0,24.0,0.0,0.0,0.0,0.0,0.0
2014-04-17,80026361856,0.0,2766.0,77.0,0.0,0.0,40231.0,0.0,0.0,77.0,23.0,0.0,0.0,0.0,0.0,0.0
2014-04-18,80026361856,0.0,2766.0,77.0,0.0,0.0,40254.0,0.0,0.0,77.0,23.0,0.0,0.0,0.0,0.0,0.0
2014-04-19,80026361856,0.0,2766.0,77.0,0.0,0.0,40278.0,0.0,0.0,77.0,23.0,0.0,0.0,0.0,0.0,0.0
2014-04-20,80026361856,0.0,2766.0,77.0,0.0,0.0,40302.0,0.0,0.0,77.0,23.0,0.0,0.0,0.0,0.0,0.0
2014-04-21,80026361856,0.0,2766.0,77.0,0.0,0.0,40327.0,0.0,0.0,77.0,23.0,0.0,0.0,0.0,0.0,0.0
2014-04-22,80026361856,0.0,2766.0,77.0,0.0,0.0,40350.0,0.0,0.0,77.0,23.0,0.0,0.0,0.0,0.0,0.0
2014-04-23,80026361856,0.0,2766.0,77.0,0.0,0.0,40375.0,0.0,0.0,77.0,23.0,0.0,0.0,0.0,0.0,0.0
2014-04-24,80026361856,0.0,2766.0,77.0,0.0,0.0,40399.0,0.0,0.0,77.0,23.0,0.0,0.0,0.0,0.0,0.0
2014-04-25,80026361856,0.0,2766.0,77.0,0.0,0.0,40422.0,0.0,0.0,77.0,23.0,0.0,0.0,0.0,0.0,0.0
2014-04-26,80026361856,0.0,2766.0,77.0,0.0,0.0,40446.0,0.0,0.0,77.0,23.0,0.0,0.0,0.0,0.0,0.0
2014-04-27,80026361856,0.0,2766.0,77.0,0.0,0.0,40471.0,0.0,0.0,77.0,23.0,0.0,0.0,0.0,0.0,0.0
2014-04-28,80026361856,0.0,2766.0,77.0,0.0,0.0,40494.0,0.0,0.0,77.0,23.0,0.0,0.0,0.0,0.0,0.0
2014-04-29,80026361856,0.0,2766.0,77.0,0.0,0.0,40518.0,0.0,0.0,77.0,23.0,0.0,0.0,0.0,0.0,0.0
2014-04-30,80026361856,0.0,2766.0,77.0,0.0,0.0,40543.0,0.0,0.0,77.0,23.0,0.0,0.0,0.0,0.0,0.0
2014-05-01,80026361856,0.0,2766.0,77.0,0.0,0.0,40566.0,0.0,0.0,77.0,23.0,0.0,0.0,0.0,0.0,0.0
2014-05-02,80026361856,0.0,2766.0,77.0,0.0,0.0,40590.0,0.0,0.0,77.0,23.0,0.0,0.0,0.0,0.0,0.0
2014-05-03,80026361856,0.0,2766.0,77.0,0.0,0.0,40614.0,0.0,0.0,77.0,23.0,0.0,0.0,0.0,0.0,0.0
2014-05-04,80026361856,0.0,2766.0,77.0,0.0,0.0,40638.0,0.0,0.0,77.0,23.0,0.0,0.0,0.0,0.0,0.0
2014-05-05,80026361856,0.0,2766.0,77.0,0.0,0.0,40662.0,0.0,0.0,77.0,23.0,0.0,0.0,0.0,0.0,0.0
2014-05-06,80026361856,0.0,2766.0,77.0,0.0,0.0,40686.0,0.0,0.0,77.0,22.0,0.0,0.0,0.0,0.0,0.0
2014-05-07,80026361856,0.0,2766.0,77.0,0.0,0.0,40710.0,0.0,0.0,77.0,21.0,0.0,0.0,0.0,0.0,0.0
2014-05-08,80026361856,0.0,2766.0,77.0,0.0,0.0,40734.0,0.0,0.0,77.0,22.0,0.0,0.0,0.0,0.0,0.0
2014-05-09,80026361856,0.0,2766.0,77.0,0.0,0.0,40758.0,0.0,0.0,77.0,23.0,0.0,0.0,0.0,0.0,0.0
2014-05-10,80026361856,0.0,2766.0,77.0,0.0,0.0,40782.0,0.0,0.0,77.0,23.0,0.0,0.0,0.0,0.0,0.0
2014-05-11,80026361856,0.0,2766.0,77.0,0.0,0.0,40806.0,0.0,0.0,77.0,23.0,0.0,0.0,0.0,0.0,0.0
2014-05-12,80026361856,0.0,2766.0,77.0,0.0,0.0,40830.0,0.0,0.0,77.0,21.0,0.0,0.0,0.0,0.0,0.0
2014-05-13,80026361856,0.0,2766.0,77.0,0.0,0.0,40854.0,0.0,0.0,77.0,23.0,0.0,0.0,0.0,0.0,0.0
2014-05-14,80026361856,0.0,2766.0,77.0,0.0,0.0,40878.0,0.0,0.0,77.0,23.0,0.0,0.0,0.0,0.0,0.0
2014-05-15,80026361856,0.0,2766.0,77.0,0.0,0.0,40902.0,0.0,0.0,77.0,23.0,0.0,0.0,0.0,0.0,0.0
2014-05-16,80026361856,0.0,2766.0,77.0,0.0,0.0,40926.0,0.0,0.0,77.0,23.0,0.0,0.0,0.0,0.0,0.0
2014-05-17,80026361856,0.0,2766.0,77.0,0.0,0.0,40950.0,0.0,0.0,77.0,23.0,0.0,0.0,0.0,0.0,0.0
2014-05-18,80026361856,0.0,2766.0,77.0,0.0,0.0,40974.0,0.0,0.0,77.0,23.0,0.0,0.0,0.0,0.0,0.0
2014-05-19,80026361856,0.0,2766.0,77.0,0.0,0.0,40998.0,0.0,0.0,77.0,21.0,0.0,0.0,0.0,0.0,0.0
2014-05-20,80026361856,0.0,2766.0,79.0,0.0,0.0,41017.0,0.0,0.0,79.0,27.0,0.0,0.0,0.0,0.0,0.0
2014-05-21,80026361856,0.0,2766.0,79.0,0.0,0.0,41041.0,0.0,0.0,79.0,27.0,0.0,0.0,0.0,0.0,0.0
2014-05-22,80026361856,0.0,2766.0,79.0,0.0,0.0,41065.0,0.0,0.0,79.0,27.0,0.0,0.0,0.0,0.0,0.0
2014-05-23,80026361856,0.0,2766.0,79.0,0.0,0.0,41089.0,0.0,0.0,79.0,27.0,0.0,0.0,0.0,0.0,0.0
2014-05-24,80026361856,0.0,2766.0,79.0,0.0,0.0,41113.0,0.0,0.0,79.0,27.0,0.0,0.0,0.0,0.0,0.0
2014-05-25,80026361856,0.0,2766.0,79.0,0.0,0.0,41137.0,0.0,0.0,79.0,27.0,0.0,0.0,0.0,0.0,0.0
2014-05-26,80026361856,0.0,2766.0,79.0,0.0,0.0,41161.0,0.0,0.0,79.0,27.0,0.0,0.0,0.0,0.0,0.0
2014-05-27,80026361856,0.0,2766.0,79.0,0.0,0.0,41184.0,0.0,0.0,79.0,27.0,0.0,0.0,0.0,0.0,0.0
2014-05-28,80026361856,0.0,2766.0,79.0,0.0,0.0,41209.0,0.0,0.0,79.0,27.0,0.0,0.0,0.0,0.0,0.0
2014-05-29,80026361856,0.0,2766.0,79.0,0.0,0.0,41233.0,0.0,0.0,79.0,27.0,0.0,0.0,0.0,0.0,0.0
2014-05-30,80026361856,0.0,2766.0,79.0,0.0,0.0,41256.0,0.0,0.0,79.0,27.0,0.0,0.0,0.0,0.0,0.0
2014-05-31,80026361856,0.0,2766.0,79.0,0.0,0.0,41281.0,0.0,0.0,79.0,25.0,0.0,0.0,0.0,0.0,0.0
2014-06-01,80026361856,0.0,2766.0,79.0,0.0,0.0,41305.0,0.0,0.0,79.0,27.0,0.0,0.0,0.0,0.0,0.0
2014-06-02,80026361856,0.0,2766.0,79.0,0.0,0.0,41328.0,0.0,0.0,79.0,27.0,0.0,0.0,0.0,0.0,0.0
2014-06-03,80026361856,0.0,2766.0,79.0,0.0,0.0,41353.0,0.0,0.0,79.0,27.0,0.0,0.0,0.0,0.0,0.0
2014-06-04,80026361856,0.0,2766.0,79.0,0.0,0.0,41377.0,0.0,0.0,79.0,27.0,0.0,0.0,0.0,0.0,0.0
2014-06-05,80026361856,0.0,2766.0,79.0,0.0,0.0,41400.0,0.0,0.0,79.0,27.0,0.0,0.0,0.0,0.0,0.0
2014-06-06,80026361856,0.0,2766.0,79.0,0.0,0.0,41424.0,0.0,0.0,79.0,27.0,0.0,0.0,0.0,0.0,0.0
2014-06-07,80026361856,0.0,2766.0,79.0,0.0,0.0,41449.0,0.0,0.0,79.0,29.0,0.0,0.0,0.0,0.0,0.0
2014-06-08,80026361856,0.0,2766.0,79.0,0.0,0.0,41472.0,0.0,0.0,79.0,29.0,0.0,0.0,0.0,0.0,0.0
2014-06-09,80026361856,0.0,2766.0,79.0,0.0,0.0,41496.0,0.0,0.0,79.0,29.0,0.0,0.0,0.0,0.0,0.0
2014-06-10,80026361856,0.0,2766.0,79.0,0.0,0.0,41521.0,0.0,0.0,79.0,29.0,0.0,0.0,0.0,0.0,0.0
2014-06-11,80026361856,0.0,2766.0,79.0,0.0,0.0,41544.0,0.0,0.0,79.0,29.0,0.0,0.0,0.0,0.0,0.0
2014-06-12,80026361856,0.0,2766.0,79.0,0.0,0.0,41568.0,0.0,0.0,79.0,27.0,0.0,0.0,0.0,0.0,0.0
2014-06-13,80026361856,0.0,2766.0,79.0,0.0,0.0,41593.0,0.0,0.0,79.0,29.0,0.0,0.0,0.0,0.0,0.0
2014-06-14,80026361856,0.0,2766.0,79.0,0.0,0.0,41616.0,0.0,0.0,79.0,29.0,0.0,0.0,0.0,0.0,0.0
2014-06-15,80026361856,0.0,2766.0,79.0,0.0,0.0,41640.0,0.0,0.0,79.0,29.0,0.0,0.0,0.0,0.0,0.0
2014-06-16,80026361856,0.0,2766.0,79.0,0.0,0.0,41665.0,0.0,0.0,79.0,27.0,0.0,0.0,0.0,0.0,0.0
2014-06-17,80026361856,0.0,2766.0,79.0,0.0,0.0,41688.0,0.0,0.0,79.0,29.0,0.0,0.0,0.0,0.0,0.0
2014-06-18,80026361856,0.0,2766.0,79.0,0.0,0.0,41712.0,0.0,0.0,79.0,27.0,0.0,0.0,0.0,0.0,0.0
2014-06-19,80026361856,0.0,2766.0,79.0,0.0,0.0,41736.0,0.0,0.0,79.0,27.0,0.0,0.0,0.0,0.0,0.0
2014-06-23,80026361856,0.0,2766.0,79.0,0.0,0.0,41832.0,0.0,0.0,79.0,29.0,0.0,0.0,0.0,0.0,0.0
2014-06-24,80026361856,0.0,2766.0,79.0,0.0,0.0,41856.0,0.0,0.0,79.0,29.0,0.0,0.0,0.0,0.0,0.0
2014-06-25,80026361856,0.0,2766.0,79.0,0.0,0.0,41880.0,0.0,0.0,79.0,27.0,0.0,0.0,0.0,0.0,0.0
2014-06-26,80026361856,0.0,2766.0,79.0,0.0,0.0,41904.0,0.0,0.0,79.0,27.0,0.0,0.0,0.0,0.0,0.0
2014-06-27,80026361856,0.0,2766.0,79.0,0.0,0.0,41928.0,0.0,0.0,79.0,27.0,0.0,0.0,0.0,0.0,0.0
2014-06-28,80026361856,0.0,2766.0,79.0,0.0,0.0,41952.0,0.0,0.0,79.0,27.0,0.0,0.0,0.0,0.0,0.0
2014-06-29,80026361856,0.0,2766.0,79.0,0.0,0.0,41976.0,0.0,0.0,79.0,27.0,0.0,0.0,0.0,0.0,0.0
2014-06-30,80026361856,0.0,2766.0,79.0,0.0,0.0,42000.0,0.0,0.0,79.0,27.0,0.0,0.0,0.0,0.0,0.0
2014-07-01,80026361856,0.0,2766.0,79.0,0.0,0.0,42024.0,0.0,0.0,79.0,29.0,0.0,0.0,0.0,0.0,0.0
2014-07-02,80026361856,0.0,2766.0,79.0,0.0,0.0,42048.0,0.0,0.0,79.0,27.0,0.0,0.0,0.0,0.0,0.0
2014-07-03,80026361856,0.0,2766.0,79.0,0.0,0.0,42072.0,0.0,0.0,79.0,27.0,0.0,0.0,0.0,0.0,0.0
2014-07-04,80026361856,0.0,2766.0,79.0,0.0,0.0,42096.0,0.0,0.0,79.0,27.0,0.0,0.0,0.0,0.0,0.0
2014-07-05,80026361856,0.0,2766.0,79.0,0.0,0.0,42120.0,0.0,0.0,79.0,27.0,0.0,0.0,0.0,0.0,0.0
2014-07-06,80026361856,0.0,2766.0,79.0,0.0,0.0,42144.0,0.0,0.0,79.0,27.0,0.0,0.0,0.0,0.0,0.0
2014-07-07,80026361856,0.0,2766.0,79.0,0.0,0.0,42168.0,0.0,0.0,79.0,27.0,0.0,0.0,0.0,0.0,0.0
2014-07-08,80026361856,0.0,2766.0,79.0,0.0,0.0,42192.0,0.0,0.0,79.0,29.0,0.0,0.0,0.0,0.0,0.0
2014-07-09,80026361856,0.0,2766.0,79.0,0.0,0.0,42216.0,0.0,0.0,79.0,27.0,0.0,0.0,0.0,0.0,0.0
2014-07-10,80026361856,0.0,2766.0,79.0,0.0,0.0,42240.0,0.0,0.0,79.0,27.0,0.0,0.0,0.0,0.0,0.0
2014-07-11,80026361856,0.0,2766.0,79.0,0.0,0.0,42264.0,0.0,0.0,79.0,27.0,0.0,0.0,0.0,0.0,0.0
2014-07-12,80026361856,0.0,2766.0,79.0,0.0,0.0,42288.0,0.0,0.0,79.0,27.0,0.0,0.0,0.0,0.0,0.0
2014-07-13,80026361856,0.0,2766.0,79.0,0.0,0.0,42312.0,0.0,0.0,79.0,27.0,0.0,0.0,0.0,0.0,0.0
2014-07-14,80026361856,0.0,2766.0,79.0,0.0,0.0,42336.0,0.0,0.0,79.0,27.0,0.0,0.0,0.0,0.0,0.0
2014-07-15,80026361856,0.0,2766.0,79.0,0.0,0.0,42360.0,0.0,0.0,79.0,29.0,0.0,0.0,0.0,0.0,0.0
2014-07-16,80026361856,0.0,2766.0,79.0,0.0,0.0,42384.0,0.0,0.0,79.0,27.0,0.0,0.0,0.0,0.0,0.0
2014-07-17,80026361856,0.0,2766.0,79.0,0.0,0.0,42408.0,0.0,0.0,79.0,25.0,0.0,0.0,0.0,0.0,0.0
2014-07-18,80026361856,0.0,2766.0,79.0,0.0,0.0,42431.0,0.0,0.0,79.0,25.0,0.0,0.0,0.0,0.0,0.0
2014-07-19,80026361856,0.0,2766.0,79.0,0.0,0.0,42456.0,0.0,0.0,79.0,29.0,0.0,0.0,0.0,0.0,0.0
2014-07-20,80026361856,0.0,2766.0,79.0,0.0,0.0,42480.0,0.0,0.0,79.0,29.0,0.0,0.0,0.0,0.0,0.0
2014-07-21,80026361856,0.0,2766.0,79.0,0.0,0.0,42503.0,0.0,0.0,79.0,29.0,0.0,0.0,0.0,0.0,0.0
2014-07-22,80026361856,0.0,2766.0,79.0,0.0,0.0,42528.0,0.0,0.0,79.0,29.0,0.0,0.0,0.0,0.0,0.0
2014-07-23,80026361856,0.0,2766.0,79.0,0.0,0.0,42552.0,0.0,0.0,79.0,29.0,0.0,0.0,0.0,0.0,0.0
2014-07-24,80026361856,0.0,2766.0,79.0,0.0,0.0,42575.0,0.0,0.0,79.0,29.0,0.0,0.0,0.0,0.0,0.0
2014-07-25,80026361856,0.0,2766.0,79.0,0.0,0.0,42600.0,0.0,0.0,79.0,29.0,0.0,0.0,0.0,0.0,0.0
2014-07-26,80026361856,0.0,2766.0,79.0,0.0,0.0,42624.0,0.0,0.0,79.0,29.0,0.0,0.0,0.0,0.0,0.0
2014-07-27,80026361856,0.0,2766.0,79.0,0.0,0.0,42647.0,0.0,0.0,79.0,29.0,0.0,0.0,0.0,0.0,0.0
2014-07-28,80026361856,0.0,2766.0,79.0,0.0,0.0,42672.0,0.0,0.0,79.0,29.0,0.0,0.0,0.0,0.0,0.0
2014-07-29,80026361856,0.0,2766.0,79.0,0.0,0.0,42696.0,0.0,0.0,79.0,31.0,0.0,0.0,0.0,0.0,0.0
2014-07-30,80026361856,0.0,2766.0,79.0,0.0,0.0,42719.0,0.0,0.0,79.0,29.0,0.0,0.0,0.0,0.0,0.0
2014-07-31,80026361856,0.0,2766.0,79.0,0.0,0.0,42743.0,0.0,0.0,79.0,29.0,0.0,0.0,0.0,0.0,0.0
2014-08-01,80026361856,0.0,2766.0,79.0,0.0,0.0,42768.0,0.0,0.0,79.0,29.0,0.0,0.0,0.0,0.0,0.0
2014-08-02,80026361856,0.0,2766.0,79.0,0.0,0.0,42791.0,0.0,0.0,79.0,29.0,0.0,0.0,0.0,0.0,0.0
2014-08-03,80026361856,0.0,2766.0,79.0,0.0,0.0,42815.0,0.0,0.0,79.0,29.0,0.0,0.0,0.0,0.0,0.0
2014-08-04,80026361856,0.0,2766.0,79.0,0.0,0.0,42840.0,0.0,0.0,79.0,29.0,0.0,0.0,0.0,0.0,0.0
2014-08-05,80026361856,0.0,2766.0,79.0,0.0,0.0,42863.0,0.0,0.0,79.0,29.0,0.0,0.0,0.0,0.0,0.0
2014-08-06,80026361856,0.0,2766.0,79.0,0.0,0.0,42887.0,0.0,0.0,79.0,29.0,0.0,0.0,0.0,0.0,0.0
2014-08-07,80026361856,0.0,2766.0,79.0,0.0,0.0,42912.0,0.0,0.0,79.0,29.0,0.0,0.0,0.0,0.0,0.0
2014-08-08,80026361856,0.0,2766.0,79.0,0.0,0.0,42935.0,0.0,0.0,79.0,29.0,0.0,0.0,0.0,0.0,0.0
2014-08-09,80026361856,0.0,2766.0,79.0,0.0,0.0,42959.0,0.0,0.0,79.0,29.0,0.0,0.0,0.0,0.0,0.0
2014-08-10,80026361856,0.0,2766.0,79.0,0.0,0.0,42983.0,0.0,0.0,79.0,31.0,0.0,0.0,0.0,0.0,0.0
2014-08-11,80026361856,0.0,2766.0,79.0,0.0,0.0,43007.0,0.0,0.0,79.0,31.0,0.0,0.0,0.0,0.0,0.0
2014-08-12,80026361856,0.0,2766.0,79.0,0.0,0.0,43031.0,0.0,0.0,79.0,31.0,0.0,0.0,0.0,0.0,0.0
2014-08-13,80026361856,0.0,2766.0,79.0,0.0,0.0,43055.0,0.0,0.0,79.0,29.0,0.0,0.0,0.0,0.0,0.0
2014-08-14,80026361856,0.0,2766.0,79.0,0.0,0.0,43079.0,0.0,0.0,79.0,29.0,0.0,0.0,0.0,0.0,0.0
2014-08-15,80026361856,0.0,2766.0,79.0,0.0,0.0,43103.0,0.0,0.0,79.0,29.0,0.0,0.0,0.0,0.0,0.0
2014-08-16,80026361856,0.0,2766.0,79.0,0.0,0.0,43127.0,0.0,0.0,79.0,29.0,0.0,0.0,0.0,0.0,0.0
2014-08-17,80026361856,0.0,2766.0,79.0,0.0,0.0,43151.0,0.0,0.0,79.0,29.0,0.0,0.0,0.0,0.0,0.0
2014-08-18,80026361856,0.0,2766.0,79.0,0.0,0.0,43175.0,0.0,0.0,79.0,29.0,0.0,0.0,0.0,0.0,0.0
2014-08-19,80026361856,0.0,2766.0,79.0,0.0,0.0,43199.0,0.0,0.0,79.0,29.0,0.0,0.0,0.0,0.0,0.0
2014-08-20,80026361856,0.0,2766.0,79.0,0.0,0.0,43223.0,0.0,0.0,79.0,29.0,0.0,0.0,0.0,0.0,0.0
2014-08-21,80026361856,0.0,2766.0,79.0,0.0,0.0,43247.0,0.0,0.0,79.0,29.0,0.0,0.0,0.0,0.0,0.0
2014-08-22,80026361856,0.0,2766.0,79.0,0.0,0.0,43271.0,0.0,0.0,79.0,29.0,0.0,0.0,0.0,0.0,0.0
2014-08-23,80026361856,0.0,2766.0,79.0,0.0,0.0,43295.0,0.0,0.0,79.0,31.0,0.0,0.0,0.0,0.0,0.0
2014-08-24,80026361856,0.0,2766.0,79.0,0.0,0.0,43319.0,0.0,0.0,79.0,31.0,0.0,0.0,0.0,0.0,0.0
2014-08-25,80026361856,0.0,2766.0,79.0,0.0,0.0,43343.0,0.0,0.0,79.0,29.0,0.0,0.0,0.0,0.0,0.0
2014-08-26,80026361856,0.0,2766.0,79.0,0.0,0.0,43367.0,0.0,0.0,79.0,30.0,0.0,0.0,0.0,0.0,0.0
2014-08-27,80026361856,0.0,2766.0,79.0,0.0,0.0,43391.0,0.0,0.0,79.0,29.0,0.0,0.0,0.0,0.0,0.0
2014-08-28,80026361856,0.0,2766.0,79.0,0.0,0.0,43415.0,0.0,0.0,79.0,29.0,0.0,0.0,0.0,0.0,0.0
2014-08-29,80026361856,0.0,2766.0,79.0,0.0,0.0,43439.0,0.0,0.0,79.0,29.0,0.0,0.0,0.0,0.0,0.0
2014-08-30,80026361856,0.0,2766.0,79.0,0.0,0.0,43463.0,0.0,0.0,79.0,29.0,0.0,0.0,0.0,0.0,0.0
2014-08-31,80026361856,0.0,2766.0,79.0,0.0,0.0,43487.0,0.0,0.0,79.0,29.0,0.0,0.0,0.0,0.0,0.0
2014-09-01,80026361856,0.0,2766.0,79.0,0.0,0.0,43511.0,0.0,0.0,79.0,29.0,0.0,0.0,0.0,0.0,0.0
2014-09-02,80026361856,0.0,2766.0,79.0,0.0,0.0,43535.0,0.0,0.0,79.0,29.0,0.0,0.0,0.0,0.0,0.0
2014-09-03,80026361856,0.0,2766.0,79.0,0.0,0.0,43559.0,0.0,0.0,79.0,29.0,0.0,0.0,0.0,0.0,0.0
2014-09-04,80026361856,0.0,2766.0,79.0,0.0,0.0,43583.0,0.0,0.0,79.0,29.0,0.0,0.0,0.0,0.0,0.0
2014-09-05,80026361856,0.0,2766.0,79.0,0.0,0.0,43607.0,0.0,0.0,79.0,29.0,0.0,0.0,0.0,0.0,0.0
2014-09-06,80026361856,0.0,2766.0,79.0,0.0,0.0,43630.0,0.0,0.0,79.0,29.0,0.0,0.0,0.0,0.0,0.0
2014-09-07,80026361856,0.0,2766.0,79.0,0.0,0.0,43655.0,0.0,0.0,79.0,29.0,0.0,0.0,0.0,0.0,0.0
2014-09-08,80026361856,0.0,2766.0,79.0,0.0,0.0,43679.0,0.0,0.0,79.0,29.0,0.0,0.0,0.0,0.0,0.0
2014-09-09,80026361856,0.0,2766.0,79.0,0.0,0.0,43702.0,0.0,0.0,79.0,29.0,0.0,0.0,0.0,0.0,0.0
2014-09-10,80026361856,0.0,2766.0,79.0,0.0,0.0,43727.0,0.0,0.0,79.0,29.0,0.0,0.0,0.0,0.0,0.0
2014-09-11,80026361856,0.0,2766.0,79.0,0.0,0.0,43751.0,0.0,0.0,79.0,29.0,0.0,0.0,0.0,0.0,0.0
2014-09-12,80026361856,0.0,2766.0,79.0,0.0,0.0,43774.0,0.0,0.0,79.0,29.0,0.0,0.0,0.0,0.0,0.0
2014-09-13,80026361856,0.0,2766.0,79.0,0.0,0.0,43799.0,0.0,0.0,79.0,31.0,0.0,0.0,0.0,0.0,0.0
2014-09-14,80026361856,0.0,2766.0,79.0,0.0,0.0,43823.0,0.0,0.0,79.0,31.0,0.0,0.0,0.0,0.0,0.0
2014-09-15,80026361856,0.0,2766.0,79.0,0.0,0.0,43846.0,0.0,0.0,79.0,31.0,0.0,0.0,0.0,0.0,0.0
2014-09-16,80026361856,0.0,2766.0,79.0,0.0,0.0,43871.0,0.0,0.0,79.0,34.0,0.0,0.0,0.0,0.0,0.0
2014-09-17,80026361856,0.0,2766.0,79.0,0.0,0.0,43895.0,0.0,0.0,79.0,31.0,0.0,0.0,0.0,0.0,0.0
2014-09-18,80026361856,0.0,2766.0,79.0,0.0,0.0,43918.0,0.0,0.0,79.0,31.0,0.0,0.0,0.0,0.0,0.0
2014-09-19,80026361856,0.0,2766.0,79.0,0.0,0.0,43942.0,0.0,0.0,79.0,31.0,0.0,0.0,0.0,0.0,0.0
2014-09-20,80026361856,0.0,2766.0,79.0,0.0,0.0,43967.0,0.0,0.0,79.0,31.0,0.0,0.0,0.0,0.0,0.0
2014-09-21,80026361856,0.0,2766.0,79.0,0.0,0.0,43990.0,0.0,0.0,79.0,31.0,0.0,0.0,0.0,0.0,0.0
2014-09-22,80026361856,0.0,2766.0,79.0,0.0,0.0,44014.0,0.0,0.0,79.0,31.0,0.0,0.0,0.0,0.0,0.0
2014-09-23,80026361856,0.0,2766.0,79.0,0.0,0.0,44039.0,0.0,0.0,79.0,34.0,0.0,0.0,0.0,0.0,0.0
2014-09-24,80026361856,0.0,2766.0,79.0,0.0,0.0,44062.0,0.0,0.0,79.0,27.0,0.0,0.0,0.0,0.0,0.0
2014-09-25,80026361856,0.0,2766.0,79.0,0.0,0.0,44086.0,0.0,0.0,79.0,29.0,0.0,0.0,0.0,0.0,0.0
2014-09-26,80026361856,0.0,2766.0,79.0,0.0,0.0,44111.0,0.0,0.0,79.0,29.0,0.0,0.0,0.0,0.0,0.0
2014-09-27,80026361856,0.0,2766.0,79.0,0.0,0.0,44134.0,0.0,0.0,79.0,29.0,0.0,0.0,0.0,0.0,0.0
2014-09-28,80026361856,0.0,2766.0,79.0,0.0,0.0,44158.0,0.0,0.0,79.0,29.0,0.0,0.0,0.0,0.0,0.0
2014-09-29,80026361856,0.0,2766.0,79.0,0.0,0.0,44183.0,0.0,0.0,79.0,29.0,0.0,0.0,0.0,0.0,0.0
2014-09-30,80026361856,0.0,2766.0,79.0,0.0,0.0,44206.0,0.0,0.0,79.0,29.0,0.0,0.0,0.0,0.0,0.0
2014-10-01,80026361856,0.0,2766.0,79.0,0.0,0.0,44230.0,0.0,0.0,79.0,29.0,0.0,0.0,0.0,0.0,0.0
2014-10-02,80026361856,0.0,2766.0,79.0,0.0,0.0,44254.0,0.0,0.0,79.0,29.0,0.0,0.0,0.0,0.0,0.0
2014-10-03,80026361856,0.0,2766.0,79.0,0.0,0.0,44278.0,0.0,0.0,79.0,29.0,0.0,0.0,0.0,0.0,0.0
2014-10-04,80026361856,0.0,2766.0,79.0,0.0,0.0,44302.0,0.0,0.0,79.0,28.0,0.0,0.0,0.0,0.0,0.0
2014-10-05,80026361856,0.0,2766.0,79.0,0.0,0.0,44326.0,0.0,0.0,79.0,28.0,0.0,0.0,0.0,0.0,0.0
2014-10-06,80026361856,0.0,2766.0,79.0,0.0,0.0,44350.0,0.0,0.0,79.0,28.0,0.0,0.0,0.0,0.0,0.0
2014-10-07,80026361856,0.0,2766.0,79.0,0.0,0.0,44374.0,0.0,0.0,79.0,29.0,0.0,0.0,0.0,0.0,0.0
2014-10-08,80026361856,0.0,2766.0,79.0,0.0,0.0,44398.0,0.0,0.0,79.0,29.0,0.0,0.0,0.0,0.0,0.0
2014-10-09,80026361856,0.0,2766.0,79.0,0.0,0.0,44422.0,0.0,0.0,79.0,27.0,0.0,0.0,0.0,0.0,0.0
2014-10-10,80026361856,0.0,2766.0,79.0,0.0,0.0,44446.0,0.0,0.0,79.0,29.0,0.0,0.0,0.0,0.0,0.0
2014-10-11,80026361856,0.0,2766.0,79.0,0.0,0.0,44470.0,0.0,0.0,79.0,27.0,0.0,0.0,0.0,0.0,0.0
2014-10-12,80026361856,0.0,2766.0,79.0,0.0,0.0,44494.0,0.0,0.0,79.0,28.0,0.0,0.0,0.0,0.0,0.0
2014-10-13,80026361856,0.0,2766.0,79.0,0.0,0.0,44518.0,0.0,0.0,79.0,29.0,0.0,0.0,0.0,0.0,0.0
2014-10-14,80026361856,0.0,2766.0,79.0,0.0,0.0,44542.0,0.0,0.0,79.0,29.0,0.0,0.0,0.0,0.0,0.0
2014-10-15,80026361856,0.0,2766.0,79.0,0.0,0.0,44566.0,0.0,0.0,79.0,29.0,0.0,0.0,0.0,0.0,0.0
2014-10-16,80026361856,0.0,2766.0,79.0,0.0,0.0,44590.0,0.0,0.0,79.0,27.0,0.0,0.0,0.0,0.0,0.0
2014-10-17,80026361856,0.0,2766.0,79.0,0.0,0.0,44614.0,0.0,0.0,79.0,27.0,0.0,0.0,0.0,0.0,0.0
2014-10-18,80026361856,0.0,2766.0,79.0,0.0,0.0,44638.0,0.0,0.0,79.0,28.0,0.0,0.0,0.0,0.0,0.0
2014-10-19,80026361856,0.0,2766.0,79.0,0.0,0.0,44662.0,0.0,0.0,79.0,28.0,0.0,0.0,0.0,0.0,0.0
2014-10-20,80026361856,0.0,2766.0,79.0,0.0,0.0,44686.0,0.0,0.0,79.0,29.0,0.0,0.0,0.0,0.0,0.0
2014-10-21,80026361856,0.0,2766.0,79.0,0.0,0.0,44710.0,0.0,0.0,79.0,29.0,0.0,0.0,0.0,0.0,0.0
2014-10-22,80026361856,0.0,2766.0,79.0,0.0,0.0,44734.0,0.0,0.0,79.0,29.0,0.0,0.0,0.0,0.0,0.0
2014-10-23,80026361856,0.0,2766.0,79.0,0.0,0.0,44758.0,0.0,0.0,79.0,29.0,0.0,0.0,0.0,0.0,0.0
2014-10-24,80026361856,0.0,2766.0,79.0,0.0,0.0,44782.0,0.0,0.0,79.0,32.0,0.0,0.0,0.0,0.0,0.0
2014-10-25,80026361856,0.0,2766.0,79.0,0.0,0.0,44806.0,0.0,0.0,79.0,28.0,0.0,0.0,0.0,0.0,0.0
2014-10-26,80026361856,0.0,2766.0,79.0,0.0,0.0,44830.0,0.0,0.0,79.0,28.0,0.0,0.0,0.0,0.0,0.0
2014-10-27,80026361856,0.0,2766.0,79.0,0.0,0.0,44854.0,0.0,0.0,79.0,28.0,0.0,0.0,0.0,0.0,0.0
2014-10-28,80026361856,0.0,2766.0,79.0,0.0,0.0,44878.0,0.0,0.0,79.0,29.0,0.0,0.0,0.0,0.0,0.0
2014-10-29,80026361856,0.0,2766.0,79.0,0.0,0.0,44902.0,0.0,0.0,79.0,29.0,0.0,0.0,0.0,0.0,0.0
2014-10-30,80026361856,0.0,2766.0,79.0,0.0,0.0,44926.0,0.0,0.0,79.0,29.0,0.0,0.0,0.0,0.0,0.0
2014-10-31,80026361856,0.0,2766.0,79.0,0.0,0.0,44950.0,0.0,0.0,79.0,29.0,0.0,0.0,0.0,0.0,0.0
2014-11-01,80026361856,0.0,2766.0,79.0,0.0,0.0,44974.0,0.0,0.0,79.0,29.0,0.0,0.0,0.0,0.0,0.0
2014-11-03,80026361856,0.0,2766.0,79.0,0.0,0.0,45022.0,0.0,0.0,79.0,29.0,0.0,0.0,0.0,0.0,0.0
2014-11-04,80026361856,0.0,2766.0,79.0,0.0,0.0,45047.0,0.0,0.0,79.0,29.0,0.0,0.0,0.0,0.0,0.0
2014-11-05,80026361856,0.0,2766.0,79.0,0.0,0.0,45071.0,0.0,0.0,79.0,27.0,0.0,0.0,0.0,0.0,0.0
2014-11-06,80026361856,0.0,2766.0,79.0,0.0,0.0,45095.0,0.0,0.0,79.0,27.0,0.0,0.0,0.0,0.0,0.0
2014-11-07,80026361856,0.0,2766.0,79.0,0.0,0.0,45119.0,0.0,0.0,79.0,29.0,0.0,0.0,0.0,0.0,0.0
2014-11-08,80026361856,0.0,2766.0,79.0,0.0,0.0,45143.0,0.0,0.0,79.0,29.0,0.0,0.0,0.0,0.0,0.0
2014-11-09,80026361856,0.0,2766.0,79.0,0.0,0.0,45166.0,0.0,0.0,79.0,27.0,0.0,0.0,0.0,0.0,0.0
2014-11-10,80026361856,0.0,2766.0,79.0,0.0,0.0,45190.0,0.0,0.0,79.0,28.0,0.0,0.0,0.0,0.0,0.0
2014-11-11,80026361856,0.0,2766.0,79.0,0.0,0.0,45215.0,0.0,0.0,79.0,29.0,0.0,0.0,0.0,0.0,0.0
2014-11-12,80026361856,0.0,2766.0,79.0,0.0,0.0,45238.0,0.0,0.0,79.0,29.0,0.0,0.0,0.0,0.0,0.0
2014-11-13,80026361856,0.0,2766.0,79.0,0.0,0.0,45263.0,0.0,0.0,79.0,29.0,0.0,0.0,0.0,0.0,0.0
2014-11-14,80026361856,0.0,2766.0,79.0,0.0,0.0,45287.0,0.0,0.0,79.0,29.0,0.0,0.0,0.0,0.0,0.0
2014-11-15,80026361856,0.0,2766.0,79.0,0.0,0.0,45310.0,0.0,0.0,79.0,29.0,0.0,0.0,0.0,0.0,0.0
2014-11-16,80026361856,0.0,2766.0,79.0,0.0,0.0,45334.0,0.0,0.0,79.0,29.0,0.0,0.0,0.0,0.0,0.0
2014-11-17,80026361856,0.0,2766.0,79.0,0.0,0.0,45359.0,0.0,0.0,79.0,29.0,0.0,0.0,0.0,0.0,0.0
2014-11-18,80026361856,0.0,2766.0,79.0,0.0,0.0,45382.0,0.0,0.0,79.0,29.0,0.0,0.0,0.0,0.0,0.0
2014-11-19,80026361856,0.0,2766.0,79.0,0.0,0.0,45406.0,0.0,0.0,79.0,29.0,0.0,0.0,0.0,0.0,0.0
2014-11-20,80026361856,0.0,2766.0,79.0,0.0,0.0,45431.0,0.0,0.0,79.0,29.0,0.0,0.0,0.0,0.0,0.0
2014-11-21,80026361856,0.0,2766.0,79.0,0.0,0.0,45455.0,0.0,0.0,79.0,29.0,0.0,0.0,0.0,0.0,0.0
2014-11-22,80026361856,0.0,2766.0,79.0,0.0,0.0,45478.0,0.0,0.0,79.0,29.0,0.0,0.0,0.0,0.0,0.0
2014-11-23,80026361856,0.0,2766.0,79.0,0.0,0.0,45502.0,0.0,0.0,79.0,29.0,0.0,0.0,0.0,0.0,0.0
2014-11-24,80026361856,0.0,2766.0,79.0,0.0,0.0,45527.0,0.0,0.0,79.0,29.0,0.0,0.0,0.0,0.0,0.0
2014-11-25,80026361856,0.0,2766.0,79.0,0.0,0.0,45550.0,0.0,0.0,79.0,29.0,0.0,0.0,0.0,0.0,0.0
2014-11-26,80026361856,0.0,2766.0,79.0,0.0,0.0,45574.0,0.0,0.0,79.0,29.0,0.0,0.0,0.0,0.0,0.0
2014-11-27,80026361856,0.0,2766.0,79.0,0.0,0.0,45599.0,0.0,0.0,79.0,29.0,0.0,0.0,0.0,0.0,0.0
2014-11-28,80026361856,0.0,2766.0,79.0,0.0,0.0,45622.0,0.0,0.0,79.0,29.0,0.0,0.0,0.0,0.0,0.0
2014-11-29,80026361856,0.0,2766.0,79.0,0.0,0.0,45646.0,0.0,0.0,79.0,29.0,0.0,0.0,0.0,0.0,0.0
2014-11-30,80026361856,0.0,2766.0,79.0,0.0,0.0,45671.0,0.0,0.0,79.0,29.0,0.0,0.0,0.0,0.0,0.0
2014-12-01,80026361856,0.0,2766.0,79.0,0.0,0.0,45694.0,0.0,0.0,79.0,29.0,0.0,0.0,0.0,0.0,0.0
2014-12-02,80026361856,0.0,2766.0,79.0,0.0,0.0,45718.0,0.0,0.0,79.0,29.0,0.0,0.0,0.0,0.0,0.0
2014-12-03,80026361856,0.0,2766.0,79.0,0.0,0.0,45743.0,0.0,0.0,79.0,29.0,0.0,0.0,0.0,0.0,0.0
2014-12-04,80026361856,0.0,2766.0,79.0,0.0,0.0,45766.0,0.0,0.0,79.0,29.0,0.0,0.0,0.0,0.0,0.0
2014-12-05,80026361856,0.0,2766.0,79.0,0.0,0.0,45790.0,0.0,0.0,79.0,29.0,0.0,0.0,0.0,0.0,0.0
2014-12-06,80026361856,0.0,2766.0,79.0,0.0,0.0,45815.0,0.0,0.0,79.0,29.0,0.0,0.0,0.0,0.0,0.0
2014-12-07,80026361856,0.0,2766.0,79.0,0.0,0.0,45838.0,0.0,0.0,79.0,29.0,0.0,0.0,0.0,0.0,0.0
2014-12-08,80026361856,0.0,2766.0,79.0,0.0,0.0,45862.0,0.0,0.0,79.0,29.0,0.0,0.0,0.0,0.0,0.0
2014-12-09,80026361856,0.0,2766.0,79.0,0.0,0.0,45886.0,0.0,0.0,79.0,29.0,0.0,0.0,0.0,0.0,0.0
2014-12-10,80026361856,0.0,2766.0,79.0,0.0,0.0,45910.0,0.0,0.0,79.0,29.0,0.0,0.0,0.0,0.0,0.0
2014-12-11,80026361856,0.0,2766.0,79.0,0.0,0.0,45934.0,0.0,0.0,79.0,29.0,0.0,0.0,0.0,0.0,0.0
2014-12-12,80026361856,0.0,2766.0,79.0,0.0,0.0,45958.0,0.0,0.0,79.0,29.0,0.0,0.0,0.0,0.0,0.0
2014-12-13,80026361856,0.0,2766.0,79.0,0.0,0.0,45982.0,0.0,0.0,79.0,29.0,0.0,0.0,0.0,0.0,0.0
2014-12-14,80026361856,0.0,2766.0,79.0,0.0,0.0,46006.0,0.0,0.0,79.0,29.0,0.0,0.0,0.0,0.0,0.0
2014-12-15,80026361856,0.0,2766.0,79.0,0.0,0.0,46030.0,0.0,0.0,79.0,29.0,0.0,0.0,0.0,0.0,0.0
2014-12-16,80026361856,0.0,2766.0,79.0,0.0,0.0,46054.0,0.0,0.0,79.0,29.0,0.0,0.0,0.0,0.0,0.0
2014-12-17,80026361856,0.0,2766.0,79.0,0.0,0.0,46078.0,0.0,0.0,79.0,29.0,0.0,0.0,0.0,0.0,0.0
2014-12-18,80026361856,0.0,2766.0,79.0,0.0,0.0,46102.0,0.0,0.0,79.0,29.0,0.0,0.0,0.0,0.0,0.0
2014-12-19,80026361856,0.0,2766.0,79.0,0.0,0.0,46126.0,0.0,0.0,79.0,29.0,0.0,0.0,0.0,0.0,0.0
2014-12-20,80026361856,0.0,2758.0,80.0,0.0,0.0,46150.0,0.0,0.0,80.0,29.0,0.0,0.0,0.0,0.0,0.0
2014-12-21,80026361856,0.0,2758.0,80.0,0.0,0.0,46174.0,0.0,0.0,80.0,29.0,0.0,0.0,0.0,0.0,0.0
2014-12-22,80026361856,0.0,2758.0,80.0,0.0,0.0,46198.0,0.0,0.0,80.0,29.0,0.0,0.0,0.0,0.0,0.0
2014-12-23,80026361856,0.0,2758.0,80.0,0.0,0.0,46221.0,0.0,0.0,80.0,31.0,0.0,0.0,0.0,0.0,0.0
2014-12-24,80026361856,0.0,2758.0,80.0,0.0,0.0,46246.0,0.0,0.0,80.0,29.0,0.0,0.0,0.0,0.0,0.0
2014-12-25,80026361856,0.0,2758.0,80.0,0.0,0.0,46270.0,0.0,0.0,80.0,29.0,0.0,0.0,0.0,0.0,0.0
2014-12-26,80026361856,0.0,2758.0,80.0,0.0,0.0,46293.0,0.0,0.0,80.0,29.0,0.0,0.0,0.0,0.0,0.0
2014-12-27,80026361856,0.0,2758.0,80.0,0.0,0.0,46318.0,0.0,0.0,80.0,29.0,0.0,0.0,0.0,0.0,0.0
2014-12-28,80026361856,0.0,2758.0,80.0,0.0,0.0,46342.0,0.0,0.0,80.0,29.0,0.0,0.0,0.0,0.0,0.0
2014-12-29,80026361856,0.0,2758.0,80.0,0.0,0.0,46365.0,0.0,0.0,80.0,29.0,0.0,0.0,0.0,0.0,0.0
2014-12-30,80026361856,0.0,2758.0,80.0,0.0,0.0,46390.0,0.0,0.0,80.0,30.0,0.0,0.0,0.0,0.0,0.0
2014-12-31,80026361856,0.0,2758.0,80.0,0.0,0.0,46414.0,0.0,0.0,80.0,29.0,0.0,0.0,0.0,0.0,0.0
2015-01-01,80026361856,0.0,2758.0,80.0,0.0,0.0,46438.0,0.0,0.0,80.0,29.0,0.0,0.0,0.0,0.0,0.0
2015-01-02,80026361856,0.0,2758.0,80.0,0.0,0.0,46461.0,0.0,0.0,80.0,29.0,0.0,0.0,0.0,0.0,0.0
2015-01-03,80026361856,0.0,2758.0,80.0,0.0,0.0,46486.0,0.0,0.0,80.0,31.0,0.0,0.0,0.0,0.0,0.0
2015-01-04,80026361856,0.0,2758.0,80.0,0.0,0.0,46510.0,0.0,0.0,80.0,29.0,0.0,0.0,0.0,0.0,0.0
2015-01-05,80026361856,0.0,2758.0,80.0,0.0,0.0,46533.0,0.0,0.0,80.0,30.0,0.0,0.0,0.0,0.0,0.0
2015-01-06,80026361856,0.0,2758.0,80.0,0.0,0.0,46558.0,0.0,0.0,80.0,31.0,0.0,0.0,0.0,0.0,0.0
2015-01-07,80026361856,0.0,2758.0,80.0,0.0,0.0,46582.0,0.0,0.0,80.0,29.0,0.0,0.0,0.0,0.0,0.0
2015-01-08,80026361856,0.0,2758.0,80.0,0.0,0.0,46605.0,0.0,0.0,80.0,29.0,0.0,0.0,0.0,0.0,0.0
2015-01-09,80026361856,0.0,2758.0,80.0,0.0,0.0,46630.0,0.0,0.0,80.0,29.0,0.0,0.0,0.0,0.0,0.0
2015-01-10,80026361856,0.0,2758.0,80.0,0.0,0.0,46654.0,0.0,0.0,80.0,29.0,0.0,0.0,0.0,0.0,0.0
2015-01-11,80026361856,0.0,2758.0,80.0,0.0,0.0,46677.0,0.0,0.0,80.0,29.0,0.0,0.0,0.0,0.0,0.0
2015-01-12,80026361856,0.0,2758.0,80.0,0.0,0.0,46702.0,0.0,0.0,80.0,29.0,0.0,0.0,0.0,0.0,0.0
2015-01-13,80026361856,0.0,2758.0,80.0,0.0,0.0,46726.0,0.0,0.0,80.0,31.0,0.0,0.0,0.0,0.0,0.0
2015-01-14,80026361856,0.0,2758.0,80.0,0.0,0.0,46749.0,0.0,0.0,80.0,31.0,0.0,0.0,0.0,0.0,0.0
2015-01-15,80026361856,0.0,2758.0,80.0,0.0,0.0,46773.0,0.0,0.0,80.0,31.0,0.0,0.0,0.0,0.0,0.0
2015-01-16,80026361856,0.0,2758.0,80.0,0.0,0.0,46798.0,0.0,0.0,80.0,31.0,0.0,0.0,0.0,0.0,0.0
2015-01-17,80026361856,0.0,2758.0,80.0,0.0,0.0,46821.0,0.0,0.0,80.0,31.0,0.0,0.0,0.0,0.0,0.0
2015-01-18,80026361856,0.0,2758.0,80.0,0.0,0.0,46845.0,0.0,0.0,80.0,31.0,0.0,0.0,0.0,0.0,0.0
2015-01-19,80026361856,0.0,2758.0,80.0,0.0,0.0,46870.0,0.0,0.0,80.0,30.0,0.0,0.0,0.0,0.0,0.0
2015-01-20,80026361856,0.0,2758.0,80.0,0.0,0.0,46893.0,0.0,0.0,80.0,31.0,0.0,0.0,0.0,0.0,0.0
2015-01-21,80026361856,0.0,2758.0,80.0,0.0,0.0,46917.0,0.0,0.0,80.0,30.0,0.0,0.0,0.0,0.0,0.0
2015-01-22,80026361856,0.0,2758.0,80.0,0.0,0.0,46942.0,0.0,0.0,80.0,31.0,0.0,0.0,0.0,0.0,0.0
2015-01-23,80026361856,0.0,2758.0,80.0,0.0,0.0,46965.0,0.0,0.0,80.0,31.0,0.0,0.0,0.0,0.0,0.0
2015-01-24,80026361856,0.0,2758.0,80.0,0.0,0.0,46989.0,0.0,0.0,80.0,31.0,0.0,0.0,0.0,0.0,0.0
2015-01-25,80026361856,0.0,2758.0,80.0,0.0,0.0,47013.0,0.0,0.0,80.0,31.0,0.0,0.0,0.0,0.0,0.0
2015-01-26,80026361856,0.0,2758.0,80.0,0.0,0.0,47037.0,0.0,0.0,80.0,31.0,0.0,0.0,0.0,0.0,0.0
2015-01-27,80026361856,0.0,2758.0,80.0,0.0,0.0,47061.0,0.0,0.0,80.0,31.0,0.0,0.0,0.0,0.0,0.0
2015-01-28,80026361856,0.0,2758.0,80.0,0.0,0.0,47085.0,0.0,0.0,80.0,30.0,0.0,0.0,0.0,0.0,0.0
2015-01-29,80026361856,0.0,2758.0,80.0,0.0,0.0,47109.0,0.0,0.0,80.0,31.0,0.0,0.0,0.0,0.0,0.0
2015-01-30,80026361856,0.0,2758.0,80.0,0.0,0.0,47133.0,0.0,0.0,80.0,31.0,0.0,0.0,0.0,0.0,0.0
2015-01-31,80026361856,0.0,2758.0,80.0,0.0,0.0,47157.0,0.0,0.0,80.0,31.0,0.0,0.0,0.0,0.0,0.0
2015-02-01,80026361856,0.0,2758.0,80.0,0.0,0.0,47181.0,0.0,0.0,80.0,31.0,0.0,0.0,0.0,0.0,0.0
2015-02-02,80026361856,0.0,2758.0,80.0,0.0,0.0,47205.0,0.0,0.0,80.0,31.0,0.0,0.0,0.0,0.0,0.0
2015-02-03,80026361856,0.0,2758.0,80.0,0.0,0.0,47229.0,0.0,0.0,80.0,31.0,0.0,0.0,0.0,0.0,0.0
2015-02-04,80026361856,0.0,2758.0,80.0,0.0,0.0,47253.0,0.0,0.0,80.0,31.0,0.0,0.0,0.0,0.0,0.0
2015-02-05,80026361856,0.0,2758.0,80.0,0.0,0.0,47277.0,0.0,0.0,80.0,31.0,0.0,0.0,0.0,0.0,0.0
2015-02-06,80026361856,0.0,2758.0,80.0,0.0,0.0,47301.0,0.0,0.0,80.0,31.0,0.0,0.0,0.0,0.0,0.0
2015-02-07,80026361856,0.0,2758.0,80.0,0.0,0.0,47325.0,0.0,0.0,80.0,31.0,0.0,0.0,0.0,0.0,0.0
2015-02-08,80026361856,0.0,2758.0,80.0,0.0,0.0,47349.0,0.0,0.0,80.0,31.0,0.0,0.0,0.0,0.0,0.0
2015-02-09,80026361856,0.0,2758.0,80.0,0.0,0.0,47373.0,0.0,0.0,80.0,31.0,0.0,0.0,0.0,0.0,0.0
2015-02-10,80026361856,0.0,2758.0,80.0,0.0,0.0,47397.0,0.0,0.0,80.0,31.0,0.0,0.0,0.0,0.0,0.0
2015-02-11,80026361856,0.0,2758.0,80.0,0.0,0.0,47421.0,0.0,0.0,80.0,31.0,0.0,0.0,0.0,0.0,0.0
2015-02-12,80026361856,0.0,2758.0,80.0,0.0,0.0,47445.0,0.0,0.0,80.0,31.0,0.0,0.0,0.0,0.0,0.0
2015-02-13,80026361856,0.0,2758.0,80.0,0.0,0.0,47469.0,0.0,0.0,80.0,31.0,0.0,0.0,0.0,0.0,0.0
2015-02-14,80026361856,0.0,2758.0,80.0,0.0,0.0,47493.0,0.0,0.0,80.0,31.0,0.0,0.0,0.0,0.0,0.0
2015-02-15,80026361856,0.0,2758.0,80.0,0.0,0.0,47517.0,0.0,0.0,80.0,31.0,0.0,0.0,0.0,0.0,0.0
2015-02-16,80026361856,0.0,2758.0,80.0,0.0,0.0,47541.0,0.0,0.0,80.0,31.0,0.0,0.0,0.0,0.0,0.0
2015-02-17,80026361856,0.0,2758.0,80.0,0.0,0.0,47565.0,0.0,0.0,80.0,31.0,0.0,0.0,0.0,0.0,0.0
2015-02-18,80026361856,0.0,2758.0,80.0,0.0,0.0,47589.0,0.0,0.0,80.0,31.0,0.0,0.0,0.0,0.0,0.0
2015-02-19,80026361856,0.0,2758.0,80.0,0.0,0.0,47613.0,0.0,0.0,80.0,31.0,0.0,0.0,0.0,0.0,0.0
2015-02-20,80026361856,0.0,2758.0,80.0,0.0,0.0,47637.0,0.0,0.0,80.0,31.0,0.0,0.0,0.0,0.0,0.0
2015-02-21,80026361856,0.0,2758.0,80.0,0.0,0.0,47661.0,0.0,0.0,80.0,31.0,0.0,0.0,0.0,0.0,0.0
2015-02-22,80026361856,0.0,2758.0,80.0,0.0,0.0,47685.0,0.0,0.0,80.0,31.0,0.0,0.0,0.0,0.0,0.0
2015-02-23,80026361856,0.0,2758.0,80.0,0.0,0.0,47709.0,0.0,0.0,80.0,31.0,0.0,0.0,0.0,0.0,0.0
2015-02-24,80026361856,0.0,2758.0,80.0,0.0,0.0,47733.0,0.0,0.0,80.0,31.0,0.0,0.0,0.0,0.0,0.0
2015-02-25,80026361856,0.0,2758.0,80.0,0.0,0.0,47757.0,0.0,0.0,80.0,31.0,0.0,0.0,0.0,0.0,0.0
2015-02-26,80026361856,0.0,2758.0,80.0,0.0,0.0,47781.0,0.0,0.0,80.0,31.0,0.0,0.0,0.0,0.0,0.0
2015-02-27,80026361856,0.0,2758.0,80.0,0.0,0.0,47804.0,0.0,0.0,80.0,31.0,0.0,0.0,0.0,0.0,0.0
2015-02-28,80026361856,0.0,2758.0,80.0,0.0,0.0,47829.0,0.0,0.0,80.0,31.0,0.0,0.0,0.0,0.0,0.0
2015-03-01,80026361856,0.0,2758.0,80.0,0.0,0.0,47853.0,0.0,0.0,80.0,31.0,0.0,0.0,0.0,0.0,0.0
2015-03-02,80026361856,0.0,2758.0,80.0,0.0,0.0,47876.0,0.0,0.0,80.0,31.0,0.0,0.0,0.0,0.0,0.0
2015-03-03,80026361856,0.0,2758.0,80.0,0.0,0.0,47901.0,0.0,0.0,80.0,31.0,0.0,0.0,0.0,0.0,0.0
2015-03-04,80026361856,0.0,2758.0,80.0,0.0,0.0,47925.0,0.0,0.0,80.0,31.0,0.0,0.0,0.0,0.0,0.0
2015-03-05,80026361856,0.0,2758.0,80.0,0.0,0.0,47948.0,0.0,0.0,80.0,31.0,0.0,0.0,0.0,0.0,0.0
2015-03-06,80026361856,0.0,2758.0,80.0,0.0,0.0,47973.0,0.0,0.0,80.0,31.0,0.0,0.0,0.0,0.0,0.0
2015-03-07,80026361856,0.0,2758.0,80.0,0.0,0.0,47997.0,0.0,0.0,80.0,31.0,0.0,0.0,0.0,0.0,0.0
2015-03-08,80026361856,0.0,2758.0,80.0,0.0,0.0,48020.0,0.0,0.0,80.0,31.0,0.0,0.0,0.0,0.0,0.0
2015-03-09,80026361856,0.0,2758.0,80.0,0.0,0.0,48044.0,0.0,0.0,80.0,31.0,0.0,0.0,0.0,0.0,0.0
2015-03-10,80026361856,0.0,2758.0,80.0,0.0,0.0,48067.0,0.0,0.0,80.0,31.0,0.0,0.0,0.0,0.0,0.0
2015-03-11,80026361856,0.0,2758.0,80.0,0.0,0.0,48092.0,0.0,0.0,80.0,31.0,0.0,0.0,0.0,0.0,0.0
2015-03-12,80026361856,0.0,2758.0,80.0,0.0,0.0,48115.0,0.0,0.0,80.0,31.0,0.0,0.0,0.0,0.0,0.0
2015-03-13,80026361856,0.0,2758.0,80.0,0.0,0.0,48139.0,0.0,0.0,80.0,31.0,0.0,0.0,0.0,0.0,0.0
2015-03-14,80026361856,0.0,2758.0,80.0,0.0,0.0,48164.0,0.0,0.0,80.0,31.0,0.0,0.0,0.0,0.0,0.0
2015-03-15,80026361856,0.0,2758.0,80.0,0.0,0.0,48187.0,0.0,0.0,80.0,31.0,0.0,0.0,0.0,0.0,0.0
2015-03-16,80026361856,0.0,2758.0,80.0,0.0,0.0,48211.0,0.0,0.0,80.0,31.0,0.0,0.0,0.0,0.0,0.0
2015-03-17,80026361856,0.0,2758.0,80.0,0.0,0.0,48236.0,0.0,0.0,80.0,31.0,0.0,0.0,0.0,0.0,0.0
2015-03-18,80026361856,0.0,2758.0,80.0,0.0,0.0,48259.0,0.0,0.0,80.0,31.0,0.0,0.0,0.0,0.0,0.0
2015-03-19,80026361856,0.0,2758.0,80.0,0.0,0.0,48283.0,0.0,0.0,80.0,31.0,0.0,0.0,0.0,0.0,0.0
2015-03-20,80026361856,0.0,2758.0,80.0,0.0,0.0,48308.0,0.0,0.0,80.0,29.0,0.0,0.0,0.0,0.0,0.0
2015-03-21,80026361856,0.0,2758.0,80.0,0.0,0.0,48331.0,0.0,0.0,80.0,29.0,0.0,0.0,0.0,0.0,0.0
2015-03-22,80026361856,0.0,2758.0,80.0,0.0,0.0,48355.0,0.0,0.0,80.0,29.0,0.0,0.0,0.0,0.0,0.0
2015-03-23,80026361856,0.0,2758.0,80.0,0.0,0.0,48379.0,0.0,0.0,80.0,29.0,0.0,0.0,0.0,0.0,0.0
2015-03-24,80026361856,0.0,2758.0,80.0,0.0,0.0,48403.0,0.0,0.0,80.0,29.0,0.0,0.0,0.0,0.0,0.0
2015-03-25,80026361856,0.0,2758.0,80.0,0.0,0.0,48427.0,0.0,0.0,80.0,29.0,0.0,0.0,0.0,0.0,0.0
2015-03-26,80026361856,0.0,2758.0,80.0,0.0,0.0,48451.0,0.0,0.0,80.0,29.0,0.0,0.0,0.0,0.0,0.0
2015-03-27,80026361856,0.0,2758.0,80.0,0.0,0.0,48475.0,0.0,0.0,80.0,29.0,0.0,0.0,0.0,0.0,0.0
2015-03-28,80026361856,0.0,2758.0,80.0,0.0,0.0,48499.0,0.0,0.0,80.0,29.0,0.0,0.0,0.0,0.0,0.0
2015-03-29,80026361856,0.0,2758.0,80.0,0.0,0.0,48523.0,0.0,0.0,80.0,29.0,0.0,0.0,0.0,0.0,0.0
2015-03-30,80026361856,0.0,2758.0,80.0,0.0,0.0,48547.0,0.0,0.0,80.0,29.0,0.0,0.0,0.0,0.0,0.0
2015-03-31,80026361856,0.0,2758.0,80.0,0.0,0.0,48571.0,0.0,0.0,80.0,29.0,0.0,0.0,0.0,0.0,0.0
2015-04-01,80026361856,0.0,2758.0,80.0,0.0,0.0,48595.0,0.0,0.0,80.0,29.0,0.0,0.0,0.0,0.0,0.0
2015-04-02,80026361856,0.0,2758.0,80.0,0.0,0.0,48619.0,0.0,0.0,80.0,29.0,0.0,0.0,0.0,0.0,0.0
2015-04-03,80026361856,0.0,2758.0,80.0,0.0,0.0,48643.0,0.0,0.0,80.0,29.0,0.0,0.0,0.0,0.0,0.0
2015-04-04,80026361856,0.0,2758.0,80.0,0.0,0.0,48667.0,0.0,0.0,80.0,29.0,0.0,0.0,0.0,0.0,0.0
2015-04-05,80026361856,0.0,2758.0,80.0,0.0,0.0,48691.0,0.0,0.0,80.0,29.0,0.0,0.0,0.0,0.0,0.0
2015-04-06,80026361856,0.0,2758.0,80.0,0.0,0.0,48715.0,0.0,0.0,80.0,29.0,0.0,0.0,0.0,0.0,0.0
2015-04-07,80026361856,0.0,2758.0,80.0,0.0,0.0,48739.0,0.0,0.0,80.0,29.0,0.0,0.0,0.0,0.0,0.0
2015-04-08,80026361856,0.0,2758.0,80.0,0.0,0.0,48763.0,0.0,0.0,80.0,29.0,0.0,0.0,0.0,0.0,0.0
2015-04-09,80026361856,0.0,2758.0,80.0,0.0,0.0,48787.0,0.0,0.0,80.0,29.0,0.0,0.0,0.0,0.0,0.0
2015-04-10,80026361856,0.0,2758.0,80.0,0.0,0.0,48811.0,0.0,0.0,80.0,29.0,0.0,0.0,0.0,0.0,0.0
2015-04-11,80026361856,0.0,2758.0,80.0,0.0,0.0,48835.0,0.0,0.0,80.0,29.0,0.0,0.0,0.0,0.0,0.0
2015-04-12,80026361856,0.0,2758.0,80.0,0.0,0.0,48859.0,0.0,0.0,80.0,29.0,0.0,0.0,0.0,0.0,0.0
2015-04-13,80026361856,0.0,2758.0,80.0,0.0,0.0,48883.0,0.0,0.0,80.0,29.0,0.0,0.0,0.0,0.0,0.0
2015-04-14,80026361856,0.0,2758.0,80.0,0.0,0.0,48907.0,0.0,0.0,80.0,29.0,0.0,0.0,0.0,0.0,0.0
2015-04-15,80026361856,0.0,2758.0,80.0,0.0,0.0,48931.0,0.0,0.0,80.0,29.0,0.0,0.0,0.0,0.0,0.0
2015-04-16,80026361856,0.0,2758.0,80.0,0.0,0.0,48955.0,0.0,0.0,80.0,29.0,0.0,0.0,0.0,0.0,0.0
2015-04-17,80026361856,0.0,2758.0,80.0,0.0,0.0,48979.0,0.0,0.0,80.0,29.0,0.0,0.0,0.0,0.0,0.0
2015-04-18,80026361856,0.0,2758.0,80.0,0.0,0.0,49003.0,0.0,0.0,80.0,29.0,0.0,0.0,0.0,0.0,0.0
2015-04-19,80026361856,0.0,2758.0,80.0,0.0,0.0,49027.0,0.0,0.0,80.0,31.0,0.0,0.0,0.0,0.0,0.0
2015-04-20,80026361856,0.0,2758.0,80.0,0.0,0.0,49051.0,0.0,0.0,80.0,31.0,0.0,0.0,0.0,0.0,0.0
2015-04-21,80026361856,0.0,2758.0,80.0,0.0,0.0,49075.0,0.0,0.0,80.0,31.0,0.0,0.0,0.0,0.0,0.0
2015-04-22,80026361856,0.0,2758.0,80.0,0.0,0.0,49098.0,0.0,0.0,80.0,31.0,0.0,0.0,0.0,0.0,0.0
2015-04-23,80026361856,0.0,2758.0,80.0,0.0,0.0,49123.0,0.0,0.0,80.0,31.0,0.0,0.0,0.0,0.0,0.0
2015-04-24,80026361856,0.0,2758.0,80.0,0.0,0.0,49147.0,0.0,0.0,80.0,31.0,0.0,0.0,0.0,0.0,0.0
2015-04-25,80026361856,0.0,2758.0,80.0,0.0,0.0,49170.0,0.0,0.0,80.0,29.0,0.0,0.0,0.0,0.0,0.0
2015-04-26,80026361856,0.0,2758.0,80.0,0.0,0.0,49195.0,0.0,0.0,80.0,31.0,0.0,0.0,0.0,0.0,0.0
2015-04-27,80026361856,0.0,2758.0,80.0,0.0,0.0,49219.0,0.0,0.0,80.0,31.0,0.0,0.0,0.0,0.0,0.0
2015-04-28,80026361856,0.0,2758.0,80.0,0.0,0.0,49242.0,0.0,0.0,80.0,31.0,0.0,0.0,0.0,0.0,0.0
2015-04-29,80026361856,0.0,2758.0,80.0,0.0,0.0,49267.0,0.0,0.0,80.0,31.0,0.0,0.0,0.0,0.0,0.0
2015-04-30,80026361856,0.0,2758.0,80.0,0.0,0.0,49291.0,0.0,0.0,80.0,31.0,0.0,0.0,0.0,0.0,0.0
2015-05-01,80026361856,0.0,2758.0,80.0,0.0,0.0,49314.0,0.0,0.0,80.0,34.0,0.0,0.0,0.0,0.0,0.0
2015-05-02,80026361856,0.0,2758.0,80.0,0.0,0.0,49339.0,0.0,0.0,80.0,31.0,0.0,0.0,0.0,0.0,0.0
2015-05-03,80026361856,0.0,2758.0,80.0,0.0,0.0,49363.0,0.0,0.0,80.0,31.0,0.0,0.0,0.0,0.0,0.0
2015-05-04,80026361856,0.0,2758.0,80.0,0.0,0.0,49386.0,0.0,0.0,80.0,31.0,0.0,0.0,0.0,0.0,0.0
2015-05-05,80026361856,0.0,2758.0,80.0,0.0,0.0,49410.0,0.0,0.0,80.0,32.0,0.0,0.0,0.0,0.0,0.0
2015-05-06,80026361856,0.0,2758.0,80.0,0.0,0.0,49435.0,0.0,0.0,80.0,31.0,0.0,0.0,0.0,0.0,0.0
2015-05-07,80026361856,0.0,2758.0,80.0,0.0,0.0,49458.0,0.0,0.0,80.0,31.0,0.0,0.0,0.0,0.0,0.0
2015-05-08,80026361856,0.0,2758.0,80.0,0.0,0.0,49482.0,0.0,0.0,80.0,34.0,0.0,0.0,0.0,0.0,0.0
2015-05-09,80026361856,0.0,2758.0,80.0,0.0,0.0,49507.0,0.0,0.0,80.0,34.0,0.0,0.0,0.0,0.0,0.0
2015-05-10,80026361856,0.0,2758.0,80.0,0.0,0.0,49531.0,0.0,0.0,80.0,32.0,0.0,0.0,0.0,0.0,0.0
2015-05-11,80026361856,0.0,2758.0,80.0,0.0,0.0,49554.0,0.0,0.0,80.0,33.0,0.0,0.0,0.0,0.0,0.0
2015-05-12,80026361856,0.0,2758.0,80.0,0.0,0.0,49579.0,0.0,0.0,80.0,34.0,0.0,0.0,0.0,0.0,0.0
2015-05-13,80026361856,0.0,2758.0,80.0,0.0,0.0,49603.0,0.0,0.0,80.0,34.0,0.0,0.0,0.0,0.0,0.0
2015-05-14,80026361856,0.0,2758.0,80.0,0.0,0.0,49626.0,0.0,0.0,80.0,31.0,0.0,0.0,0.0,0.0,0.0
2015-05-15,80026361856,0.0,2758.0,80.0,0.0,0.0,49651.0,0.0,0.0,80.0,31.0,0.0,0.0,0.0,0.0,0.0
2015-05-16,80026361856,0.0,2758.0,80.0,0.0,0.0,49675.0,0.0,0.0,80.0,31.0,0.0,0.0,0.0,0.0,0.0
2015-05-17,80026361856,0.0,2758.0,80.0,0.0,0.0,49698.0,0.0,0.0,80.0,31.0,0.0,0.0,0.0,0.0,0.0
2015-05-18,80026361856,0.0,2758.0,80.0,0.0,0.0,49723.0,0.0,0.0,80.0,31.0,0.0,0.0,0.0,0.0,0.0
2015-05-19,80026361856,0.0,2758.0,80.0,0.0,0.0,49747.0,0.0,0.0,80.0,34.0,0.0,0.0,0.0,0.0,0.0
2015-05-20,80026361856,0.0,2758.0,80.0,0.0,0.0,49770.0,0.0,0.0,80.0,31.0,0.0,0.0,0.0,0.0,0.0
2015-05-21,80026361856,0.0,2758.0,80.0,0.0,0.0,49794.0,0.0,0.0,80.0,33.0,0.0,0.0,0.0,0.0,0.0
2015-05-22,80026361856,0.0,2758.0,80.0,0.0,0.0,49818.0,0.0,0.0,80.0,34.0,0.0,0.0,0.0,0.0,0.0
2015-05-23,80026361856,0.0,2758.0,80.0,0.0,0.0,49842.0,0.0,0.0,80.0,34.0,0.0,0.0,0.0,0.0,0.0
2015-05-24,80026361856,0.0,2758.0,80.0,0.0,0.0,49866.0,0.0,0.0,80.0,34.0,0.0,0.0,0.0,0.0,0.0
2015-05-25,80026361856,0.0,2758.0,80.0,0.0,0.0,49890.0,0.0,0.0,80.0,31.0,0.0,0.0,0.0,0.0,0.0
2015-05-26,80026361856,0.0,2758.0,80.0,0.0,0.0,49914.0,0.0,0.0,80.0,32.0,0.0,0.0,0.0,0.0,0.0
2015-05-27,80026361856,0.0,2758.0,80.0,0.0,0.0,49938.0,0.0,0.0,80.0,31.0,0.0,0.0,0.0,0.0,0.0
2015-05-28,80026361856,0.0,2758.0,80.0,0.0,0.0,49962.0,0.0,0.0,80.0,31.0,0.0,0.0,0.0,0.0,0.0
2015-05-29,80026361856,0.0,2758.0,80.0,0.0,0.0,49986.0,0.0,0.0,80.0,31.0,0.0,0.0,0.0,0.0,0.0
2015-05-30,80026361856,0.0,2758.0,80.0,0.0,0.0,50010.0,0.0,0.0,80.0,31.0,0.0,0.0,0.0,0.0,0.0
2015-05-31,80026361856,0.0,2758.0,80.0,0.0,0.0,50034.0,0.0,0.0,80.0,31.0,0.0,0.0,0.0,0.0,0.0
2015-06-01,80026361856,0.0,2758.0,80.0,0.0,0.0,50058.0,0.0,0.0,80.0,31.0,0.0,0.0,0.0,0.0,0.0
2015-06-02,80026361856,0.0,2758.0,80.0,0.0,0.0,50082.0,0.0,0.0,80.0,31.0,0.0,0.0,0.0,0.0,0.0
2015-06-03,80026361856,0.0,2758.0,80.0,0.0,0.0,50106.0,0.0,0.0,80.0,31.0,0.0,0.0,0.0,0.0,0.0
2015-06-04,80026361856,0.0,2758.0,80.0,0.0,0.0,50130.0,0.0,0.0,80.0,31.0,0.0,0.0,0.0,0.0,0.0
2015-06-05,80026361856,0.0,2758.0,80.0,0.0,0.0,50154.0,0.0,0.0,80.0,31.0,0.0,0.0,0.0,0.0,0.0
2015-06-06,80026361856,0.0,2758.0,80.0,0.0,0.0,50178.0,0.0,0.0,80.0,31.0,0.0,0.0,0.0,0.0,0.0
2015-06-07,80026361856,0.0,2758.0,80.0,0.0,0.0,50202.0,0.0,0.0,80.0,31.0,0.0,0.0,0.0,0.0,0.0
2015-06-08,80026361856,0.0,2758.0,80.0,0.0,0.0,50226.0,0.0,0.0,80.0,31.0,0.0,0.0,0.0,0.0,0.0
2015-06-09,80026361856,0.0,2758.0,80.0,0.0,0.0,50250.0,0.0,0.0,80.0,31.0,0.0,0.0,0.0,0.0,0.0
2015-06-10,80026361856,0.0,2758.0,80.0,0.0,0.0,50274.0,0.0,0.0,80.0,29.0,0.0,0.0,0.0,0.0,0.0
2015-06-11,80026361856,0.0,2758.0,80.0,0.0,0.0,50298.0,0.0,0.0,80.0,31.0,0.0,0.0,0.0,0.0,0.0
2015-06-12,80026361856,0.0,2758.0,80.0,0.0,0.0,50322.0,0.0,0.0,80.0,31.0,0.0,0.0,0.0,0.0,0.0
2015-06-13,80026361856,0.0,2758.0,80.0,0.0,0.0,50346.0,0.0,0.0,80.0,31.0,0.0,0.0,0.0,0.0,0.0
2015-06-14,80026361856,0.0,2758.0,80.0,0.0,0.0,50370.0,0.0,0.0,80.0,31.0,0.0,0.0,0.0,0.0,0.0
2015-06-15,80026361856,0.0,2758.0,80.0,0.0,0.0,50394.0,0.0,0.0,80.0,31.0,0.0,0.0,0.0,0.0,0.0
2015-06-16,80026361856,0.0,2758.0,80.0,0.0,0.0,50418.0,0.0,0.0,80.0,31.0,0.0,0.0,0.0,0.0,0.0
2015-06-17,80026361856,0.0,2758.0,80.0,0.0,0.0,50442.0,0.0,0.0,80.0,29.0,0.0,0.0,0.0,0.0,0.0
2015-06-18,80026361856,0.0,2758.0,80.0,0.0,0.0,50466.0,0.0,0.0,80.0,31.0,0.0,0.0,0.0,0.0,0.0
2015-06-19,80026361856,0.0,2758.0,80.0,0.0,0.0,50490.0,0.0,0.0,80.0,31.0,0.0,0.0,0.0,0.0,0.0
2015-06-20,80026361856,0.0,2758.0,80.0,0.0,0.0,50514.0,0.0,0.0,80.0,31.0,0.0,0.0,0.0,0.0,0.0
2015-06-21,80026361856,0.0,2758.0,80.0,0.0,0.0,50537.0,0.0,0.0,80.0,31.0,0.0,0.0,0.0,0.0,0.0
2015-06-22,80026361856,0.0,2758.0,80.0,0.0,0.0,50562.0,0.0,0.0,80.0,31.0,0.0,0.0,0.0,0.0,0.0
2015-06-23,80026361856,0.0,2758.0,80.0,0.0,0.0,50586.0,0.0,0.0,80.0,31.0,0.0,0.0,0.0,0.0,0.0
2015-06-24,80026361856,0.0,2758.0,80.0,0.0,0.0,50610.0,0.0,0.0,80.0,31.0,0.0,0.0,0.0,0.0,0.0
2015-06-25,80026361856,0.0,2758.0,80.0,0.0,0.0,50634.0,0.0,0.0,80.0,31.0,0.0,0.0,0.0,0.0,0.0
2015-06-26,80026361856,0.0,2758.0,80.0,0.0,0.0,50658.0,0.0,0.0,80.0,29.0,0.0,0.0,0.0,0.0,0.0
2015-06-27,80026361856,0.0,2758.0,80.0,0.0,0.0,50681.0,0.0,0.0,80.0,31.0,0.0,0.0,0.0,0.0,0.0
2015-06-28,80026361856,0.0,2758.0,80.0,0.0,0.0,50706.0,0.0,0.0,80.0,31.0,0.0,0.0,0.0,0.0,0.0
2015-06-29,80026361856,0.0,2758.0,80.0,0.0,0.0,50730.0,0.0,0.0,80.0,29.0,0.0,0.0,0.0,0.0,0.0
2015-06-30,80026361856,0.0,2758.0,80.0,0.0,0.0,50753.0,0.0,0.0,80.0,31.0,0.0,0.0,0.0,0.0,0.0
2015-07-01,80026361856,0.0,2758.0,80.0,0.0,0.0,50778.0,0.0,0.0,80.0,29.0,0.0,0.0,0.0,0.0,0.0
2015-07-02,80026361856,0.0,2758.0,80.0,0.0,0.0,50802.0,0.0,0.0,80.0,29.0,0.0,0.0,0.0,0.0,0.0
2015-07-03,80026361856,0.0,2758.0,80.0,0.0,0.0,50825.0,0.0,0.0,80.0,29.0,0.0,0.0,0.0,0.0,0.0
2015-07-04,80026361856,0.0,2758.0,80.0,0.0,0.0,50850.0,0.0,0.0,80.0,29.0,0.0,0.0,0.0,0.0,0.0
2015-07-05,80026361856,0.0,2758.0,80.0,0.0,0.0,50874.0,0.0,0.0,80.0,29.0,0.0,0.0,0.0,0.0,0.0
2015-07-06,80026361856,0.0,2758.0,80.0,0.0,0.0,50897.0,0.0,0.0,80.0,29.0,0.0,0.0,0.0,0.0,0.0
2015-07-07,80026361856,0.0,2758.0,80.0,0.0,0.0,50921.0,0.0,0.0,80.0,31.0,0.0,0.0,0.0,0.0,0.0
2015-07-08,80026361856,0.0,2758.0,80.0,0.0,0.0,50946.0,0.0,0.0,80.0,29.0,0.0,0.0,0.0,0.0,0.0
2015-07-09,80026361856,0.0,2758.0,80.0,0.0,0.0,50969.0,0.0,0.0,80.0,31.0,0.0,0.0,0.0,0.0,0.0
2015-07-10,80026361856,0.0,2758.0,80.0,0.0,0.0,50993.0,0.0,0.0,80.0,31.0,0.0,0.0,0.0,0.0,0.0
2015-07-11,80026361856,0.0,2758.0,80.0,0.0,0.0,51018.0,0.0,0.0,80.0,31.0,0.0,0.0,0.0,0.0,0.0
2015-07-12,80026361856,0.0,2758.0,80.0,0.0,0.0,51041.0,0.0,0.0,80.0,31.0,0.0,0.0,0.0,0.0,0.0
2015-07-13,80026361856,0.0,2758.0,80.0,0.0,0.0,51065.0,0.0,0.0,80.0,31.0,0.0,0.0,0.0,0.0,0.0
2015-07-14,80026361856,0.0,2758.0,80.0,0.0,0.0,51090.0,0.0,0.0,80.0,34.0,0.0,0.0,0.0,0.0,0.0
2015-07-15,80026361856,0.0,2758.0,80.0,0.0,0.0,51113.0,0.0,0.0,80.0,31.0,0.0,0.0,0.0,0.0,0.0
2015-07-16,80026361856,0.0,2758.0,80.0,0.0,0.0,51137.0,0.0,0.0,80.0,29.0,0.0,0.0,0.0,0.0,0.0
2015-07-17,80026361856,0.0,2758.0,80.0,0.0,0.0,51161.0,0.0,0.0,80.0,29.0,0.0,0.0,0.0,0.0,0.0
2015-07-18,80026361856,0.0,2758.0,80.0,0.0,0.0,51185.0,0.0,0.0,80.0,29.0,0.0,0.0,0.0,0.0,0.0
2015-07-19,80026361856,0.0,2758.0,80.0,0.0,0.0,51209.0,0.0,0.0,80.0,29.0,0.0,0.0,0.0,0.0,0.0
2015-07-20,80026361856,0.0,2758.0,80.0,0.0,0.0,51233.0,0.0,0.0,80.0,29.0,0.0,0.0,0.0,0.0,0.0
2015-07-21,80026361856,0.0,2758.0,80.0,0.0,0.0,51257.0,0.0,0.0,80.0,31.0,0.0,0.0,0.0,0.0,0.0
2015-07-22,80026361856,0.0,2758.0,80.0,0.0,0.0,51281.0,0.0,0.0,80.0,31.0,0.0,0.0,0.0,0.0,0.0
2015-07-23,80026361856,0.0,2758.0,80.0,0.0,0.0,51305.0,0.0,0.0,80.0,29.0,0.0,0.0,0.0,0.0,0.0
2015-07-24,80026361856,0.0,2758.0,80.0,0.0,0.0,51329.0,0.0,0.0,80.0,29.0,0.0,0.0,0.0,0.0,0.0
2015-07-25,80026361856,0.0,2758.0,80.0,0.0,0.0,51353.0,0.0,0.0,80.0,32.0,0.0,0.0,0.0,0.0,0.0
2015-07-26,80026361856,0.0,2758.0,80.0,0.0,0.0,51377.0,0.0,0.0,80.0,36.0,0.0,0.0,0.0,0.0,0.0
2015-07-27,80026361856,0.0,2758.0,80.0,0.0,0.0,51401.0,0.0,0.0,80.0,31.0,0.0,0.0,0.0,0.0,0.0
2015-07-28,80026361856,0.0,2758.0,80.0,0.0,0.0,51425.0,0.0,0.0,80.0,31.0,0.0,0.0,0.0,0.0,0.0
2015-07-29,80026361856,0.0,2758.0,80.0,0.0,0.0,51449.0,0.0,0.0,80.0,31.0,0.0,0.0,0.0,0.0,0.0
2015-07-30,80026361856,0.0,2758.0,80.0,0.0,0.0,51473.0,0.0,0.0,80.0,31.0,0.0,0.0,0.0,0.0,0.0
2015-07-31,80026361856,0.0,2758.0,80.0,0.0,0.0,51497.0,0.0,0.0,80.0,31.0,0.0,0.0,0.0,0.0,0.0
2015-08-01,80026361856,0.0,2758.0,80.0,0.0,0.0,51521.0,0.0,0.0,80.0,30.0,0.0,0.0,0.0,0.0,0.0
2015-08-02,80026361856,0.0,2758.0,80.0,0.0,0.0,51545.0,0.0,0.0,80.0,31.0,0.0,0.0,0.0,0.0,0.0
2015-08-03,80026361856,0.0,2758.0,80.0,0.0,0.0,51569.0,0.0,0.0,80.0,38.0,0.0,0.0,0.0,0.0,0.0
2015-08-04,80026361856,0.0,2758.0,80.0,0.0,0.0,51593.0,0.0,0.0,80.0,34.0,0.0,0.0,0.0,0.0,0.0
2015-08-05,80026361856,0.0,2758.0,80.0,0.0,0.0,51617.0,0.0,0.0,80.0,34.0,0.0,0.0,0.0,0.0,0.0
2015-08-06,80026361856,0.0,2758.0,80.0,0.0,0.0,51641.0,0.0,0.0,80.0,31.0,0.0,0.0,0.0,0.0,0.0
2015-08-07,80026361856,0.0,2758.0,80.0,0.0,0.0,51665.0,0.0,0.0,80.0,35.0,0.0,0.0,0.0,0.0,0.0
2015-08-08,80026361856,0.0,2758.0,80.0,0.0,0.0,51689.0,0.0,0.0,80.0,31.0,0.0,0.0,0.0,0.0,0.0
2015-08-09,80026361856,0.0,2758.0,80.0,0.0,0.0,51713.0,0.0,0.0,80.0,31.0,0.0,0.0,0.0,0.0,0.0
2015-08-10,80026361856,0.0,2758.0,80.0,0.0,0.0,51737.0,0.0,0.0,80.0,31.0,0.0,0.0,0.0,0.0,0.0
2015-08-11,80026361856,0.0,2758.0,80.0,0.0,0.0,51761.0,0.0,0.0,80.0,31.0,0.0,0.0,0.0,0.0,0.0
2015-08-12,80026361856,0.0,2758.0,80.0,0.0,0.0,51784.0,0.0,0.0,80.0,36.0,0.0,0.0,0.0,0.0,0.0
2015-08-13,80026361856,0.0,2758.0,80.0,0.0,0.0,51809.0,0.0,0.0,80.0,32.0,0.0,0.0,0.0,0.0,0.0
2015-08-14,80026361856,0.0,2758.0,80.0,0.0,0.0,51833.0,0.0,0.0,80.0,32.0,0.0,0.0,0.0,0.0,0.0
2015-08-15,80026361856,0.0,2758.0,80.0,0.0,0.0,51857.0,0.0,0.0,80.0,31.0,0.0,0.0,0.0,0.0,0.0
2015-08-16,80026361856,0.0,2758.0,80.0,0.0,0.0,51881.0,0.0,0.0,80.0,34.0,0.0,0.0,0.0,0.0,0.0
2015-08-17,80026361856,0.0,2758.0,80.0,0.0,0.0,51905.0,0.0,0.0,80.0,31.0,0.0,0.0,0.0,0.0,0.0
2015-08-18,80026361856,0.0,2758.0,80.0,0.0,0.0,51929.0,0.0,0.0,80.0,34.0,0.0,0.0,0.0,0.0,0.0
2015-08-19,80026361856,0.0,2758.0,80.0,0.0,0.0,51952.0,0.0,0.0,80.0,31.0,0.0,0.0,0.0,0.0,0.0
2015-08-20,80026361856,0.0,2758.0,80.0,0.0,0.0,51977.0,0.0,0.0,80.0,31.0,0.0,0.0,0.0,0.0,0.0
2015-08-21,80026361856,0.0,2758.0,80.0,0.0,0.0,52001.0,0.0,0.0,80.0,34.0,0.0,0.0,0.0,0.0,0.0
2015-08-22,80026361856,0.0,2758.0,80.0,0.0,0.0,52025.0,0.0,0.0,80.0,33.0,0.0,0.0,0.0,0.0,0.0
2015-08-23,80026361856,0.0,2758.0,80.0,0.0,0.0,52048.0,0.0,0.0,80.0,34.0,0.0,0.0,0.0,0.0,0.0
2015-08-24,80026361856,0.0,2758.0,80.0,0.0,0.0,52073.0,0.0,0.0,80.0,34.0,0.0,0.0,0.0,0.0,0.0
2015-08-25,80026361856,0.0,2758.0,80.0,0.0,0.0,52097.0,0.0,0.0,80.0,34.0,0.0,0.0,0.0,0.0,0.0
2015-08-26,80026361856,0.0,2758.0,80.0,0.0,0.0,52120.0,0.0,0.0,80.0,34.0,0.0,0.0,0.0,0.0,0.0
2015-08-27,80026361856,0.0,2758.0,80.0,0.0,0.0,52145.0,0.0,0.0,80.0,34.0,0.0,0.0,0.0,0.0,0.0
2015-08-28,80026361856,0.0,2758.0,80.0,0.0,0.0,52169.0,0.0,0.0,80.0,33.0,0.0,0.0,0.0,0.0,0.0
2015-08-29,80026361856,0.0,2758.0,80.0,0.0,0.0,52192.0,0.0,0.0,80.0,31.0,0.0,0.0,0.0,0.0,0.0
2015-08-30,80026361856,0.0,2758.0,80.0,0.0,0.0,52217.0,0.0,0.0,80.0,31.0,0.0,0.0,0.0,0.0,0.0
2015-08-31,80026361856,0.0,2758.0,80.0,0.0,0.0,52241.0,0.0,0.0,80.0,34.0,0.0,0.0,0.0,0.0,0.0
2015-09-01,80026361856,0.0,2758.0,80.0,0.0,0.0,52264.0,0.0,0.0,80.0,33.0,0.0,0.0,0.0,0.0,0.0
2015-09-02,80026361856,0.0,2758.0,80.0,0.0,0.0,52289.0,0.0,0.0,80.0,31.0,0.0,0.0,0.0,0.0,0.0
2015-09-03,80026361856,0.0,2758.0,80.0,0.0,0.0,52313.0,0.0,0.0,80.0,29.0,0.0,0.0,0.0,0.0,0.0
2015-09-04,80026361856,0.0,2758.0,80.0,0.0,0.0,52336.0,0.0,0.0,80.0,30.0,0.0,0.0,0.0,0.0,0.0
2015-09-05,80026361856,0.0,2758.0,80.0,0.0,0.0,52360.0,0.0,0.0,80.0,31.0,0.0,0.0,0.0,0.0,0.0
2015-09-06,80026361856,0.0,2758.0,80.0,0.0,0.0,52385.0,0.0,0.0,80.0,31.0,0.0,0.0,0.0,0.0,0.0
2015-09-07,80026361856,0.0,2758.0,80.0,0.0,0.0,52408.0,0.0,0.0,80.0,30.0,0.0,0.0,0.0,0.0,0.0
2015-09-08,80026361856,0.0,2758.0,80.0,0.0,0.0,52432.0,0.0,0.0,80.0,31.0,0.0,0.0,0.0,0.0,0.0
2015-09-09,80026361856,0.0,2758.0,80.0,0.0,0.0,52457.0,0.0,0.0,80.0,29.0,0.0,0.0,0.0,0.0,0.0
2015-09-10,80026361856,0.0,2758.0,80.0,0.0,0.0,52480.0,0.0,0.0,80.0,31.0,0.0,0.0,0.0,0.0,0.0
2015-09-11,80026361856,0.0,2758.0,80.0,0.0,0.0,52504.0,0.0,0.0,80.0,29.0,0.0,0.0,0.0,0.0,0.0
2015-09-12,80026361856,0.0,2758.0,80.0,0.0,0.0,52529.0,0.0,0.0,80.0,29.0,0.0,0.0,0.0,0.0,0.0
2015-09-13,80026361856,0.0,2758.0,80.0,0.0,0.0,52552.0,0.0,0.0,80.0,29.0,0.0,0.0,0.0,0.0,0.0
2015-09-14,80026361856,0.0,2758.0,80.0,0.0,0.0,52576.0,0.0,0.0,80.0,29.0,0.0,0.0,0.0,0.0,0.0
2015-09-15,80026361856,0.0,2758.0,80.0,0.0,0.0,52600.0,0.0,0.0,80.0,31.0,0.0,0.0,0.0,0.0,0.0
2015-09-16,80026361856,0.0,2758.0,80.0,0.0,0.0,52624.0,0.0,0.0,80.0,29.0,0.0,0.0,0.0,0.0,0.0
2015-09-17,80026361856,0.0,2758.0,80.0,0.0,0.0,52648.0,0.0,0.0,80.0,29.0,0.0,0.0,0.0,0.0,0.0
2015-09-18,80026361856,0.0,2758.0,80.0,0.0,0.0,52672.0,0.0,0.0,80.0,30.0,0.0,0.0,0.0,0.0,0.0
2015-09-19,80026361856,0.0,2758.0,80.0,0.0,0.0,52696.0,0.0,0.0,80.0,29.0,0.0,0.0,0.0,0.0,0.0
2015-09-20,80026361856,0.0,2758.0,80.0,0.0,0.0,52720.0,0.0,0.0,80.0,29.0,0.0,0.0,0.0,0.0,0.0
2015-09-21,80026361856,0.0,2758.0,80.0,0.0,0.0,52744.0,0.0,0.0,80.0,29.0,0.0,0.0,0.0,0.0,0.0
2015-09-22,80026361856,0.0,2758.0,80.0,0.0,0.0,52768.0,0.0,0.0,80.0,31.0,0.0,0.0,0.0,0.0,0.0
2015-09-23,80026361856,0.0,2758.0,80.0,0.0,0.0,52792.0,0.0,0.0,80.0,29.0,0.0,0.0,0.0,0.0,0.0
2015-09-24,80026361856,0.0,2758.0,80.0,0.0,0.0,52816.0,0.0,0.0,80.0,29.0,0.0,0.0,0.0,0.0,0.0
2015-09-25,80026361856,0.0,2758.0,80.0,0.0,0.0,52840.0,0.0,0.0,80.0,29.0,0.0,0.0,0.0,0.0,0.0
2015-09-26,80026361856,0.0,2758.0,80.0,0.0,0.0,52864.0,0.0,0.0,80.0,29.0,0.0,0.0,0.0,0.0,0.0
2015-09-27,80026361856,0.0,2758.0,80.0,0.0,0.0,52888.0,0.0,0.0,80.0,29.0,0.0,0.0,0.0,0.0,0.0
2015-09-28,80026361856,0.0,2758.0,80.0,0.0,0.0,52912.0,0.0,0.0,80.0,29.0,0.0,0.0,0.0,0.0,0.0
2015-09-29,80026361856,0.0,2758.0,80.0,0.0,0.0,52936.0,0.0,0.0,80.0,30.0,0.0,0.0,0.0,0.0,0.0
2015-09-30,80026361856,0.0,2758.0,80.0,0.0,0.0,52960.0,0.0,0.0,80.0,29.0,0.0,0.0,0.0,0.0,0.0
2015-10-01,80026361856,0.0,2758.0,80.0,0.0,0.0,52984.0,0.0,0.0,80.0,29.0,0.0,0.0,0.0,0.0,0.0
2015-10-02,80026361856,0.0,2758.0,80.0,0.0,0.0,53008.0,0.0,0.0,80.0,29.0,0.0,0.0,0.0,0.0,0.0
2015-10-03,80026361856,0.0,2758.0,80.0,0.0,0.0,53032.0,0.0,0.0,80.0,29.0,0.0,0.0,0.0,0.0,0.0
2015-10-04,80026361856,0.0,2758.0,80.0,0.0,0.0,53056.0,0.0,0.0,80.0,29.0,0.0,0.0,0.0,0.0,0.0
2015-10-05,80026361856,0.0,2758.0,80.0,0.0,0.0,53079.0,0.0,0.0,80.0,29.0,0.0,0.0,0.0,0.0,0.0
2015-10-06,80026361856,0.0,2758.0,80.0,0.0,0.0,53104.0,0.0,0.0,80.0,31.0,0.0,0.0,0.0,0.0,0.0
2015-10-07,80026361856,0.0,2758.0,80.0,0.0,0.0,53128.0,0.0,0.0,80.0,29.0,0.0,0.0,0.0,0.0,0.0
2015-10-08,80026361856,0.0,2758.0,80.0,0.0,0.0,53152.0,0.0,0.0,80.0,29.0,0.0,0.0,0.0,0.0,0.0
2015-10-09,80026361856,0.0,2758.0,80.0,0.0,0.0,53176.0,0.0,0.0,80.0,29.0,0.0,0.0,0.0,0.0,0.0
2015-10-10,80026361856,0.0,2758.0,80.0,0.0,0.0,53200.0,0.0,0.0,80.0,29.0,0.0,0.0,0.0,0.0,0.0
2015-10-11,80026361856,0.0,2758.0,80.0,0.0,0.0,53224.0,0.0,0.0,80.0,29.0,0.0,0.0,0.0,0.0,0.0
2015-10-12,80026361856,0.0,2758.0,80.0,0.0,0.0,53248.0,0.0,0.0,80.0,29.0,0.0,0.0,0.0,0.0,0.0
2015-10-13,80026361856,0.0,2758.0,80.0,0.0,0.0,53272.0,0.0,0.0,80.0,29.0,0.0,0.0,0.0,0.0,0.0
2015-10-14,80026361856,0.0,2758.0,80.0,0.0,0.0,53296.0,0.0,0.0,80.0,29.0,0.0,0.0,0.0,0.0,0.0
2015-10-15,80026361856,0.0,2758.0,80.0,0.0,0.0,53320.0,0.0,0.0,80.0,29.0,0.0,0.0,0.0,0.0,0.0
2015-10-16,80026361856,0.0,2758.0,80.0,0.0,0.0,53344.0,0.0,0.0,80.0,31.0,0.0,0.0,0.0,0.0,0.0
2015-10-17,80026361856,0.0,2758.0,80.0,0.0,0.0,53368.0,0.0,0.0,80.0,29.0,0.0,0.0,0.0,0.0,0.0
2015-10-18,80026361856,0.0,2758.0,80.0,0.0,0.0,53391.0,0.0,0.0,80.0,29.0,0.0,0.0,0.0,0.0,0.0
2015-10-19,80026361856,0.0,2758.0,80.0,0.0,0.0,53416.0,0.0,0.0,80.0,29.0,0.0,0.0,0.0,0.0,0.0
2015-10-20,80026361856,0.0,2758.0,80.0,0.0,0.0,53440.0,0.0,0.0,80.0,30.0,0.0,0.0,0.0,0.0,0.0
2015-10-21,80026361856,0.0,2758.0,80.0,0.0,0.0,53463.0,0.0,0.0,80.0,29.0,0.0,0.0,0.0,0.0,0.0
2015-10-22,80026361856,0.0,2758.0,80.0,0.0,0.0,53488.0,0.0,0.0,80.0,29.0,0.0,0.0,0.0,0.0,0.0
2015-10-23,80026361856,0.0,2758.0,80.0,0.0,0.0,53512.0,0.0,0.0,80.0,29.0,0.0,0.0,0.0,0.0,0.0
2015-10-24,80026361856,0.0,2758.0,80.0,0.0,0.0,53535.0,0.0,0.0,80.0,29.0,0.0,0.0,0.0,0.0,0.0
2015-10-25,80026361856,0.0,2758.0,80.0,0.0,0.0,53560.0,0.0,0.0,80.0,29.0,0.0,0.0,0.0,0.0,0.0
2015-10-26,80026361856,0.0,2758.0,80.0,0.0,0.0,53584.0,0.0,0.0,80.0,29.0,0.0,0.0,0.0,0.0,0.0
2015-10-27,80026361856,0.0,2758.0,80.0,0.0,0.0,53607.0,0.0,0.0,80.0,31.0,0.0,0.0,0.0,0.0,0.0
2015-10-29,80026361856,0.0,2758.0,80.0,0.0,0.0,53656.0,0.0,0.0,80.0,29.0,0.0,0.0,0.0,0.0,0.0
2015-10-30,80026361856,0.0,2758.0,80.0,0.0,0.0,53679.0,0.0,0.0,80.0,31.0,0.0,0.0,0.0,0.0,0.0
2015-10-31,80026361856,0.0,2758.0,80.0,0.0,0.0,53703.0,0.0,0.0,80.0,29.0,0.0,0.0,0.0,0.0,0.0
2015-11-02,80026361856,0.0,2758.0,80.0,0.0,0.0,53752.0,0.0,0.0,80.0,29.0,0.0,0.0,0.0,0.0,0.0
2015-11-03,80026361856,0.0,2758.0,80.0,0.0,0.0,53777.0,0.0,0.0,80.0,30.0,0.0,0.0,0.0,0.0,0.0
2015-11-04,80026361856,0.0,2758.0,80.0,0.0,0.0,53800.0,0.0,0.0,80.0,31.0,0.0,0.0,0.0,0.0,0.0
2015-11-05,80026361856,0.0,2758.0,80.0,0.0,0.0,53824.0,0.0,0.0,80.0,31.0,0.0,0.0,0.0,0.0,0.0
2015-11-06,80026361856,0.0,2758.0,80.0,0.0,0.0,53848.0,0.0,0.0,80.0,31.0,0.0,0.0,0.0,0.0,0.0
2015-11-07,80026361856,0.0,2758.0,80.0,0.0,0.0,53872.0,0.0,0.0,80.0,31.0,0.0,0.0,0.0,0.0,0.0
2015-11-08,80026361856,0.0,2758.0,80.0,0.0,0.0,53896.0,0.0,0.0,80.0,31.0,0.0,0.0,0.0,0.0,0.0
2015-11-09,80026361856,0.0,2758.0,80.0,0.0,0.0,53920.0,0.0,0.0,80.0,29.0,0.0,0.0,0.0,0.0,0.0
2015-11-10,80026361856,0.0,2758.0,80.0,0.0,0.0,53944.0,0.0,0.0,80.0,29.0,0.0,0.0,0.0,0.0,0.0
2015-11-11,80026361856,0.0,2758.0,80.0,0.0,0.0,53968.0,0.0,0.0,80.0,31.0,0.0,0.0,0.0,0.0,0.0
2015-11-12,80026361856,0.0,2758.0,80.0,0.0,0.0,53992.0,0.0,0.0,80.0,29.0,0.0,0.0,0.0,0.0,0.0
2015-11-13,80026361856,0.0,2758.0,80.0,0.0,0.0,54016.0,0.0,0.0,80.0,29.0,0.0,0.0,0.0,0.0,0.0
2015-11-14,80026361856,0.0,2758.0,80.0,0.0,0.0,54040.0,0.0,0.0,80.0,30.0,0.0,0.0,0.0,0.0,0.0
2015-11-15,80026361856,0.0,2758.0,80.0,0.0,0.0,54064.0,0.0,0.0,80.0,29.0,0.0,0.0,0.0,0.0,0.0
2015-11-16,80026361856,0.0,2758.0,80.0,0.0,0.0,54089.0,0.0,0.0,80.0,29.0,0.0,0.0,0.0,0.0,0.0
2015-11-17,80026361856,0.0,2758.0,80.0,0.0,0.0,54112.0,0.0,0.0,80.0,31.0,0.0,0.0,0.0,0.0,0.0
2015-11-18,80026361856,0.0,2758.0,80.0,0.0,0.0,54136.0,0.0,0.0,80.0,29.0,0.0,0.0,0.0,0.0,0.0
2015-11-19,80026361856,0.0,2758.0,80.0,0.0,0.0,54160.0,0.0,0.0,80.0,31.0,0.0,0.0,0.0,0.0,0.0
2015-11-20,80026361856,0.0,2758.0,80.0,0.0,0.0,54184.0,0.0,0.0,80.0,31.0,0.0,0.0,0.0,0.0,0.0
2015-11-21,80026361856,0.0,2758.0,80.0,0.0,0.0,54208.0,0.0,0.0,80.0,30.0,0.0,0.0,0.0,0.0,0.0
2015-11-22,80026361856,0.0,2758.0,80.0,0.0,0.0,54232.0,0.0,0.0,80.0,29.0,0.0,0.0,0.0,0.0,0.0
2015-11-23,80026361856,0.0,2758.0,80.0,0.0,0.0,54256.0,0.0,0.0,80.0,29.0,0.0,0.0,0.0,0.0,0.0
2015-11-24,80026361856,0.0,2758.0,80.0,0.0,0.0,54280.0,0.0,0.0,80.0,31.0,0.0,0.0,0.0,0.0,0.0
2015-11-25,80026361856,0.0,2758.0,80.0,0.0,0.0,54304.0,0.0,0.0,80.0,31.0,0.0,0.0,0.0,0.0,0.0
2015-11-26,80026361856,0.0,2758.0,80.0,0.0,0.0,54328.0,0.0,0.0,80.0,29.0,0.0,0.0,0.0,0.0,0.0
2015-11-27,80026361856,0.0,2758.0,80.0,0.0,0.0,54352.0,0.0,0.0,80.0,29.0,0.0,0.0,0.0,0.0,0.0
2015-11-28,80026361856,0.0,2758.0,80.0,0.0,0.0,54376.0,0.0,0.0,80.0,31.0,0.0,0.0,0.0,0.0,0.0
2015-11-29,80026361856,0.0,2758.0,80.0,0.0,0.0,54400.0,0.0,0.0,80.0,31.0,0.0,0.0,0.0,0.0,0.0
2015-11-30,80026361856,0.0,2758.0,80.0,0.0,0.0,54424.0,0.0,0.0,80.0,29.0,0.0,0.0,0.0,0.0,0.0
2015-12-01,80026361856,0.0,2758.0,80.0,0.0,0.0,54448.0,0.0,0.0,80.0,29.0,0.0,0.0,0.0,0.0,0.0
2015-12-02,80026361856,0.0,2758.0,80.0,0.0,0.0,54472.0,0.0,0.0,80.0,29.0,0.0,0.0,0.0,0.0,0.0
2015-12-03,80026361856,0.0,2758.0,80.0,0.0,0.0,54496.0,0.0,0.0,80.0,29.0,0.0,0.0,0.0,0.0,0.0
2015-12-04,80026361856,0.0,2758.0,80.0,0.0,0.0,54520.0,0.0,0.0,80.0,29.0,0.0,0.0,0.0,0.0,0.0
2015-12-05,80026361856,0.0,2758.0,80.0,0.0,0.0,54544.0,0.0,0.0,80.0,29.0,0.0,0.0,0.0,0.0,0.0
2015-12-06,80026361856,0.0,2758.0,80.0,0.0,0.0,54568.0,0.0,0.0,80.0,29.0,0.0,0.0,0.0,0.0,0.0
2015-12-07,80026361856,0.0,2758.0,80.0,0.0,0.0,54592.0,0.0,0.0,80.0,31.0,0.0,0.0,0.0,0.0,0.0
2015-12-08,80026361856,0.0,2758.0,80.0,0.0,0.0,54616.0,0.0,0.0,80.0,30.0,0.0,0.0,0.0,0.0,0.0
2015-12-09,80026361856,0.0,2758.0,80.0,0.0,0.0,54639.0,0.0,0.0,80.0,29.0,0.0,0.0,0.0,0.0,0.0
2015-12-10,80026361856,0.0,2758.0,80.0,0.0,0.0,54664.0,0.0,0.0,80.0,29.0,0.0,0.0,0.0,0.0,0.0
2015-12-11,80026361856,0.0,2758.0,80.0,0.0,0.0,54688.0,0.0,0.0,80.0,29.0,0.0,0.0,0.0,0.0,0.0
2015-12-12,80026361856,0.0,2758.0,80.0,0.0,0.0,54711.0,0.0,0.0,80.0,29.0,0.0,0.0,0.0,0.0,0.0
2015-12-13,80026361856,0.0,2758.0,80.0,0.0,0.0,54736.0,0.0,0.0,80.0,29.0,0.0,0.0,0.0,0.0,0.0
2015-12-14,80026361856,0.0,2758.0,80.0,0.0,0.0,54760.0,0.0,0.0,80.0,29.0,0.0,0.0,0.0,0.0,0.0
2015-12-15,80026361856,0.0,2758.0,80.0,0.0,0.0,54783.0,0.0,0.0,80.0,29.0,0.0,0.0,0.0,0.0,0.0
2015-12-16,80026361856,0.0,2758.0,80.0,0.0,0.0,54808.0,0.0,0.0,80.0,31.0,0.0,0.0,0.0,0.0,0.0
2015-12-17,80026361856,0.0,2758.0,80.0,0.0,0.0,54832.0,0.0,0.0,80.0,29.0,0.0,0.0,0.0,0.0,0.0
2015-12-18,80026361856,0.0,2758.0,80.0,0.0,0.0,54855.0,0.0,0.0,80.0,29.0,0.0,0.0,0.0,0.0,0.0
2015-12-19,80026361856,0.0,2758.0,80.0,0.0,0.0,54879.0,0.0,0.0,80.0,30.0,0.0,0.0,0.0,0.0,0.0
2015-12-20,80026361856,0.0,2758.0,80.0,0.0,0.0,54904.0,0.0,0.0,80.0,29.0,0.0,0.0,0.0,0.0,0.0
2015-12-21,80026361856,0.0,2758.0,80.0,0.0,0.0,54927.0,0.0,0.0,80.0,29.0,0.0,0.0,0.0,0.0,0.0
2015-12-22,80026361856,0.0,2758.0,80.0,0.0,0.0,54951.0,0.0,0.0,80.0,29.0,0.0,0.0,0.0,0.0,0.0
2015-12-23,80026361856,0.0,2758.0,80.0,0.0,0.0,54976.0,0.0,0.0,80.0,29.0,0.0,0.0,0.0,0.0,0.0
2015-12-24,80026361856,0.0,2758.0,80.0,0.0,0.0,54999.0,0.0,0.0,80.0,30.0,0.0,0.0,0.0,0.0,0.0
2015-12-25,80026361856,0.0,2758.0,80.0,0.0,0.0,55023.0,0.0,0.0,80.0,29.0,0.0,0.0,0.0,0.0,0.0
2015-12-26,80026361856,0.0,2758.0,80.0,0.0,0.0,55048.0,0.0,0.0,80.0,29.0,0.0,0.0,0.0,0.0,0.0
2015-12-27,80026361856,0.0,2758.0,80.0,0.0,0.0,55071.0,0.0,0.0,80.0,29.0,0.0,0.0,0.0,0.0,0.0
2015-12-28,80026361856,0.0,2758.0,80.0,0.0,0.0,55095.0,0.0,0.0,80.0,29.0,0.0,0.0,0.0,0.0,0.0
2015-12-29,80026361856,0.0,2758.0,80.0,0.0,0.0,55120.0,0.0,0.0,80.0,29.0,0.0,0.0,0.0,0.0,0.0
2015-12-30,80026361856,0.0,2758.0,80.0,0.0,0.0,55144.0,0.0,0.0,80.0,29.0,0.0,0.0,0.0,0.0,0.0
2015-12-31,80026361856,0.0,2758.0,80.0,0.0,0.0,55167.0,0.0,0.0,80.0,29.0,0.0,0.0,0.0,0.0,0.0
2016-01-01,80026361856,0.0,2758.0,80.0,0.0,0.0,55191.0,0.0,0.0,80.0,29.0,0.0,0.0,0.0,0.0,0.0
2016-01-02,80026361856,0.0,2758.0,80.0,0.0,0.0,55216.0,0.0,0.0,80.0,29.0,0.0,0.0,0.0,0.0,0.0
2016-01-03,80026361856,0.0,2758.0,80.0,0.0,0.0,55239.0,0.0,0.0,80.0,29.0,0.0,0.0,0.0,0.0,0.0
2016-01-04,80026361856,0.0,2758.0,80.0,0.0,0.0,55263.0,0.0,0.0,80.0,29.0,0.0,0.0,0.0,0.0,0.0
2016-01-05,80026361856,0.0,2758.0,80.0,0.0,0.0,55288.0,0.0,0.0,80.0,29.0,0.0,0.0,0.0,0.0,0.0
2016-01-06,80026361856,0.0,2758.0,80.0,0.0,0.0,55311.0,0.0,0.0,80.0,29.0,0.0,0.0,0.0,0.0,0.0
2016-01-07,80026361856,0.0,2758.0,80.0,0.0,0.0,55335.0,0.0,0.0,80.0,29.0,0.0,0.0,0.0,0.0,0.0
2016-01-08,80026361856,0.0,2758.0,80.0,0.0,0.0,55360.0,0.0,0.0,80.0,29.0,0.0,0.0,0.0,0.0,0.0
2016-01-09,80026361856,0.0,2758.0,80.0,0.0,0.0,55383.0,0.0,0.0,80.0,29.0,0.0,0.0,0.0,0.0,0.0
2016-01-10,80026361856,0.0,2758.0,80.0,0.0,0.0,55407.0,0.0,0.0,80.0,29.0,0.0,0.0,0.0,0.0,0.0
2016-01-11,80026361856,0.0,2758.0,80.0,0.0,0.0,55432.0,0.0,0.0,80.0,29.0,0.0,0.0,0.0,0.0,0.0
2016-01-12,80026361856,0.0,2758.0,80.0,0.0,0.0,55455.0,0.0,0.0,80.0,29.0,0.0,0.0,0.0,0.0,0.0
2016-01-13,80026361856,0.0,2758.0,80.0,0.0,0.0,55479.0,0.0,0.0,80.0,29.0,0.0,0.0,0.0,0.0,0.0
2016-01-14,80026361856,0.0,2758.0,80.0,0.0,0.0,55503.0,0.0,0.0,80.0,29.0,0.0,0.0,0.0,0.0,0.0
2016-01-15,80026361856,0.0,2758.0,80.0,0.0,0.0,55527.0,0.0,0.0,80.0,29.0,0.0,0.0,0.0,0.0,0.0
2016-01-16,80026361856,0.0,2758.0,80.0,0.0,0.0,55551.0,0.0,0.0,80.0,29.0,0.0,0.0,0.0,0.0,0.0
2016-01-17,80026361856,0.0,2758.0,80.0,0.0,0.0,55575.0,0.0,0.0,80.0,29.0,0.0,0.0,0.0,0.0,0.0
2016-01-18,80026361856,0.0,2758.0,80.0,0.0,0.0,55599.0,0.0,0.0,80.0,31.0,0.0,0.0,0.0,0.0,0.0
2016-01-19,80026361856,0.0,2758.0,80.0,0.0,0.0,55623.0,0.0,0.0,80.0,29.0,0.0,0.0,0.0,0.0,0.0
2016-01-20,80026361856,0.0,2758.0,80.0,0.0,0.0,55647.0,0.0,0.0,80.0,29.0,0.0,0.0,0.0,0.0,0.0
2016-01-21,80026361856,0.0,2758.0,80.0,0.0,0.0,55671.0,0.0,0.0,80.0,29.0,0.0,0.0,0.0,0.0,0.0
2016-01-22,80026361856,0.0,2758.0,80.0,0.0,0.0,55695.0,0.0,0.0,80.0,29.0,0.0,0.0,0.0,0.0,0.0
2016-01-23,80026361856,0.0,2758.0,80.0,0.0,0.0,55719.0,0.0,0.0,80.0,29.0,0.0,0.0,0.0,0.0,0.0
2016-01-24,80026361856,0.0,2758.0,80.0,0.0,0.0,55743.0,0.0,0.0,80.0,29.0,0.0,0.0,0.0,0.0,0.0
2016-01-25,80026361856,0.0,2758.0,80.0,0.0,0.0,55767.0,0.0,0.0,80.0,29.0,0.0,0.0,0.0,0.0,0.0
2016-01-26,80026361856,0.0,2758.0,80.0,0.0,0.0,55791.0,0.0,0.0,80.0,29.0,0.0,0.0,0.0,0.0,0.0
2016-01-27,80026361856,0.0,2758.0,80.0,0.0,0.0,55815.0,0.0,0.0,80.0,29.0,0.0,0.0,0.0,0.0,0.0
2016-01-28,80026361856,0.0,2758.0,80.0,0.0,0.0,55839.0,0.0,0.0,80.0,29.0,0.0,0.0,0.0,0.0,0.0
2016-01-29,80026361856,0.0,2758.0,80.0,0.0,0.0,55863.0,0.0,0.0,80.0,29.0,0.0,0.0,0.0,0.0,0.0
2016-01-30,80026361856,0.0,2758.0,80.0,0.0,0.0,55887.0,0.0,0.0,80.0,29.0,0.0,0.0,0.0,0.0,0.0
2016-01-31,80026361856,0.0,2758.0,80.0,0.0,0.0,55911.0,0.0,0.0,80.0,30.0,0.0,0.0,0.0,0.0,0.0
2016-02-01,80026361856,0.0,2758.0,80.0,0.0,0.0,55935.0,0.0,0.0,80.0,30.0,0.0,0.0,0.0,0.0,0.0
2016-02-02,80026361856,0.0,2758.0,80.0,0.0,0.0,55959.0,0.0,0.0,80.0,29.0,0.0,0.0,0.0,0.0,0.0
2016-02-03,80026361856,0.0,2758.0,80.0,0.0,0.0,55983.0,0.0,0.0,80.0,29.0,0.0,0.0,0.0,0.0,0.0
2016-02-04,80026361856,0.0,2758.0,80.0,0.0,0.0,56007.0,0.0,0.0,80.0,29.0,0.0,0.0,0.0,0.0,0.0
2016-02-05,80026361856,0.0,2758.0,80.0,0.0,0.0,56031.0,0.0,0.0,80.0,29.0,0.0,0.0,0.0,0.0,0.0
2016-02-06,80026361856,0.0,2758.0,80.0,0.0,0.0,56054.0,0.0,0.0,80.0,29.0,0.0,0.0,0.0,0.0,0.0
2016-02-07,80026361856,0.0,2758.0,80.0,0.0,0.0,56079.0,0.0,0.0,80.0,31.0,0.0,0.0,0.0,0.0,0.0
2016-02-08,80026361856,0.0,2758.0,80.0,0.0,0.0,56103.0,0.0,0.0,80.0,33.0,0.0,0.0,0.0,0.0,0.0
2016-02-09,80026361856,0.0,2758.0,80.0,0.0,0.0,56126.0,0.0,0.0,80.0,29.0,0.0,0.0,0.0,0.0,0.0
2016-02-10,80026361856,0.0,2758.0,80.0,0.0,0.0,56151.0,0.0,0.0,80.0,29.0,0.0,0.0,0.0,0.0,0.0
2016-02-11,80026361856,0.0,2758.0,80.0,0.0,0.0,56175.0,0.0,0.0,80.0,31.0,0.0,0.0,0.0,0.0,0.0
2016-02-12,80026361856,0.0,2758.0,80.0,0.0,0.0,56198.0,0.0,0.0,80.0,31.0,0.0,0.0,0.0,0.0,0.0
2016-02-13,80026361856,0.0,2758.0,80.0,0.0,0.0,56222.0,0.0,0.0,80.0,34.0,0.0,0.0,0.0,0.0,0.0
2016-02-14,80026361856,0.0,2758.0,80.0,0.0,0.0,56247.0,0.0,0.0,80.0,34.0,0.0,0.0,0.0,0.0,0.0
2016-02-15,80026361856,0.0,2758.0,80.0,0.0,0.0,56270.0,0.0,0.0,80.0,32.0,0.0,0.0,0.0,0.0,0.0
2016-02-16,80026361856,0.0,2758.0,80.0,0.0,0.0,56294.0,0.0,0.0,80.0,31.0,0.0,0.0,0.0,0.0,0.0
2016-02-17,80026361856,0.0,2758.0,80.0,0.0,0.0,56319.0,0.0,0.0,80.0,31.0,0.0,0.0,0.0,0.0,0.0
2016-02-18,80026361856,0.0,2758.0,80.0,0.0,0.0,56342.0,0.0,0.0,80.0,31.0,0.0,0.0,0.0,0.0,0.0
2016-02-19,80026361856,0.0,2758.0,80.0,0.0,0.0,56366.0,0.0,0.0,80.0,31.0,0.0,0.0,0.0,0.0,0.0
2016-02-20,80026361856,0.0,2758.0,80.0,0.0,0.0,56391.0,0.0,0.0,80.0,34.0,0.0,0.0,0.0,0.0,0.0
2016-02-21,80026361856,0.0,2758.0,80.0,0.0,0.0,56415.0,0.0,0.0,80.0,34.0,0.0,0.0,0.0,0.0,0.0
2016-02-22,80026361856,0.0,2758.0,80.0,0.0,0.0,56438.0,0.0,0.0,80.0,34.0,0.0,0.0,0.0,0.0,0.0
2016-02-23,80026361856,0.0,2758.0,80.0,0.0,0.0,56462.0,0.0,0.0,80.0,34.0,0.0,0.0,0.0,0.0,0.0
2016-02-24,80026361856,0.0,2758.0,80.0,0.0,0.0,56487.0,0.0,0.0,80.0,33.0,0.0,0.0,0.0,0.0,0.0
2016-02-25,80026361856,0.0,2758.0,80.0,0.0,0.0,56510.0,0.0,0.0,80.0,33.0,0.0,0.0,0.0,0.0,0.0
2016-02-26,80026361856,0.0,2758.0,80.0,0.0,0.0,56534.0,0.0,0.0,80.0,34.0,0.0,0.0,0.0,0.0,0.0
2016-02-27,80026361856,0.0,2758.0,80.0,0.0,0.0,56559.0,0.0,0.0,80.0,33.0,0.0,0.0,0.0,0.0,0.0
2016-02-28,80026361856,0.0,2758.0,80.0,0.0,0.0,56582.0,0.0,0.0,80.0,34.0,0.0,0.0,0.0,0.0,0.0
2016-02-29,80026361856,0.0,2758.0,80.0,0.0,0.0,56606.0,0.0,0.0,80.0,33.0,0.0,0.0,0.0,0.0,0.0
2016-03-01,80026361856,0.0,2758.0,80.0,0.0,0.0,56630.0,0.0,0.0,80.0,31.0,0.0,0.0,0.0,0.0,0.0
2016-03-02,80026361856,0.0,2758.0,80.0,0.0,0.0,56654.0,0.0,0.0,80.0,31.0,0.0,0.0,0.0,0.0,0.0
2016-03-03,80026361856,0.0,2758.0,80.0,0.0,0.0,56678.0,0.0,0.0,80.0,29.0,0.0,0.0,0.0,0.0,0.0
2016-03-04,80026361856,0.0,2758.0,80.0,0.0,0.0,56702.0,0.0,0.0,80.0,30.0,0.0,0.0,0.0,0.0,0.0
2016-03-05,80026361856,0.0,2758.0,80.0,0.0,0.0,56726.0,0.0,0.0,80.0,30.0,0.0,0.0,0.0,0.0,0.0
2016-03-06,80026361856,0.0,2758.0,80.0,0.0,0.0,56750.0,0.0,0.0,80.0,34.0,0.0,0.0,0.0,0.0,0.0
2016-03-07,80026361856,0.0,2758.0,80.0,0.0,0.0,56774.0,0.0,0.0,80.0,34.0,0.0,0.0,0.0,0.0,0.0
2016-03-08,80026361856,0.0,2758.0,80.0,0.0,0.0,56798.0,0.0,0.0,80.0,31.0,0.0,0.0,0.0,0.0,0.0
2016-03-09,80026361856,0.0,2758.0,80.0,0.0,0.0,56822.0,0.0,0.0,80.0,31.0,0.0,0.0,0.0,0.0,0.0
2016-03-10,80026361856,0.0,2758.0,80.0,0.0,0.0,56846.0,0.0,0.0,80.0,31.0,0.0,0.0,0.0,0.0,0.0
2016-03-11,80026361856,0.0,2758.0,80.0,0.0,0.0,56870.0,0.0,0.0,80.0,31.0,0.0,0.0,0.0,0.0,0.0
2016-03-12,80026361856,0.0,2758.0,80.0,0.0,0.0,56894.0,0.0,0.0,80.0,31.0,0.0,0.0,0.0,0.0,0.0
2016-03-13,80026361856,0.0,2758.0,83.0,0.0,0.0,56918.0,0.0,0.0,83.0,31.0,0.0,0.0,0.0,0.0,0.0
2016-03-14,80026361856,0.0,2758.0,83.0,0.0,0.0,56941.0,0.0,0.0,83.0,33.0,0.0,0.0,0.0,0.0,0.0
