timestamp,capacity_bytes,smart_1_raw,smart_3_raw,smart_4_raw,smart_5_raw,smart_7_raw,smart_9_raw,smart_10_raw,smart_12_raw,smart_183_raw,smart_184_raw,smart_187_raw,smart_188_raw,smart_189_raw,smart_190_raw,smart_194_raw,smart_195_raw,smart_197_raw,smart_198_raw,smart_199_raw,smart_240_raw,smart_241_raw,smart_242_raw
2014-02-14,160041885696,51629795.0,0.0,48.0,2.0,372853325.0,28774.0,0.0,24.0,0.0,0.0,0.0,66.0,0.0,25.0,25.0,51629795.0,0.0,0.0,0.0,207266531799212.0,339850621.0,788551188.0
2014-02-15,160041885696,52556308.0,0.0,48.0,2.0,372978605.0,28799.0,0.0,24.0,0.0,0.0,0.0,66.0,0.0,25.0,25.0,52556308.0,0.0,0.0,0.0,71695889100997.0,343348461.0,788630811.0
2014-02-16,160041885696,53288620.0,0.0,48.0,2.0,373108666.0,28822.0,0.0,24.0,0.0,0.0,0.0,66.0,0.0,25.0,25.0,53288620.0,0.0,0.0,0.0,145419002736860.0,346744037.0,788700160.0
2014-02-17,160041885696,54576242.0,0.0,48.0,2.0,373229856.0,28846.0,0.0,24.0,0.0,0.0,0.0,66.0,0.0,25.0,25.0,54576242.0,0.0,0.0,0.0,238413634629876.0,350134733.0,789003317.0
2014-02-18,160041885696,55225947.0,0.0,48.0,2.0,373349699.0,28871.0,0.0,24.0,0.0,0.0,0.0,66.0,0.0,25.0,25.0,55225947.0,0.0,0.0,0.0,102782862389517.0,353609973.0,789070130.0
2014-02-19,160041885696,55868550.0,0.0,48.0,2.0,373472178.0,28894.0,0.0,24.0,0.0,0.0,0.0,66.0,0.0,25.0,25.0,55868550.0,0.0,0.0,0.0,195777494282533.0,357024165.0,789141936.0
2014-02-20,160041885696,56535784.0,0.0,48.0,2.0,373599726.0,28918.0,0.0,24.0,0.0,0.0,0.0,66.0,0.0,25.0,25.0,56535784.0,0.0,0.0,0.0,269522082754876.0,360457925.0,789208540.0
2014-02-21,160041885696,57234511.0,0.0,48.0,2.0,373723925.0,28942.0,0.0,24.0,0.0,0.0,0.0,66.0,0.0,25.0,25.0,57234511.0,0.0,0.0,0.0,81067507741012.0,363911637.0,789284649.0
2014-02-22,160041885696,57802666.0,0.0,48.0,2.0,373853768.0,28966.0,0.0,24.0,0.0,0.0,0.0,66.0,0.0,25.0,25.0,57802666.0,0.0,0.0,0.0,226834402799981.0,367436213.0,789319016.0
2014-02-23,160041885696,58653015.0,0.0,48.0,2.0,373973785.0,28990.0,0.0,24.0,0.0,0.0,0.0,66.0,0.0,25.0,25.0,58653015.0,0.0,0.0,0.0,19189913907588.0,370862637.0,789403728.0
2014-02-24,160041885696,59919364.0,0.0,48.0,2.0,374089794.0,29014.0,0.0,24.0,0.0,0.0,0.0,66.0,0.0,25.0,25.0,59919364.0,0.0,0.0,0.0,112223200506268.0,374287029.0,789674235.0
2014-02-25,160041885696,60733486.0,0.0,48.0,2.0,374214581.0,29039.0,0.0,24.0,0.0,0.0,0.0,66.0,0.0,25.0,25.0,60733486.0,0.0,0.0,0.0,258020160336309.0,377793909.0,789744975.0
2014-02-26,160041885696,61304724.0,0.0,48.0,2.0,374335721.0,29062.0,0.0,24.0,0.0,0.0,0.0,66.0,0.0,24.0,24.0,61304724.0,0.0,0.0,0.0,50337016738252.0,381186821.0,789809408.0
2014-02-27,160041885696,61746462.0,0.0,48.0,2.0,374456214.0,29086.0,0.0,24.0,0.0,0.0,0.0,66.0,0.0,25.0,25.0,61746462.0,0.0,0.0,0.0,143391778173412.0,384503261.0,789837112.0
2014-02-28,160041885696,62623237.0,0.0,48.0,2.0,374588082.0,29111.0,0.0,24.0,0.0,0.0,0.0,66.0,0.0,25.0,25.0,62623237.0,0.0,0.0,0.0,7679401554429.0,388059157.0,789919261.0
2014-03-01,160041885696,63351249.0,0.0,48.0,2.0,374712412.0,29134.0,0.0,24.0,0.0,0.0,0.0,66.0,0.0,25.0,25.0,63351249.0,0.0,0.0,0.0,100699803251221.0,391528165.0,789985162.0
2014-03-02,160041885696,64169490.0,0.0,48.0,2.0,374835853.0,29158.0,0.0,24.0,0.0,0.0,0.0,66.0,0.0,25.0,25.0,64169490.0,0.0,0.0,0.0,174551765905964.0,394971269.0,790048651.0
2014-03-03,160041885696,65425111.0,0.0,48.0,2.0,374962036.0,29182.0,0.0,24.0,0.0,0.0,0.0,66.0,0.0,26.0,26.0,65425111.0,0.0,0.0,0.0,267486268256836.0,398438413.0,790326227.0
2014-03-04,160041885696,66263823.0,0.0,48.0,2.0,375089682.0,29206.0,0.0,24.0,0.0,0.0,0.0,66.0,0.0,26.0,26.0,66263823.0,0.0,0.0,0.0,131735236932189.0,401908149.0,790395493.0
2014-03-05,160041885696,71565358.0,0.0,48.0,2.0,375219990.0,29230.0,0.0,24.0,0.0,0.0,0.0,66.0,0.0,24.0,24.0,71565358.0,0.0,0.0,0.0,85079007195764.0,405548928.0,793239153.0
2014-03-06,160041885696,72186635.0,0.0,48.0,2.0,375341276.0,29254.0,0.0,24.0,0.0,0.0,0.0,66.0,0.0,24.0,24.0,72186635.0,0.0,0.0,0.0,178138063598220.0,408988400.0,793301392.0
2014-03-07,160041885696,73067630.0,0.0,48.0,2.0,375468102.0,29279.0,0.0,24.0,0.0,0.0,0.0,66.0,0.0,24.0,24.0,73067630.0,0.0,0.0,0.0,42468636652197.0,412593312.0,793390924.0
2014-03-08,160041885696,73944887.0,0.0,48.0,2.0,375592788.0,29302.0,0.0,24.0,0.0,0.0,0.0,66.0,0.0,24.0,24.0,73944887.0,0.0,0.0,0.0,116260469764796.0,416071568.0,793473449.0
2014-03-09,160041885696,74554994.0,0.0,48.0,2.0,375715146.0,29326.0,0.0,24.0,0.0,0.0,0.0,66.0,0.0,24.0,24.0,74554994.0,0.0,0.0,0.0,209285166428884.0,419507648.0,793535795.0
2014-03-10,160041885696,75166217.0,0.0,48.0,2.0,375843129.0,29351.0,0.0,24.0,0.0,0.0,0.0,66.0,0.0,24.0,24.0,75166217.0,0.0,0.0,0.0,73572789809901.0,423097624.0,793571201.0
2014-03-11,160041885696,76512891.0,0.0,48.0,2.0,375957219.0,29374.0,0.0,24.0,0.0,0.0,0.0,66.0,0.0,25.0,25.0,76512891.0,0.0,0.0,0.0,113863878013700.0,426421808.0,793849030.0
2014-03-12,160041885696,77396018.0,0.0,48.0,2.0,376082068.0,29397.0,0.0,24.0,0.0,0.0,0.0,66.0,0.0,25.0,25.0,77396018.0,0.0,0.0,0.0,206819855201052.0,430017856.0,793922053.0
2014-03-13,160041885696,78073938.0,0.0,48.0,2.0,376206679.0,29421.0,0.0,24.0,0.0,0.0,0.0,66.0,0.0,25.0,25.0,78073938.0,0.0,0.0,0.0,280611688313651.0,433426504.0,793989403.0
2014-03-14,160041885696,78749254.0,0.0,48.0,2.0,376332970.0,29446.0,0.0,24.0,0.0,0.0,0.0,66.0,0.0,24.0,24.0,78749254.0,0.0,0.0,0.0,144864951956300.0,436923984.0,794064018.0
2014-03-15,160041885696,79661720.0,0.0,48.0,2.0,376470759.0,29469.0,0.0,24.0,0.0,0.0,0.0,66.0,0.0,25.0,25.0,79661720.0,0.0,0.0,0.0,238151641625444.0,440492392.0,794141365.0
2014-03-16,160041885696,80044210.0,0.0,48.0,2.0,376609659.0,29493.0,0.0,24.0,0.0,0.0,0.0,66.0,0.0,24.0,24.0,80044210.0,0.0,0.0,0.0,30266634564475.0,444199064.0,794165309.0
2014-03-17,160041885696,81202788.0,0.0,48.0,2.0,376756482.0,29518.0,0.0,24.0,0.0,0.0,0.0,66.0,0.0,25.0,25.0,81202788.0,0.0,0.0,0.0,176067889361812.0,448043192.0,794441165.0
2014-03-18,160041885696,82011630.0,0.0,48.0,2.0,376896948.0,29542.0,0.0,24.0,0.0,0.0,0.0,66.0,0.0,25.0,25.0,82011630.0,0.0,0.0,0.0,269268679685036.0,451743240.0,794532380.0
2014-03-19,160041885696,82472103.0,0.0,48.0,2.0,377031883.0,29565.0,0.0,24.0,0.0,0.0,0.0,66.0,0.0,25.0,25.0,82472103.0,0.0,0.0,0.0,61375082689475.0,455364968.0,794558261.0
2014-03-20,160041885696,85322464.0,0.0,50.0,2.0,377158871.0,29589.0,0.0,25.0,0.0,0.0,0.0,68.0,0.0,24.0,24.0,85322464.0,0.0,0.0,0.0,107928233210848.0,458863216.0,794840221.0
2014-03-21,160041885696,86392565.0,0.0,50.0,2.0,377287663.0,29614.0,0.0,25.0,0.0,0.0,0.0,68.0,0.0,24.0,24.0,86392565.0,0.0,0.0,0.0,234457969751032.0,462452008.0,794922207.0
2014-03-22,160041885696,87245271.0,0.0,50.0,2.0,377409933.0,29637.0,0.0,25.0,0.0,0.0,0.0,68.0,0.0,25.0,25.0,87245271.0,0.0,0.0,0.0,46011984671760.0,465933928.0,794997516.0
2014-03-23,160041885696,87892945.0,0.0,50.0,2.0,377534520.0,29661.0,0.0,25.0,0.0,0.0,0.0,68.0,0.0,30.0,30.0,87892945.0,0.0,0.0,0.0,138929307153448.0,469417608.0,795027229.0
2014-03-24,160041885696,89113207.0,0.0,50.0,2.0,377661518.0,29685.0,0.0,25.0,0.0,0.0,0.0,68.0,0.0,23.0,23.0,89113207.0,0.0,0.0,0.0,231932528981056.0,472914256.0,795300018.0
2014-03-25,160041885696,89702950.0,0.0,50.0,2.0,377788385.0,29709.0,0.0,25.0,0.0,0.0,0.0,68.0,0.0,25.0,25.0,89702950.0,0.0,0.0,0.0,76978698875992.0,476448680.0,795331776.0
2014-03-26,160041885696,92701707.0,0.0,52.0,3.0,377911205.0,29733.0,0.0,26.0,0.0,0.0,0.0,70.0,0.0,27.0,27.0,92701707.0,0.0,0.0,0.0,180629144630385.0,479896072.0,795609750.0
2014-03-27,160041885696,93582341.0,0.0,52.0,3.0,378028279.0,29757.0,0.0,26.0,0.0,0.0,0.0,70.0,0.0,26.0,26.0,93582341.0,0.0,0.0,0.0,273589416785033.0,483250528.0,795676087.0
2014-03-28,160041885696,94320669.0,0.0,52.0,3.0,378142862.0,29781.0,0.0,26.0,0.0,0.0,0.0,70.0,0.0,25.0,25.0,94320669.0,0.0,0.0,0.0,85134841771169.0,486588256.0,795755457.0
2014-03-29,160041885696,94992093.0,0.0,52.0,3.0,378260541.0,29805.0,0.0,26.0,0.0,0.0,0.0,70.0,0.0,25.0,25.0,94992093.0,0.0,0.0,0.0,211625923605689.0,490101824.0,795786296.0
2014-03-30,160041885696,95835384.0,0.0,52.0,3.0,378372910.0,29829.0,0.0,26.0,0.0,0.0,0.0,70.0,0.0,26.0,26.0,95835384.0,0.0,0.0,0.0,23154168722641.0,493498504.0,795856596.0
2014-03-31,160041885696,96990798.0,0.0,52.0,3.0,378492081.0,29853.0,0.0,26.0,0.0,0.0,0.0,70.0,0.0,26.0,26.0,96990798.0,0.0,0.0,0.0,116191750288617.0,496934312.0,796148036.0
2014-04-01,160041885696,97552109.0,0.0,52.0,3.0,378621881.0,29877.0,0.0,26.0,0.0,0.0,0.0,70.0,0.0,25.0,25.0,97552109.0,0.0,0.0,0.0,242682832123137.0,500381912.0,796176799.0
2014-04-02,160041885696,98289590.0,0.0,52.0,3.0,378752844.0,29901.0,0.0,26.0,0.0,0.0,0.0,70.0,0.0,26.0,26.0,98289590.0,0.0,0.0,0.0,54211077240089.0,503824184.0,796239980.0
2014-04-03,160041885696,101787800.0,0.0,52.0,3.0,378873286.0,29925.0,0.0,26.0,0.0,0.0,0.0,70.0,0.0,25.0,25.0,101787800.0,0.0,0.0,0.0,147240068871473.0,507186984.0,797756233.0
2014-04-04,160041885696,102560563.0,0.0,52.0,3.0,378995764.0,29949.0,0.0,26.0,0.0,0.0,0.0,70.0,0.0,25.0,25.0,102560563.0,0.0,0.0,0.0,240230405797193.0,510615704.0,797825673.0
2014-04-05,160041885696,103152019.0,0.0,52.0,3.0,379122324.0,29973.0,0.0,26.0,0.0,0.0,0.0,70.0,0.0,26.0,26.0,103152019.0,0.0,0.0,0.0,85242215953761.0,514136672.0,797855468.0
2014-04-06,160041885696,103620280.0,0.0,52.0,3.0,379239014.0,29997.0,0.0,26.0,0.0,0.0,0.0,70.0,0.0,25.0,25.0,103620280.0,0.0,0.0,0.0,178211078043001.0,517555704.0,797881658.0
2014-04-07,160041885696,104932772.0,0.0,52.0,3.0,379362002.0,30021.0,0.0,26.0,0.0,0.0,0.0,70.0,0.0,25.0,25.0,104932772.0,0.0,0.0,0.0,271205709936017.0,521008896.0,798161293.0
2014-04-08,160041885696,105748907.0,0.0,52.0,3.0,379489214.0,30045.0,0.0,26.0,0.0,0.0,0.0,70.0,0.0,26.0,26.0,105748907.0,0.0,0.0,0.0,116213225125289.0,524575440.0,798228094.0
2014-04-09,160041885696,111531594.0,0.0,52.0,3.0,379612252.0,30069.0,0.0,26.0,0.0,0.0,0.0,70.0,0.0,25.0,25.0,111531594.0,0.0,0.0,0.0,188527589488065.0,528074448.0,801134119.0
2014-04-10,160041885696,112205855.0,0.0,52.0,3.0,379731431.0,30093.0,0.0,26.0,0.0,0.0,0.0,70.0,0.0,25.0,25.0,112205855.0,0.0,0.0,0.0,90194343385.0,531503800.0,801202372.0
2014-04-11,160041885696,112742283.0,0.0,52.0,3.0,379847844.0,30117.0,0.0,26.0,0.0,0.0,0.0,70.0,0.0,25.0,25.0,112742283.0,0.0,0.0,0.0,93119185974769.0,534919872.0,801230651.0
2014-04-12,160041885696,117990188.0,0.0,52.0,3.0,379967239.0,30141.0,0.0,26.0,0.0,0.0,0.0,70.0,0.0,25.0,25.0,117990188.0,0.0,0.0,0.0,277476362188297.0,538478768.0,804123495.0
2014-04-13,160041885696,118776701.0,0.0,52.0,3.0,380088594.0,30165.0,0.0,26.0,0.0,0.0,0.0,70.0,0.0,25.0,25.0,118776701.0,0.0,0.0,0.0,89064736847393.0,542023448.0,804197551.0
2014-04-14,160041885696,120297642.0,0.0,52.0,3.0,380207538.0,30189.0,0.0,26.0,0.0,0.0,0.0,70.0,0.0,25.0,25.0,120297642.0,0.0,0.0,0.0,182063663707705.0,545580992.0,804494705.0
2014-04-15,160041885696,121093202.0,0.0,52.0,3.0,380336621.0,30213.0,0.0,26.0,0.0,0.0,0.0,70.0,0.0,25.0,25.0,121093202.0,0.0,0.0,0.0,27036819158609.0,549242880.0,804565328.0
2014-04-16,160041885696,124265380.0,0.0,54.0,3.0,380464827.0,30236.0,0.0,27.0,0.0,0.0,0.0,72.0,0.0,26.0,26.0,124265380.0,0.0,0.0,0.0,184692183692907.0,552597545.0,804849952.0
2014-04-17,160041885696,125456047.0,0.0,54.0,3.0,380606228.0,30259.0,0.0,27.0,0.0,0.0,0.0,72.0,0.0,25.0,25.0,125456047.0,0.0,0.0,0.0,277691110553219.0,556228593.0,804934275.0
2014-04-18,160041885696,126365867.0,0.0,54.0,3.0,380738741.0,30283.0,0.0,27.0,0.0,0.0,0.0,72.0,0.0,25.0,25.0,126365867.0,0.0,0.0,0.0,65408056981147.0,559857105.0,805010849.0
2014-04-19,160041885696,127153845.0,0.0,54.0,3.0,380871927.0,30308.0,0.0,27.0,0.0,0.0,0.0,72.0,0.0,24.0,24.0,127153845.0,0.0,0.0,0.0,191933498554035.0,563510841.0,805071351.0
2014-04-20,160041885696,127623041.0,0.0,54.0,3.0,381002050.0,30331.0,0.0,27.0,0.0,0.0,0.0,72.0,0.0,29.0,29.0,127623041.0,0.0,0.0,0.0,3380139292363.0,567123513.0,805095048.0
2014-04-21,160041885696,129001453.0,0.0,54.0,4.0,381132615.0,30355.0,0.0,27.0,0.0,0.0,0.0,72.0,0.0,31.0,31.0,129001453.0,0.0,0.0,0.0,96095598311139.0,570755121.0,805366629.0
2014-04-22,160041885696,129462502.0,0.0,54.0,4.0,381261401.0,30379.0,0.0,27.0,0.0,0.0,0.0,72.0,0.0,24.0,24.0,129462502.0,0.0,0.0,0.0,169741402535674.0,574346737.0,805390582.0
2014-04-23,160041885696,130039465.0,0.0,54.0,4.0,381392466.0,30403.0,0.0,27.0,0.0,0.0,0.0,72.0,0.0,24.0,24.0,130039465.0,0.0,0.0,0.0,34033320883987.0,578070137.0,805418944.0
2014-04-24,160041885696,130498369.0,0.0,54.0,4.0,381520718.0,30427.0,0.0,27.0,0.0,0.0,0.0,72.0,0.0,26.0,26.0,130498369.0,0.0,0.0,0.0,126985003104043.0,581670113.0,805442669.0
2014-04-25,160041885696,131038154.0,0.0,54.0,4.0,381648943.0,30451.0,0.0,27.0,0.0,0.0,0.0,72.0,0.0,27.0,27.0,131038154.0,0.0,0.0,0.0,219872260814659.0,585286313.0,805470957.0
2014-04-26,160041885696,131777166.0,0.0,54.0,4.0,381776097.0,30476.0,0.0,27.0,0.0,0.0,0.0,72.0,0.0,27.0,27.0,131777166.0,0.0,0.0,0.0,64772401821531.0,588993633.0,805533422.0
2014-04-27,160041885696,132390405.0,0.0,54.0,4.0,381903655.0,30499.0,0.0,27.0,0.0,0.0,0.0,72.0,0.0,27.0,27.0,132390405.0,0.0,0.0,0.0,157655364564851.0,592540353.0,805568760.0
2014-04-28,160041885696,133871695.0,0.0,54.0,4.0,382028760.0,30523.0,0.0,27.0,0.0,0.0,0.0,72.0,0.0,27.0,27.0,133871695.0,0.0,0.0,0.0,250508262537099.0,596110777.0,805899687.0
2014-04-29,160041885696,134679522.0,0.0,54.0,4.0,382158351.0,30548.0,0.0,27.0,0.0,0.0,0.0,72.0,0.0,26.0,26.0,134679522.0,0.0,0.0,0.0,95438468315043.0,599804049.0,805963794.0
2014-04-30,160041885696,135570154.0,0.0,54.0,4.0,382286322.0,30571.0,0.0,27.0,0.0,0.0,0.0,72.0,0.0,26.0,26.0,135570154.0,0.0,0.0,0.0,188368675698619.0,603407969.0,806042099.0
2014-05-01,160041885696,137241926.0,0.0,54.0,4.0,382413914.0,30595.0,0.0,27.0,0.0,0.0,0.0,72.0,0.0,26.0,26.0,137241926.0,0.0,0.0,0.0,281470681774035.0,607045650.0,806188146.0
2014-05-02,160041885696,137917889.0,0.0,54.0,4.0,382540763.0,30619.0,0.0,27.0,0.0,0.0,0.0,72.0,0.0,26.0,26.0,137917889.0,0.0,0.0,0.0,73452530726890.0,610596554.0,806243381.0
2014-05-03,160041885696,138520991.0,0.0,54.0,4.0,382674903.0,30643.0,0.0,27.0,0.0,0.0,0.0,72.0,0.0,27.0,27.0,138520991.0,0.0,0.0,0.0,219150706309123.0,614342394.0,806271926.0
2014-05-04,160041885696,139218867.0,0.0,54.0,4.0,382806106.0,30667.0,0.0,27.0,0.0,0.0,0.0,72.0,0.0,27.0,27.0,139218867.0,0.0,0.0,0.0,30532922538011.0,617995010.0,806340039.0
2014-05-05,160041885696,140285000.0,0.0,54.0,4.0,382936533.0,30691.0,0.0,27.0,0.0,0.0,0.0,72.0,0.0,27.0,27.0,140285000.0,0.0,0.0,0.0,123351460771891.0,621679978.0,806597261.0
2014-05-06,160041885696,140978226.0,0.0,54.0,4.0,383073332.0,30716.0,0.0,27.0,0.0,0.0,0.0,72.0,0.0,26.0,26.0,140978226.0,0.0,0.0,0.0,249778118096971.0,625486946.0,806659194.0
2014-05-07,160041885696,141987606.0,0.0,54.0,4.0,383211163.0,30739.0,0.0,27.0,0.0,0.0,0.0,72.0,0.0,25.0,25.0,141987606.0,0.0,0.0,0.0,61250528639075.0,629376674.0,806751522.0
2014-05-08,160041885696,142682550.0,0.0,54.0,4.0,383349301.0,30763.0,0.0,27.0,0.0,0.0,0.0,72.0,0.0,26.0,26.0,142682550.0,0.0,0.0,0.0,154180736022651.0,633197346.0,806822984.0
2014-05-09,160041885696,143262947.0,0.0,54.0,4.0,383491791.0,30788.0,0.0,27.0,0.0,0.0,0.0,72.0,0.0,26.0,26.0,143262947.0,0.0,0.0,0.0,280847911516307.0,637135226.0,806851360.0
2014-05-10,160041885696,144267397.0,0.0,54.0,4.0,383625270.0,30811.0,0.0,27.0,0.0,0.0,0.0,72.0,0.0,26.0,26.0,144267397.0,0.0,0.0,0.0,92006789445803.0,640980490.0,806950603.0
2014-05-11,160041885696,144973029.0,0.0,54.0,4.0,383763278.0,30835.0,0.0,27.0,0.0,0.0,0.0,72.0,0.0,26.0,26.0,144973029.0,0.0,0.0,0.0,184928406894787.0,644808258.0,807023668.0
2014-05-12,160041885696,146271368.0,0.0,54.0,4.0,383902694.0,30860.0,0.0,27.0,0.0,0.0,0.0,72.0,0.0,26.0,26.0,146271368.0,0.0,0.0,0.0,29871497574619.0,648765434.0,807342393.0
2014-05-13,160041885696,146811635.0,0.0,54.0,4.0,384036466.0,30883.0,0.0,27.0,0.0,0.0,0.0,72.0,0.0,25.0,25.0,146811635.0,0.0,0.0,0.0,122836064696563.0,652598450.0,807373405.0
2014-05-14,160041885696,152020207.0,0.0,54.0,4.0,384170399.0,30907.0,0.0,27.0,0.0,0.0,0.0,72.0,0.0,25.0,25.0,152020207.0,0.0,0.0,0.0,143529217128715.0,656489650.0,810178763.0
2014-05-15,160041885696,152458115.0,0.0,54.0,4.0,384303569.0,30931.0,0.0,27.0,0.0,0.0,0.0,72.0,0.0,25.0,25.0,152458115.0,0.0,0.0,0.0,236661287975203.0,660468922.0,810214552.0
2014-05-16,160041885696,153804848.0,0.0,54.0,4.0,384449007.0,30956.0,0.0,27.0,0.0,0.0,0.0,72.0,0.0,25.0,25.0,153804848.0,0.0,0.0,0.0,81604378655035.0,664781082.0,810361051.0
2014-05-17,160041885696,154300037.0,0.0,54.0,4.0,384585762.0,30979.0,0.0,27.0,0.0,0.0,0.0,72.0,0.0,25.0,25.0,154300037.0,0.0,0.0,0.0,174770809239891.0,668853770.0,810390113.0
2014-05-18,160041885696,154668509.0,0.0,54.0,4.0,384720190.0,31003.0,0.0,27.0,0.0,0.0,0.0,72.0,0.0,26.0,26.0,154668509.0,0.0,0.0,0.0,267589347473771.0,672732242.0,810413684.0
2014-05-19,160041885696,156080949.0,0.0,54.0,4.0,384858817.0,31028.0,0.0,27.0,0.0,0.0,0.0,72.0,0.0,26.0,26.0,156080949.0,0.0,0.0,0.0,112425063971203.0,676712938.0,810855098.0
2014-05-20,160041885696,156629905.0,0.0,54.0,4.0,384992265.0,31051.0,0.0,27.0,0.0,0.0,0.0,72.0,0.0,33.0,33.0,156629905.0,0.0,0.0,0.0,205209242466715.0,680620850.0,810900843.0
2014-05-21,160041885696,157262512.0,0.0,54.0,4.0,385128026.0,31075.0,0.0,27.0,0.0,0.0,0.0,72.0,0.0,33.0,33.0,157262512.0,0.0,0.0,0.0,16192026737075.0,684606490.0,810982964.0
2014-05-22,160041885696,158523369.0,0.0,54.0,4.0,385266875.0,31100.0,0.0,27.0,0.0,0.0,0.0,72.0,0.0,33.0,33.0,158523369.0,0.0,0.0,0.0,142154827594187.0,690573669.0,811120758.0
2014-05-23,160041885696,159356954.0,0.0,54.0,4.0,385392324.0,31123.0,0.0,27.0,0.0,0.0,0.0,72.0,0.0,33.0,33.0,159356954.0,0.0,0.0,0.0,234651243280867.0,694341205.0,811244337.0
2014-05-24,160041885696,159867702.0,0.0,54.0,4.0,385518463.0,31147.0,0.0,27.0,0.0,0.0,0.0,72.0,0.0,32.0,32.0,159867702.0,0.0,0.0,0.0,45664092322299.0,698177662.0,811273387.0
2014-05-25,160041885696,160886717.0,0.0,54.0,4.0,385646811.0,31171.0,0.0,27.0,0.0,0.0,0.0,72.0,0.0,32.0,32.0,160886717.0,0.0,0.0,0.0,138229227485715.0,702050590.0,811414433.0
2014-05-26,160041885696,162746820.0,0.0,54.0,4.0,385778558.0,31196.0,0.0,27.0,0.0,0.0,0.0,72.0,0.0,32.0,32.0,162746820.0,0.0,0.0,0.0,264247862917675.0,706123502.0,812028575.0
2014-05-27,160041885696,163492836.0,0.0,54.0,4.0,385906868.0,31219.0,0.0,27.0,0.0,0.0,0.0,72.0,0.0,31.0,31.0,163492836.0,0.0,0.0,0.0,75243532089923.0,709986134.0,812094789.0
2014-05-28,160041885696,164159319.0,0.0,54.0,4.0,386031478.0,31243.0,0.0,27.0,0.0,0.0,0.0,72.0,0.0,32.0,32.0,164159319.0,0.0,0.0,0.0,167847321959003.0,713802910.0,812217995.0
2014-05-29,160041885696,164604356.0,0.0,54.0,4.0,386165936.0,31268.0,0.0,27.0,0.0,0.0,0.0,72.0,0.0,32.0,32.0,164604356.0,0.0,0.0,0.0,12614318979699.0,717854254.0,812249350.0
2014-05-30,160041885696,165454512.0,0.0,54.0,4.0,386291626.0,31291.0,0.0,27.0,0.0,0.0,0.0,72.0,0.0,32.0,32.0,165454512.0,0.0,0.0,0.0,104788612119179.0,722115475.0,812359687.0
2014-05-31,160041885696,165993708.0,0.0,54.0,4.0,386416337.0,31315.0,0.0,27.0,0.0,0.0,0.0,72.0,0.0,36.0,36.0,165993708.0,0.0,0.0,0.0,197250668067491.0,726037115.0,812386033.0
2014-06-01,160041885696,167157223.0,0.0,54.0,4.0,386545669.0,31340.0,0.0,27.0,0.0,0.0,0.0,72.0,0.0,32.0,32.0,167157223.0,0.0,0.0,0.0,41721312344763.0,730107411.0,812581623.0
2014-06-02,160041885696,169282286.0,0.0,54.0,4.0,386673759.0,31363.0,0.0,27.0,0.0,0.0,0.0,72.0,0.0,32.0,32.0,169282286.0,0.0,0.0,0.0,134183368293075.0,733971211.0,813568230.0
2014-06-03,160041885696,170080730.0,0.0,54.0,4.0,386800428.0,31387.0,0.0,27.0,0.0,0.0,0.0,72.0,0.0,32.0,32.0,170080730.0,0.0,0.0,0.0,226709848750827.0,737850635.0,813688949.0
2014-06-04,160041885696,177375437.0,0.0,56.0,4.0,386931731.0,31411.0,0.0,28.0,0.0,0.0,0.0,74.0,0.0,32.0,32.0,177375437.0,0.0,0.0,0.0,92749818788615.0,741776651.0,816713660.0
2014-06-05,160041885696,178835492.0,0.0,56.0,4.0,387065385.0,31436.0,0.0,28.0,0.0,0.0,0.0,74.0,0.0,33.0,33.0,178835492.0,0.0,0.0,0.0,218777044155167.0,745792763.0,816853804.0
2014-06-06,160041885696,180223649.0,0.0,56.0,4.0,387199161.0,31459.0,0.0,28.0,0.0,0.0,0.0,74.0,0.0,33.0,33.0,180223649.0,0.0,0.0,0.0,29798483131191.0,749972279.0,816982510.0
2014-06-07,160041885696,181263238.0,0.0,56.0,4.0,387330222.0,31483.0,0.0,28.0,0.0,0.0,0.0,74.0,0.0,33.0,33.0,181263238.0,0.0,0.0,0.0,122153164897103.0,753973119.0,817106585.0
2014-06-08,160041885696,181890791.0,0.0,56.0,4.0,387460902.0,31508.0,0.0,28.0,0.0,0.0,0.0,74.0,0.0,33.0,33.0,181890791.0,0.0,0.0,0.0,248137440590695.0,758011295.0,817137210.0
2014-06-09,160041885696,184492972.0,0.0,56.0,4.0,387590152.0,31531.0,0.0,28.0,0.0,0.0,0.0,74.0,0.0,33.0,33.0,184492972.0,0.0,0.0,0.0,59124519828351.0,762056815.0,818019331.0
2014-06-10,160041885696,185757471.0,0.0,56.0,4.0,387723019.0,31555.0,0.0,28.0,0.0,0.0,0.0,74.0,0.0,33.0,33.0,185757471.0,0.0,0.0,0.0,151629525449623.0,766102935.0,818157371.0
2014-06-11,160041885696,186606652.0,0.0,56.0,4.0,387858563.0,31579.0,0.0,28.0,0.0,0.0,0.0,74.0,0.0,34.0,34.0,186606652.0,0.0,0.0,0.0,244044336757679.0,770510967.0,818183292.0
2014-06-12,160041885696,187212480.0,0.0,56.0,4.0,388004668.0,31603.0,0.0,28.0,0.0,0.0,0.0,74.0,0.0,33.0,33.0,187212480.0,0.0,0.0,0.0,88635240119239.0,775454193.0,818210406.0
2014-06-13,160041885696,187916600.0,0.0,56.0,4.0,388145917.0,31627.0,0.0,28.0,0.0,0.0,0.0,74.0,0.0,35.0,35.0,187916600.0,0.0,0.0,0.0,180904022539231.0,780221708.0,818234708.0
2014-06-14,160041885696,188699123.0,0.0,56.0,4.0,388288720.0,31651.0,0.0,28.0,0.0,0.0,0.0,74.0,0.0,34.0,34.0,188699123.0,0.0,0.0,0.0,273177099926519.0,785147391.0,818259267.0
2014-06-15,160041885696,189250557.0,0.0,56.0,4.0,388433447.0,31675.0,0.0,28.0,0.0,0.0,0.0,74.0,0.0,34.0,34.0,189250557.0,0.0,0.0,0.0,117626269367311.0,790180128.0,818286413.0
2014-06-16,160041885696,191043441.0,0.0,56.0,4.0,388569048.0,31699.0,0.0,28.0,0.0,0.0,0.0,74.0,0.0,34.0,34.0,191043441.0,0.0,0.0,0.0,210118390086695.0,795078834.0,819006517.0
2014-06-17,160041885696,191920749.0,0.0,56.0,4.0,388709789.0,31723.0,0.0,28.0,0.0,0.0,0.0,74.0,0.0,34.0,34.0,191920749.0,0.0,0.0,0.0,21032454880319.0,800021804.0,819045603.0
2014-06-18,160041885696,197387852.0,0.0,56.0,4.0,388863895.0,31748.0,0.0,28.0,0.0,0.0,0.0,74.0,0.0,35.0,35.0,197387852.0,0.0,0.0,0.0,142056043347031.0,805225983.0,821936951.0
2014-06-19,160041885696,197984628.0,0.0,56.0,4.0,389017144.0,31771.0,0.0,28.0,0.0,0.0,0.0,74.0,0.0,35.0,35.0,197984628.0,0.0,0.0,0.0,234402135178351.0,810218685.0,821968157.0
2014-06-20,160041885696,198977305.0,0.0,56.0,4.0,389168990.0,31795.0,0.0,28.0,0.0,0.0,0.0,74.0,0.0,28.0,28.0,198977305.0,0.0,0.0,0.0,45565308075143.0,815333158.0,822165926.0
2014-06-21,160041885696,199596348.0,0.0,56.0,4.0,389323668.0,31819.0,0.0,28.0,0.0,0.0,0.0,74.0,0.0,28.0,28.0,199596348.0,0.0,0.0,0.0,138340896636063.0,820465387.0,822323262.0
2014-06-22,160041885696,200092432.0,0.0,56.0,4.0,389483330.0,31843.0,0.0,28.0,0.0,0.0,0.0,74.0,0.0,28.0,28.0,200092432.0,0.0,0.0,0.0,264582870367415.0,825686763.0,822360209.0
2014-06-23,160041885696,209936812.0,0.0,56.0,4.0,389632783.0,31867.0,0.0,28.0,0.0,0.0,0.0,74.0,0.0,28.0,28.0,209936812.0,0.0,0.0,0.0,263689517169871.0,830790613.0,827763191.0
2014-06-24,160041885696,46544864.0,0.0,56.0,4.0,389843930.0,31891.0,0.0,28.0,0.0,0.0,0.0,74.0,0.0,36.0,36.0,46544864.0,0.0,0.0,0.0,75720273460455.0,835907551.0,833825356.0
2014-06-25,160041885696,206665155.0,0.0,56.0,4.0,390129299.0,31916.0,0.0,28.0,0.0,0.0,0.0,74.0,0.0,35.0,35.0,206665155.0,0.0,0.0,0.0,200961519811839.0,841299215.0,845926759.0
2014-06-26,160041885696,118311340.0,0.0,56.0,4.0,390406190.0,31939.0,0.0,28.0,0.0,0.0,0.0,74.0,0.0,35.0,35.0,118311340.0,0.0,0.0,0.0,11605001665815.0,846604134.0,968661431.0
2014-06-27,160041885696,27804429.0,0.0,56.0,4.0,390686138.0,31963.0,0.0,28.0,0.0,0.0,0.0,74.0,0.0,35.0,35.0,27804429.0,0.0,0.0,0.0,104341935521071.0,851951587.0,979579908.0
2014-06-28,160041885696,191336409.0,0.0,56.0,4.0,390977858.0,31988.0,0.0,28.0,0.0,0.0,0.0,74.0,0.0,35.0,35.0,191336409.0,0.0,0.0,0.0,229974023896391.0,857420467.0,991172383.0
2014-06-29,160041885696,111419428.0,0.0,56.0,4.0,391268613.0,32011.0,0.0,28.0,0.0,0.0,0.0,74.0,0.0,35.0,35.0,111419428.0,0.0,0.0,0.0,41059887381855.0,862661577.0,1002912010.0
2014-06-30,160041885696,47017779.0,0.0,56.0,4.0,391576179.0,32035.0,0.0,28.0,0.0,0.0,0.0,74.0,0.0,36.0,36.0,47017779.0,0.0,0.0,0.0,133766756466039.0,868011883.0,827427136.0
2014-07-01,160041885696,225089737.0,0.0,56.0,4.0,391882216.0,32060.0,0.0,28.0,0.0,0.0,0.0,74.0,0.0,35.0,35.0,225089737.0,0.0,0.0,0.0,259227046149519.0,873589598.0,840934538.0
2014-07-02,160041885696,161387101.0,0.0,56.0,4.0,392192990.0,32083.0,0.0,28.0,0.0,0.0,0.0,74.0,0.0,35.0,35.0,161387101.0,0.0,0.0,0.0,69823283363239.0,878935581.0,709647656.0
2014-07-03,160041885696,101346201.0,0.0,56.0,4.0,392503342.0,32107.0,0.0,28.0,0.0,0.0,0.0,74.0,0.0,35.0,35.0,101346201.0,0.0,0.0,0.0,162603166891455.0,884475261.0,721561527.0
2014-07-04,160041885696,22107054.0,0.0,56.0,4.0,392794180.0,32131.0,0.0,28.0,0.0,0.0,0.0,74.0,0.0,35.0,35.0,22107054.0,0.0,0.0,0.0,254919193951703.0,889742951.0,732534355.0
2014-07-05,160041885696,185866970.0,0.0,56.0,4.0,393089219.0,32155.0,0.0,28.0,0.0,0.0,0.0,74.0,0.0,35.0,35.0,185866970.0,0.0,0.0,0.0,98852967316975.0,895242062.0,743291071.0
2014-07-06,160041885696,100810564.0,0.0,56.0,4.0,393374169.0,32179.0,0.0,28.0,0.0,0.0,0.0,74.0,0.0,35.0,35.0,100810564.0,0.0,0.0,0.0,191353677970951.0,900485056.0,754318328.0
2014-07-07,160041885696,26224576.0,0.0,56.0,4.0,393670170.0,32203.0,0.0,28.0,0.0,0.0,0.0,74.0,0.0,35.0,35.0,26224576.0,0.0,0.0,0.0,2546915638815.0,905850607.0,767837106.0
2014-07-08,160041885696,192133744.0,0.0,56.0,4.0,393960239.0,32228.0,0.0,28.0,0.0,0.0,0.0,74.0,0.0,35.0,35.0,192133744.0,0.0,0.0,0.0,127719442513463.0,911123078.0,780126632.0
2014-07-09,160041885696,113511666.0,0.0,56.0,4.0,394248097.0,32251.0,0.0,28.0,0.0,0.0,0.0,74.0,0.0,36.0,36.0,113511666.0,0.0,0.0,0.0,220890168065615.0,916384993.0,710964824.0
2014-07-10,160041885696,41263726.0,0.0,56.0,4.0,394542575.0,32275.0,0.0,28.0,0.0,0.0,0.0,74.0,0.0,36.0,36.0,41263726.0,0.0,0.0,0.0,31585189527143.0,921826891.0,723152376.0
2014-07-11,160041885696,221463760.0,0.0,56.0,4.0,394853015.0,32300.0,0.0,28.0,0.0,0.0,0.0,74.0,0.0,35.0,35.0,221463760.0,0.0,0.0,0.0,157651069599359.0,927323656.0,735490595.0
2014-07-12,160041885696,148608107.0,0.0,56.0,4.0,395150513.0,32323.0,0.0,28.0,0.0,0.0,0.0,74.0,0.0,35.0,35.0,148608107.0,0.0,0.0,0.0,249571959668375.0,932920915.0,808824753.0
2014-07-13,160041885696,71730487.0,0.0,56.0,4.0,395439174.0,32347.0,0.0,28.0,0.0,0.0,0.0,74.0,0.0,36.0,36.0,71730487.0,0.0,0.0,0.0,60670708055727.0,938350883.0,820207434.0
2014-07-14,160041885696,2342773.0,0.0,56.0,4.0,395738239.0,32371.0,0.0,28.0,0.0,0.0,0.0,74.0,0.0,36.0,36.0,2342773.0,0.0,0.0,0.0,152565828320967.0,943807619.0,814982812.0
2014-07-15,160041885696,166135717.0,0.0,56.0,4.0,396027172.0,32395.0,0.0,28.0,0.0,0.0,0.0,74.0,0.0,36.0,36.0,166135717.0,0.0,0.0,0.0,279048320220895.0,948981263.0,826300569.0
2014-07-16,160041885696,95764753.0,0.0,56.0,4.0,396333937.0,32419.0,0.0,28.0,0.0,0.0,0.0,74.0,0.0,36.0,36.0,95764753.0,0.0,0.0,0.0,88983132471031.0,954149157.0,868071604.0
2014-07-17,160041885696,12845597.0,0.0,56.0,4.0,396620955.0,32443.0,0.0,28.0,0.0,0.0,0.0,74.0,0.0,35.0,35.0,12845597.0,0.0,0.0,0.0,182145268088591.0,959235587.0,879174170.0
2014-07-18,160041885696,187720008.0,0.0,56.0,4.0,396931589.0,32468.0,0.0,28.0,0.0,0.0,0.0,74.0,0.0,36.0,36.0,187720008.0,0.0,0.0,0.0,26083336421159.0,964810626.0,679422904.0
2014-07-19,160041885696,108137149.0,0.0,56.0,4.0,397219367.0,32491.0,0.0,28.0,0.0,0.0,0.0,74.0,0.0,33.0,33.0,108137149.0,0.0,0.0,0.0,119722213408575.0,970119798.0,689992237.0
2014-07-20,160041885696,18697300.0,0.0,56.0,4.0,397496265.0,32515.0,0.0,28.0,0.0,0.0,0.0,74.0,0.0,33.0,33.0,18697300.0,0.0,0.0,0.0,211076167794519.0,975372857.0,699800756.0
2014-07-21,160041885696,180180227.0,0.0,56.0,4.0,397779133.0,32540.0,0.0,28.0,0.0,0.0,0.0,74.0,0.0,33.0,33.0,180180227.0,0.0,0.0,0.0,55241869393775.0,980923384.0,712300528.0
2014-07-22,160041885696,95352460.0,0.0,56.0,4.0,398052303.0,32563.0,0.0,28.0,0.0,0.0,0.0,74.0,0.0,39.0,39.0,95352460.0,0.0,0.0,0.0,147626615930759.0,986139498.0,816722379.0
2014-07-23,160041885696,186878866.0,0.0,56.0,4.0,398269722.0,32587.0,0.0,28.0,0.0,0.0,0.0,74.0,0.0,37.0,37.0,186878866.0,0.0,0.0,0.0,240191751094175.0,991076315.0,822952659.0
2014-07-24,160041885696,112269973.0,0.0,56.0,4.0,398565746.0,32612.0,0.0,28.0,0.0,0.0,0.0,74.0,0.0,37.0,37.0,112269973.0,0.0,0.0,0.0,103195179253688.0,996413473.0,834306308.0
2014-07-25,160041885696,43308191.0,0.0,56.0,4.0,398865222.0,32635.0,0.0,28.0,0.0,0.0,0.0,74.0,0.0,37.0,37.0,43308191.0,0.0,0.0,0.0,176776558968783.0,1001824092.0,732375493.0
2014-07-26,160041885696,214743042.0,0.0,56.0,4.0,399160793.0,32659.0,0.0,28.0,0.0,0.0,0.0,74.0,0.0,37.0,37.0,214743042.0,0.0,0.0,0.0,269126945767399.0,1007085261.0,661389845.0
2014-07-27,160041885696,139780668.0,0.0,56.0,4.0,399461654.0,32684.0,0.0,28.0,0.0,0.0,0.0,74.0,0.0,36.0,36.0,139780668.0,0.0,0.0,0.0,132027294711808.0,1012565883.0,671765620.0
2014-07-28,160041885696,65108297.0,0.0,56.0,4.0,399751634.0,32708.0,0.0,28.0,0.0,0.0,0.0,74.0,0.0,36.0,36.0,65108297.0,0.0,0.0,0.0,205204947501079.0,1017987111.0,683494860.0
2014-07-29,160041885696,227892749.0,0.0,56.0,4.0,400035346.0,32731.0,0.0,28.0,0.0,0.0,0.0,74.0,0.0,37.0,37.0,227892749.0,0.0,0.0,0.0,16295105953839.0,1023394517.0,754919792.0
2014-07-30,160041885696,150199582.0,0.0,56.0,4.0,400326220.0,32755.0,0.0,28.0,0.0,0.0,0.0,74.0,0.0,36.0,36.0,150199582.0,0.0,0.0,0.0,108619722948679.0,1028774461.0,786524866.0
2014-07-31,160041885696,75257699.0,0.0,56.0,4.0,400626434.0,32780.0,0.0,28.0,0.0,0.0,0.0,74.0,0.0,36.0,36.0,75257699.0,0.0,0.0,0.0,233856674332767.0,1034126638.0,769128630.0
2014-08-01,160041885696,241512797.0,0.0,56.0,4.0,400915025.0,32803.0,0.0,28.0,0.0,0.0,0.0,74.0,0.0,36.0,36.0,241512797.0,0.0,0.0,0.0,46093589053559.0,1039443511.0,783028286.0
2014-08-02,160041885696,148838814.0,0.0,56.0,4.0,401192450.0,32827.0,0.0,28.0,0.0,0.0,0.0,74.0,0.0,36.0,36.0,148838814.0,0.0,0.0,0.0,138761803432079.0,1044568255.0,793830483.0
2014-08-03,160041885696,59680445.0,0.0,56.0,4.0,401477905.0,32852.0,0.0,28.0,0.0,0.0,0.0,74.0,0.0,36.0,36.0,59680445.0,0.0,0.0,0.0,1941325250728.0,1049812430.0,743931702.0
2014-08-04,160041885696,210146592.0,0.0,56.0,4.0,401752494.0,32875.0,0.0,28.0,0.0,0.0,0.0,74.0,0.0,36.0,36.0,210146592.0,0.0,0.0,0.0,75299366666431.0,1054963849.0,755544172.0
2014-08-05,160041885696,121514756.0,0.0,56.0,4.0,402030627.0,32899.0,0.0,28.0,0.0,0.0,0.0,74.0,0.0,36.0,36.0,121514756.0,0.0,0.0,0.0,166885249286359.0,1060082968.0,696569379.0
2014-08-06,160041885696,35755697.0,0.0,56.0,4.0,402311354.0,32923.0,0.0,28.0,0.0,0.0,0.0,74.0,0.0,36.0,36.0,35755697.0,0.0,0.0,0.0,259308650529007.0,1065170984.0,677834100.0
2014-08-07,160041885696,207088520.0,0.0,56.0,4.0,402619230.0,32948.0,0.0,28.0,0.0,0.0,0.0,74.0,0.0,36.0,36.0,207088520.0,0.0,0.0,0.0,103500121932039.0,1070608061.0,689354636.0
2014-08-08,160041885696,122513677.0,0.0,56.0,4.0,402912390.0,32971.0,0.0,28.0,0.0,0.0,0.0,74.0,0.0,36.0,36.0,122513677.0,0.0,0.0,0.0,195854803697951.0,1075774074.0,638644887.0
2014-08-09,160041885696,31219315.0,0.0,56.0,4.0,403195821.0,32995.0,0.0,28.0,0.0,0.0,0.0,74.0,0.0,36.0,36.0,31219315.0,0.0,0.0,0.0,7164005482807.0,1080970768.0,649572706.0
2014-08-10,160041885696,203132586.0,0.0,56.0,4.0,403500594.0,33020.0,0.0,28.0,0.0,0.0,0.0,74.0,0.0,37.0,37.0,203132586.0,0.0,0.0,0.0,132538395820367.0,1086311639.0,661237893.0
2014-08-11,160041885696,116790727.0,0.0,56.0,4.0,403784486.0,33043.0,0.0,28.0,0.0,0.0,0.0,74.0,0.0,37.0,37.0,116790727.0,0.0,0.0,0.0,224897372553575.0,1091599142.0,522511920.0
2014-08-12,160041885696,30467937.0,0.0,56.0,4.0,404070105.0,33067.0,0.0,28.0,0.0,0.0,0.0,74.0,0.0,37.0,37.0,30467937.0,0.0,0.0,0.0,35137127481727.0,1097028987.0,533002765.0
2014-08-13,160041885696,195876192.0,0.0,56.0,4.0,404361994.0,33092.0,0.0,28.0,0.0,0.0,0.0,74.0,0.0,35.0,35.0,195876192.0,0.0,0.0,0.0,161404871016855.0,1102507574.0,626030509.0
2014-08-14,160041885696,110932462.0,0.0,56.0,4.0,404642945.0,33115.0,0.0,28.0,0.0,0.0,0.0,74.0,0.0,35.0,35.0,110932462.0,0.0,0.0,0.0,253355825856943.0,1107868512.0,636821033.0
2014-08-15,160041885696,25146784.0,0.0,56.0,4.0,404921395.0,33139.0,0.0,28.0,0.0,0.0,0.0,74.0,0.0,36.0,36.0,25146784.0,0.0,0.0,0.0,64265595683271.0,1113159598.0,478045624.0
2014-08-16,160041885696,230753002.0,0.0,56.0,4.0,405263459.0,33164.0,0.0,28.0,0.0,0.0,0.0,74.0,0.0,37.0,37.0,230753002.0,0.0,0.0,0.0,209572929241568.0,1118663419.0,491215845.0
2014-08-17,160041885696,141114670.0,0.0,56.0,4.0,405538365.0,33188.0,0.0,28.0,0.0,0.0,0.0,74.0,0.0,36.0,36.0,141114670.0,0.0,0.0,0.0,876173361655.0,1123893607.0,562438865.0
2014-08-18,160041885696,52522594.0,0.0,56.0,4.0,405816351.0,33211.0,0.0,28.0,0.0,0.0,0.0,74.0,0.0,36.0,36.0,52522594.0,0.0,0.0,0.0,93694711595535.0,1129213028.0,574197560.0
2014-08-19,160041885696,202675565.0,0.0,56.0,4.0,406092635.0,33235.0,0.0,28.0,0.0,0.0,0.0,74.0,0.0,36.0,36.0,202675565.0,0.0,0.0,0.0,185147450229287.0,1134419755.0,584551773.0
2014-08-20,160041885696,117775795.0,0.0,56.0,4.0,406374145.0,33260.0,0.0,28.0,0.0,0.0,0.0,74.0,0.0,37.0,37.0,117775795.0,0.0,0.0,0.0,30090540909119.0,1139618286.0,594752978.0
2014-08-21,160041885696,21778169.0,0.0,56.0,4.0,406647265.0,33283.0,0.0,28.0,0.0,0.0,0.0,76.0,0.0,36.0,36.0,21778169.0,0.0,0.0,0.0,74436078240343.0,1145055819.0,608290967.0
2014-08-22,160041885696,160964982.0,0.0,56.0,4.0,406909019.0,33307.0,0.0,28.0,0.0,0.0,0.0,76.0,0.0,36.0,36.0,160964982.0,0.0,0.0,0.0,167319040983663.0,1150238351.0,501915715.0
2014-08-23,160041885696,58448437.0,0.0,56.0,4.0,407178339.0,33332.0,0.0,28.0,0.0,0.0,0.0,76.0,0.0,36.0,36.0,58448437.0,0.0,0.0,0.0,30537217507976.0,1155696003.0,654429481.0
2014-08-24,160041885696,200478582.0,0.0,56.0,4.0,407445239.0,33356.0,0.0,28.0,0.0,0.0,0.0,76.0,0.0,37.0,37.0,200478582.0,0.0,0.0,0.0,103251013829279.0,1160817493.0,675324732.0
2014-08-25,160041885696,105902494.0,0.0,56.0,4.0,407718986.0,33379.0,0.0,28.0,0.0,0.0,0.0,76.0,0.0,36.0,36.0,105902494.0,0.0,0.0,0.0,195463961674423.0,1166232178.0,679484677.0
2014-08-26,160041885696,13967267.0,0.0,56.0,4.0,407998072.0,33403.0,0.0,28.0,0.0,0.0,0.0,76.0,0.0,35.0,35.0,13967267.0,0.0,0.0,0.0,6369436533455.0,1171583743.0,721978098.0
2014-08-27,160041885696,163781668.0,0.0,56.0,4.0,408270223.0,33428.0,0.0,28.0,0.0,0.0,0.0,76.0,0.0,36.0,36.0,163781668.0,0.0,0.0,0.0,132671539806951.0,1176929674.0,733355195.0
2014-08-28,160041885696,77021550.0,0.0,56.0,4.0,408549960.0,33451.0,0.0,28.0,0.0,0.0,0.0,76.0,0.0,36.0,36.0,77021550.0,0.0,0.0,0.0,224661149352703.0,1182409251.0,745607202.0
2014-08-29,160041885696,219563814.0,0.0,56.0,4.0,408819156.0,33475.0,0.0,28.0,0.0,0.0,0.0,76.0,0.0,37.0,37.0,219563814.0,0.0,0.0,0.0,35506494669591.0,1187673225.0,797660011.0
2014-08-30,160041885696,127247679.0,0.0,56.0,4.0,409099519.0,33500.0,0.0,28.0,0.0,0.0,0.0,76.0,0.0,36.0,36.0,127247679.0,0.0,0.0,0.0,161005439058735.0,1193190081.0,830281148.0
2014-08-31,160041885696,42846428.0,0.0,56.0,4.0,409387205.0,33523.0,0.0,28.0,0.0,0.0,0.0,76.0,0.0,37.0,37.0,42846428.0,0.0,0.0,0.0,252707285795655.0,1198500079.0,604884606.0
2014-09-01,160041885696,200126376.0,0.0,56.0,4.0,409672845.0,33547.0,0.0,28.0,0.0,0.0,0.0,76.0,0.0,37.0,37.0,200126376.0,0.0,0.0,0.0,64093796991839.0,1203786445.0,588678887.0
2014-09-02,160041885696,125961991.0,0.0,56.0,4.0,409980334.0,33572.0,0.0,28.0,0.0,0.0,0.0,76.0,0.0,36.0,36.0,125961991.0,0.0,0.0,0.0,208645216306040.0,1209397744.0,612892266.0
2014-09-03,160041885696,35014019.0,0.0,56.0,4.0,410265167.0,33596.0,0.0,28.0,0.0,0.0,0.0,76.0,0.0,37.0,37.0,35014019.0,0.0,0.0,0.0,571230684047.0,1214601946.0,625455097.0
2014-09-04,160041885696,191984198.0,0.0,56.0,4.0,410560584.0,33619.0,0.0,28.0,0.0,0.0,0.0,76.0,0.0,37.0,37.0,191984198.0,0.0,0.0,0.0,93102006109095.0,1219774729.0,691992703.0
2014-09-05,160041885696,103304041.0,0.0,56.0,4.0,410860708.0,33644.0,0.0,28.0,0.0,0.0,0.0,76.0,0.0,36.0,36.0,103304041.0,0.0,0.0,0.0,237266878366656.0,1225062476.0,707178256.0
2014-09-06,160041885696,23120767.0,0.0,56.0,4.0,411166114.0,33668.0,0.0,28.0,0.0,0.0,0.0,76.0,0.0,37.0,37.0,23120767.0,0.0,0.0,0.0,29085518562263.0,1230377586.0,722804131.0
2014-09-07,160041885696,170245680.0,0.0,56.0,4.0,411451981.0,33691.0,0.0,28.0,0.0,0.0,0.0,76.0,0.0,36.0,36.0,170245680.0,0.0,0.0,0.0,121569049347055.0,1235480707.0,667362577.0
2014-09-08,160041885696,83888808.0,0.0,56.0,4.0,411742280.0,33715.0,0.0,28.0,0.0,0.0,0.0,76.0,0.0,37.0,37.0,83888808.0,0.0,0.0,0.0,214378997646343.0,1240818825.0,631649579.0
2014-09-09,160041885696,239840664.0,0.0,56.0,4.0,412037202.0,33740.0,0.0,28.0,0.0,0.0,0.0,76.0,0.0,35.0,35.0,239840664.0,0.0,0.0,0.0,57891864216607.0,1246060913.0,521701432.0
2014-09-10,160041885696,141737349.0,0.0,56.0,4.0,412309970.0,33763.0,0.0,28.0,0.0,0.0,0.0,76.0,0.0,36.0,36.0,141737349.0,0.0,0.0,0.0,150422639641655.0,1251016986.0,542070947.0
2014-09-11,160041885696,36999792.0,0.0,56.0,4.0,412569345.0,33787.0,0.0,28.0,0.0,0.0,0.0,76.0,0.0,36.0,36.0,36999792.0,0.0,0.0,0.0,242742961669199.0,1256190406.0,471755790.0
2014-09-12,160041885696,190336346.0,0.0,56.0,4.0,412854393.0,33812.0,0.0,28.0,0.0,0.0,0.0,76.0,0.0,36.0,36.0,190336346.0,0.0,0.0,0.0,105999792899176.0,1261681182.0,392451430.0
2014-09-13,160041885696,96565444.0,0.0,56.0,4.0,413133252.0,33836.0,0.0,28.0,0.0,0.0,0.0,76.0,0.0,38.0,38.0,96565444.0,0.0,0.0,0.0,179289114838143.0,1266983357.0,404370300.0
2014-09-14,160041885696,11338627.0,0.0,56.0,4.0,413419299.0,33859.0,0.0,28.0,0.0,0.0,0.0,76.0,0.0,38.0,38.0,11338627.0,0.0,0.0,0.0,271210004907159.0,1272312224.0,397153092.0
2014-09-15,160041885696,175768879.0,0.0,56.0,4.0,413717009.0,33884.0,0.0,28.0,0.0,0.0,0.0,76.0,0.0,38.0,38.0,175768879.0,0.0,0.0,0.0,134436771366064.0,1277906008.0,441003474.0
2014-09-16,160041885696,85261454.0,0.0,56.0,4.0,414002816.0,33908.0,0.0,28.0,0.0,0.0,0.0,76.0,0.0,38.0,38.0,85261454.0,0.0,0.0,0.0,207597244286151.0,1283325373.0,452893011.0
2014-09-17,160041885696,241810015.0,0.0,56.0,4.0,414288175.0,33931.0,0.0,28.0,0.0,0.0,0.0,76.0,0.0,39.0,39.0,241810015.0,0.0,0.0,0.0,17828409279711.0,1288400018.0,465705585.0
2014-09-18,160041885696,154244192.0,0.0,56.0,4.0,414567085.0,33955.0,0.0,28.0,0.0,0.0,0.0,76.0,0.0,39.0,39.0,154244192.0,0.0,0.0,0.0,110505213592823.0,1293772564.0,509859794.0
2014-09-19,160041885696,66733111.0,0.0,56.0,4.0,414856414.0,33980.0,0.0,28.0,0.0,0.0,0.0,76.0,0.0,38.0,38.0,66733111.0,0.0,0.0,0.0,235531711579407.0,1299311800.0,236003649.0
2014-09-20,160041885696,166701525.0,0.0,56.0,4.0,415103001.0,34003.0,0.0,28.0,0.0,0.0,0.0,76.0,0.0,38.0,38.0,166701525.0,0.0,0.0,0.0,45977624937767.0,1304592868.0,243746744.0
2014-09-21,160041885696,10661399.0,0.0,56.0,4.0,415338198.0,34027.0,0.0,28.0,0.0,0.0,0.0,76.0,0.0,38.0,38.0,10661399.0,0.0,0.0,0.0,138469745657151.0,1310198017.0,251269121.0
2014-09-22,160041885696,178305383.0,0.0,56.0,4.0,415639432.0,34052.0,0.0,28.0,0.0,0.0,0.0,76.0,0.0,38.0,38.0,178305383.0,0.0,0.0,0.0,2448131392856.0,1315828967.0,267232092.0
2014-09-23,160041885696,97957060.0,0.0,56.0,4.0,415929398.0,34076.0,0.0,28.0,0.0,0.0,0.0,76.0,0.0,38.0,38.0,97957060.0,0.0,0.0,0.0,74517682619759.0,1321162461.0,322383776.0
2014-09-24,160041885696,14940624.0,0.0,56.0,4.0,416215120.0,34099.0,0.0,28.0,0.0,0.0,0.0,76.0,0.0,37.0,37.0,14940624.0,0.0,0.0,0.0,167413530264967.0,1326518160.0,265278282.0
2014-09-25,160041885696,171626399.0,0.0,56.0,4.0,416491899.0,34124.0,0.0,28.0,0.0,0.0,0.0,76.0,0.0,35.0,35.0,171626399.0,0.0,0.0,0.0,30309584242080.0,1331828642.0,277626037.0
2014-09-26,160041885696,83484021.0,0.0,56.0,4.0,416777238.0,34148.0,0.0,28.0,0.0,0.0,0.0,76.0,0.0,35.0,35.0,83484021.0,0.0,0.0,0.0,103414222587319.0,1337215382.0,291413300.0
2014-09-27,160041885696,234944216.0,0.0,56.0,4.0,417053854.0,34171.0,0.0,28.0,0.0,0.0,0.0,76.0,0.0,35.0,35.0,234944216.0,0.0,0.0,0.0,195549861021135.0,1342348354.0,221325111.0
2014-09-28,160041885696,147512870.0,0.0,56.0,4.0,417341930.0,34195.0,0.0,28.0,0.0,0.0,0.0,76.0,0.0,35.0,35.0,147512870.0,0.0,0.0,0.0,6747393656295.0,1347550005.0,68001901.0
2014-09-29,160041885696,70435990.0,0.0,56.0,4.0,417644446.0,34220.0,0.0,28.0,0.0,0.0,0.0,76.0,0.0,34.0,34.0,70435990.0,0.0,0.0,0.0,132409546802687.0,1352966808.0,80862656.0
2014-09-30,160041885696,214085898.0,0.0,56.0,4.0,417912578.0,34243.0,0.0,28.0,0.0,0.0,0.0,76.0,0.0,34.0,34.0,214085898.0,0.0,0.0,0.0,225223790069271.0,1358052361.0,9420161.0
2014-10-01,160041885696,115271629.0,0.0,56.0,4.0,418192408.0,34268.0,0.0,28.0,0.0,0.0,0.0,76.0,0.0,36.0,36.0,115271629.0,0.0,0.0,0.0,88948772734512.0,1363398322.0,21225302.0
2014-10-02,160041885696,14734748.0,0.0,56.0,4.0,418465737.0,34292.0,0.0,28.0,0.0,0.0,0.0,76.0,0.0,35.0,35.0,14734748.0,0.0,0.0,0.0,180946972214856.0,1368606228.0,93991679.0
2014-10-03,160041885696,159291886.0,0.0,56.0,4.0,418738192.0,34316.0,0.0,28.0,0.0,0.0,0.0,76.0,0.0,35.0,35.0,159291886.0,0.0,0.0,0.0,253811092391519.0,1373813787.0,127572616.0
2014-10-04,160041885696,61179129.0,0.0,56.0,4.0,419014330.0,34339.0,0.0,28.0,0.0,0.0,0.0,76.0,0.0,36.0,36.0,61179129.0,0.0,0.0,0.0,64553358493303.0,1379026974.0,138890125.0
2014-10-05,160041885696,216817904.0,0.0,56.0,4.0,419298386.0,34364.0,0.0,28.0,0.0,0.0,0.0,76.0,0.0,36.0,36.0,216817904.0,0.0,0.0,0.0,209680303425168.0,1384691896.0,150785584.0
2014-10-06,160041885696,133270731.0,0.0,56.0,4.0,419589211.0,34388.0,0.0,28.0,0.0,0.0,0.0,76.0,0.0,36.0,36.0,133270731.0,0.0,0.0,0.0,420906829479.0,1390137541.0,163274648.0
2014-10-07,160041885696,56244748.0,0.0,56.0,4.0,419891656.0,34411.0,0.0,28.0,0.0,0.0,0.0,76.0,0.0,35.0,35.0,56244748.0,0.0,0.0,0.0,93308164540095.0,1395373536.0,36126348.0
2014-10-08,160041885696,213890676.0,0.0,56.0,4.0,420185572.0,34436.0,0.0,28.0,0.0,0.0,0.0,76.0,0.0,36.0,36.0,213890676.0,0.0,0.0,0.0,237932598298328.0,1400812208.0,4250105937.0
2014-10-09,160041885696,124007784.0,0.0,56.0,4.0,420475214.0,34460.0,0.0,28.0,0.0,0.0,0.0,76.0,0.0,36.0,36.0,124007784.0,0.0,0.0,0.0,29996051629807.0,1406211489.0,4263634447.0
2014-10-10,160041885696,40463962.0,0.0,56.0,4.0,420766846.0,34483.0,0.0,28.0,0.0,0.0,0.0,76.0,0.0,36.0,36.0,40463962.0,0.0,0.0,0.0,121736553072391.0,1411583427.0,4287255050.0
2014-10-11,160041885696,195994362.0,0.0,56.0,4.0,421051036.0,34508.0,0.0,28.0,0.0,0.0,0.0,76.0,0.0,36.0,36.0,195994362.0,0.0,0.0,0.0,267035296696096.0,1416884466.0,14177280.0
2014-10-12,160041885696,105553178.0,0.0,56.0,4.0,421330479.0,34532.0,0.0,28.0,0.0,0.0,0.0,76.0,0.0,36.0,36.0,105553178.0,0.0,0.0,0.0,78013785999160.0,1422081872.0,4238609025.0
2014-10-13,160041885696,13449228.0,0.0,56.0,4.0,421606366.0,34556.0,0.0,28.0,0.0,0.0,0.0,76.0,0.0,36.0,36.0,13449228.0,0.0,0.0,0.0,151049704867663.0,1427545868.0,4281930283.0
2014-10-14,160041885696,156449097.0,0.0,56.0,4.0,421873686.0,34579.0,0.0,28.0,0.0,0.0,0.0,76.0,0.0,35.0,35.0,156449097.0,0.0,0.0,0.0,242747256637287.0,1433144541.0,60248027.0
2014-10-15,160041885696,68201455.0,0.0,56.0,4.0,422162390.0,34604.0,0.0,28.0,0.0,0.0,0.0,76.0,0.0,35.0,35.0,68201455.0,0.0,0.0,0.0,106141526820736.0,1438309756.0,73639048.0
2014-10-16,160041885696,216226069.0,0.0,56.0,4.0,422430542.0,34628.0,0.0,28.0,0.0,0.0,0.0,76.0,0.0,35.0,35.0,216226069.0,0.0,0.0,0.0,179095841310615.0,1442932116.0,106512487.0
2014-10-17,160041885696,130044091.0,0.0,56.0,4.0,422710990.0,34651.0,0.0,28.0,0.0,0.0,0.0,76.0,0.0,35.0,35.0,130044091.0,0.0,0.0,0.0,271991688955823.0,1447727026.0,130966006.0
2014-10-18,160041885696,54709340.0,0.0,56.0,4.0,423010468.0,34676.0,0.0,28.0,0.0,0.0,0.0,76.0,0.0,34.0,34.0,54709340.0,0.0,0.0,0.0,135458973583304.0,1452440803.0,123124554.0
2014-10-19,160041885696,204606835.0,0.0,56.0,4.0,423284326.0,34700.0,0.0,28.0,0.0,0.0,0.0,76.0,0.0,34.0,34.0,204606835.0,0.0,0.0,0.0,208494892451807.0,1456903004.0,135551666.0
2014-10-20,160041885696,120035223.0,0.0,56.0,4.0,423569724.0,34723.0,0.0,28.0,0.0,0.0,0.0,76.0,0.0,34.0,34.0,120035223.0,0.0,0.0,0.0,18876381300727.0,1461384316.0,118275689.0
2014-10-21,160041885696,22085426.0,0.0,56.0,4.0,423842736.0,34747.0,0.0,28.0,0.0,0.0,0.0,76.0,0.0,34.0,34.0,22085426.0,0.0,0.0,0.0,111226768099343.0,1465788140.0,129988397.0
2014-10-22,160041885696,182359948.0,0.0,56.0,4.0,424143250.0,34772.0,0.0,28.0,0.0,0.0,0.0,76.0,0.0,35.0,35.0,182359948.0,0.0,0.0,0.0,255980050876456.0,1470456237.0,141312319.0
2014-10-23,160041885696,107505389.0,0.0,56.0,4.0,424443393.0,34796.0,0.0,28.0,0.0,0.0,0.0,76.0,0.0,35.0,35.0,107505389.0,0.0,0.0,0.0,47614007478335.0,1474976993.0,100962078.0
2014-10-24,160041885696,26012168.0,0.0,56.0,4.0,424724901.0,34819.0,0.0,28.0,0.0,0.0,0.0,76.0,0.0,35.0,35.0,26012168.0,0.0,0.0,0.0,226727028623447.0,1479713614.0,114137379.0
2014-10-25,160041885696,177267217.0,0.0,56.0,4.0,425003756.0,34844.0,0.0,28.0,0.0,0.0,0.0,76.0,0.0,35.0,35.0,177267217.0,0.0,0.0,0.0,90662464686192.0,1484232952.0,122668589.0
2014-10-26,160041885696,70632447.0,0.0,56.0,4.0,425259744.0,34868.0,0.0,28.0,0.0,0.0,0.0,76.0,0.0,35.0,35.0,70632447.0,0.0,0.0,0.0,163926016821383.0,1488543251.0,131297555.0
2014-10-27,160041885696,222332012.0,0.0,56.0,4.0,425531329.0,34891.0,0.0,28.0,0.0,0.0,0.0,76.0,0.0,35.0,35.0,222332012.0,0.0,0.0,0.0,256023000549535.0,1493005756.0,91628425.0
2014-10-28,160041885696,138432850.0,0.0,56.0,4.0,425813188.0,34916.0,0.0,28.0,0.0,0.0,0.0,76.0,0.0,34.0,34.0,138432850.0,0.0,0.0,0.0,119060788447416.0,1497488840.0,134403444.0
2014-10-29,160041885696,51276360.0,0.0,56.0,4.0,426093682.0,34940.0,0.0,28.0,0.0,0.0,0.0,76.0,0.0,35.0,35.0,51276360.0,0.0,0.0,0.0,192174016727247.0,1501962546.0,145908249.0
2014-10-30,160041885696,217729704.0,0.0,56.0,4.0,426386545.0,34963.0,0.0,28.0,0.0,0.0,0.0,76.0,0.0,35.0,35.0,217729704.0,0.0,0.0,0.0,3264175180007.0,1506521795.0,87677698.0
2014-10-31,160041885696,147978884.0,0.0,56.0,4.0,426683939.0,34987.0,0.0,28.0,0.0,0.0,0.0,76.0,0.0,35.0,35.0,147978884.0,0.0,0.0,0.0,95575907272959.0,1511069505.0,80378047.0
2014-11-01,160041885696,90335919.0,0.0,56.0,4.0,426995777.0,35012.0,0.0,28.0,0.0,0.0,0.0,76.0,0.0,35.0,35.0,90335919.0,0.0,0.0,0.0,240449449134360.0,1516057928.0,39846801.0
2014-11-03,160041885696,156557055.0,0.0,56.0,4.0,427566131.0,35061.0,0.0,28.0,0.0,0.0,0.0,76.0,0.0,35.0,35.0,156557055.0,0.0,0.0,0.0,166515882101065.0,1525457322.0,71259185.0
2014-11-04,160041885696,62871293.0,0.0,56.0,4.0,427839122.0,35085.0,0.0,28.0,0.0,0.0,0.0,76.0,0.0,34.0,34.0,62871293.0,0.0,0.0,0.0,238873196136800.0,1530054690.0,81257469.0
2014-11-05,160041885696,209449149.0,0.0,56.0,4.0,428105327.0,35108.0,0.0,28.0,0.0,0.0,0.0,76.0,0.0,37.0,37.0,209449149.0,0.0,0.0,0.0,49959059622264.0,1535256343.0,91247631.0
2014-11-06,160041885696,140975653.0,0.0,56.0,4.0,428395881.0,35133.0,0.0,28.0,0.0,0.0,0.0,76.0,0.0,35.0,35.0,140975653.0,0.0,0.0,0.0,194720932333969.0,1539958737.0,104079030.0
2014-11-07,160041885696,55809619.0,0.0,56.0,4.0,428667123.0,35157.0,0.0,28.0,0.0,0.0,0.0,76.0,0.0,35.0,35.0,55809619.0,0.0,0.0,0.0,5312874580393.0,1544806987.0,96081307.0
2014-11-08,160041885696,235796163.0,0.0,56.0,4.0,428955352.0,35180.0,0.0,28.0,0.0,0.0,0.0,76.0,0.0,35.0,35.0,235796163.0,0.0,0.0,0.0,78932909001152.0,1549760824.0,34969962.0
2014-11-09,160041885696,156321142.0,0.0,56.0,4.0,429239617.0,35205.0,0.0,28.0,0.0,0.0,0.0,76.0,0.0,35.0,35.0,156321142.0,0.0,0.0,0.0,223200860473817.0,1554635930.0,4258381007.0
2014-11-10,160041885696,89585681.0,0.0,56.0,4.0,429533825.0,35229.0,0.0,28.0,0.0,0.0,0.0,76.0,0.0,35.0,35.0,89585681.0,0.0,0.0,0.0,33719788276209.0,1559679169.0,4054220216.0
2014-11-11,160041885696,238973440.0,0.0,56.0,4.0,429801836.0,35253.0,0.0,28.0,0.0,0.0,0.0,76.0,0.0,34.0,34.0,238973440.0,0.0,0.0,0.0,146243636464136.0,1564288074.0,4043650673.0
2014-11-12,160041885696,133683865.0,0.0,56.0,4.0,430057964.0,35276.0,0.0,28.0,0.0,0.0,0.0,76.0,0.0,35.0,35.0,133683865.0,0.0,0.0,0.0,238778706856480.0,1568764802.0,4052999055.0
2014-11-13,160041885696,43040957.0,0.0,56.0,4.0,430335912.0,35301.0,0.0,28.0,0.0,0.0,0.0,76.0,0.0,35.0,35.0,43040957.0,0.0,0.0,0.0,102310415993401.0,1573488157.0,4063708552.0
2014-11-14,160041885696,192654439.0,0.0,56.0,4.0,430607738.0,35325.0,0.0,28.0,0.0,0.0,0.0,76.0,0.0,35.0,35.0,192654439.0,0.0,0.0,0.0,175024212314704.0,1578100269.0,4073168237.0
2014-11-15,160041885696,126024360.0,0.0,56.0,4.0,430898037.0,35348.0,0.0,28.0,0.0,0.0,0.0,76.0,0.0,35.0,35.0,126024360.0,0.0,0.0,0.0,267164145715816.0,1582887715.0,4083808205.0
2014-11-16,160041885696,38214611.0,0.0,56.0,4.0,431178305.0,35373.0,0.0,28.0,0.0,0.0,0.0,76.0,0.0,35.0,35.0,38214611.0,0.0,0.0,0.0,130923488119425.0,1587755214.0,4094994796.0
2014-11-17,160041885696,188487114.0,0.0,56.0,4.0,431453121.0,35397.0,0.0,28.0,0.0,0.0,0.0,76.0,0.0,35.0,35.0,188487114.0,0.0,0.0,0.0,222818608384665.0,1592433182.0,4076234926.0
2014-11-18,160041885696,105005433.0,0.0,56.0,4.0,431734593.0,35420.0,0.0,28.0,0.0,0.0,0.0,76.0,0.0,34.0,34.0,105005433.0,0.0,0.0,0.0,14100377668272.0,1597128970.0,3920795401.0
2014-11-19,160041885696,21531941.0,0.0,56.0,4.0,432015491.0,35445.0,0.0,28.0,0.0,0.0,0.0,76.0,0.0,35.0,35.0,21531941.0,0.0,0.0,0.0,159549445147337.0,1601767572.0,3931887511.0
2014-11-20,160041885696,167103089.0,0.0,56.0,4.0,432281822.0,35469.0,0.0,28.0,0.0,0.0,0.0,76.0,0.0,35.0,35.0,167103089.0,0.0,0.0,0.0,251470335216353.0,1606384288.0,3942183856.0
2014-11-21,160041885696,82763259.0,0.0,56.0,4.0,432561643.0,35493.0,0.0,28.0,0.0,0.0,0.0,76.0,0.0,35.0,35.0,82763259.0,0.0,0.0,0.0,42786464238328.0,1611244340.0,3952692173.0
2014-11-22,160041885696,230805650.0,0.0,56.0,4.0,432830540.0,35517.0,0.0,28.0,0.0,0.0,0.0,76.0,0.0,35.0,35.0,230805650.0,0.0,0.0,0.0,188364380736273.0,1615957166.0,3932378010.0
2014-11-23,160041885696,136813344.0,0.0,56.0,4.0,433106779.0,35541.0,0.0,28.0,0.0,0.0,0.0,76.0,0.0,35.0,35.0,136813344.0,0.0,0.0,0.0,280869386357545.0,1620539225.0,3943492687.0
2014-11-24,160041885696,51062729.0,0.0,56.0,4.0,433388399.0,35565.0,0.0,28.0,0.0,0.0,0.0,76.0,0.0,35.0,35.0,51062729.0,0.0,0.0,0.0,72189810346816.0,1625230219.0,3954743574.0
2014-11-25,160041885696,215792067.0,0.0,56.0,4.0,433679483.0,35588.0,0.0,28.0,0.0,0.0,0.0,76.0,0.0,33.0,33.0,215792067.0,0.0,0.0,0.0,163775692966744.0,1629803009.0,3964972594.0
2014-11-26,160041885696,136309489.0,0.0,56.0,4.0,433967791.0,35613.0,0.0,28.0,0.0,0.0,0.0,76.0,0.0,35.0,35.0,136309489.0,0.0,0.0,0.0,27702539094897.0,1634468033.0,3974962800.0
2014-11-27,160041885696,46739102.0,0.0,56.0,4.0,434237031.0,35637.0,0.0,28.0,0.0,0.0,0.0,76.0,0.0,35.0,35.0,46739102.0,0.0,0.0,0.0,120263379291017.0,1639054274.0,3885753026.0
2014-11-28,160041885696,202740618.0,0.0,56.0,4.0,434507787.0,35660.0,0.0,28.0,0.0,0.0,0.0,76.0,0.0,35.0,35.0,202740618.0,0.0,0.0,0.0,192835441691552.0,1643682109.0,3895961529.0
2014-11-29,160041885696,113085928.0,0.0,56.0,4.0,434782764.0,35685.0,0.0,28.0,0.0,0.0,0.0,76.0,0.0,35.0,35.0,113085928.0,0.0,0.0,0.0,56238301809593.0,1648600516.0,3905953398.0
2014-11-30,160041885696,15721288.0,0.0,56.0,4.0,435052497.0,35709.0,0.0,28.0,0.0,0.0,0.0,76.0,0.0,35.0,35.0,15721288.0,0.0,0.0,0.0,148949465861073.0,1653223479.0,3915538788.0
2014-12-01,160041885696,171722204.0,0.0,56.0,4.0,435331939.0,35733.0,0.0,28.0,0.0,0.0,0.0,76.0,0.0,35.0,35.0,171722204.0,0.0,0.0,0.0,222234492832744.0,1657786232.0,3896374839.0
2014-12-02,160041885696,79049649.0,0.0,56.0,4.0,435600662.0,35756.0,0.0,28.0,0.0,0.0,0.0,76.0,0.0,33.0,33.0,79049649.0,0.0,0.0,0.0,32895154555904.0,1662374723.0,3885944287.0
2014-12-03,160041885696,232100574.0,0.0,56.0,4.0,435873798.0,35781.0,0.0,28.0,0.0,0.0,0.0,76.0,0.0,35.0,35.0,232100574.0,0.0,0.0,0.0,177047141911577.0,1667063181.0,3896143883.0
2014-12-04,160041885696,134630613.0,0.0,56.0,4.0,436136730.0,35805.0,0.0,28.0,0.0,0.0,0.0,76.0,0.0,34.0,34.0,134630613.0,0.0,0.0,0.0,250770255547440.0,1671672101.0,3905762977.0
2014-12-05,160041885696,39171101.0,0.0,56.0,4.0,436406287.0,35828.0,0.0,28.0,0.0,0.0,0.0,76.0,0.0,34.0,34.0,39171101.0,0.0,0.0,0.0,61435212237896.0,1676561333.0,4009210547.0
2014-12-06,160041885696,182148567.0,0.0,56.0,4.0,436674512.0,35853.0,0.0,28.0,0.0,0.0,0.0,76.0,0.0,34.0,34.0,182148567.0,0.0,0.0,0.0,206424718216289.0,1681320869.0,3800192455.0
2014-12-07,160041885696,86201635.0,0.0,56.0,4.0,436946773.0,35877.0,0.0,28.0,0.0,0.0,0.0,76.0,0.0,34.0,34.0,86201635.0,0.0,0.0,0.0,17377437715577.0,1685982774.0,3790245505.0
2014-12-08,160041885696,231157538.0,0.0,56.0,4.0,437212176.0,35900.0,0.0,28.0,0.0,0.0,0.0,76.0,0.0,34.0,34.0,231157538.0,0.0,0.0,0.0,90413356584080.0,1690822155.0,3802442992.0
2014-12-09,160041885696,135610864.0,0.0,56.0,4.0,437486822.0,35925.0,0.0,28.0,0.0,0.0,0.0,76.0,0.0,33.0,33.0,135610864.0,0.0,0.0,0.0,234642653351081.0,1695817343.0,3798894248.0
2014-12-10,160041885696,46952396.0,0.0,56.0,4.0,437769079.0,35949.0,0.0,28.0,0.0,0.0,0.0,76.0,0.0,34.0,34.0,46952396.0,0.0,0.0,0.0,45621142654145.0,1700778019.0,3810782737.0
2014-12-11,160041885696,219905019.0,0.0,56.0,4.0,438066332.0,35973.0,0.0,28.0,0.0,0.0,0.0,76.0,0.0,34.0,34.0,219905019.0,0.0,0.0,0.0,119228292173016.0,1705977795.0,3822671571.0
2014-12-12,160041885696,134067368.0,0.0,56.0,5.0,438349410.0,35996.0,0.0,28.0,0.0,0.0,0.0,76.0,0.0,34.0,34.0,134067368.0,0.0,0.0,0.0,211046103026928.0,1711168918.0,3834929443.0
2014-12-13,160041885696,47956253.0,0.0,56.0,5.0,438626517.0,36021.0,0.0,28.0,0.0,0.0,0.0,76.0,0.0,35.0,35.0,47956253.0,0.0,0.0,0.0,74762495757577.0,1716270488.0,3845250539.0
2014-12-14,160041885696,210879211.0,0.0,56.0,5.0,438912161.0,36045.0,0.0,28.0,0.0,0.0,0.0,76.0,0.0,33.0,33.0,210879211.0,0.0,0.0,0.0,147901493841184.0,1721146699.0,3812629566.0
2014-12-15,160041885696,117631331.0,0.0,56.0,5.0,439183482.0,36068.0,0.0,28.0,0.0,0.0,0.0,76.0,0.0,34.0,34.0,117631331.0,0.0,0.0,0.0,240114441686328.0,1726072516.0,3541980208.0
2014-12-16,160041885696,25536284.0,0.0,56.0,5.0,439464194.0,36093.0,0.0,28.0,0.0,0.0,0.0,76.0,0.0,32.0,32.0,25536284.0,0.0,0.0,0.0,103405632654673.0,1731106790.0,3522635382.0
2014-12-17,160041885696,179278725.0,0.0,56.0,5.0,439742297.0,36117.0,0.0,28.0,0.0,0.0,0.0,76.0,0.0,34.0,34.0,179278725.0,0.0,0.0,0.0,176596170345832.0,1736048448.0,3553736592.0
2014-12-18,160041885696,87330292.0,0.0,56.0,5.0,440016689.0,36140.0,0.0,28.0,0.0,0.0,0.0,76.0,0.0,34.0,34.0,87330292.0,0.0,0.0,0.0,268590074858880.0,1740940664.0,3624710198.0
2014-12-19,160041885696,243869010.0,0.0,56.0,5.0,440296901.0,36165.0,0.0,28.0,0.0,0.0,0.0,76.0,0.0,34.0,34.0,243869010.0,0.0,0.0,0.0,132392366935449.0,1746139316.0,3696410787.0
2014-12-20,160041885696,142901553.0,0.0,56.0,5.0,440559455.0,36189.0,0.0,28.0,0.0,0.0,0.0,76.0,0.0,34.0,34.0,142901553.0,0.0,0.0,0.0,224927437327793.0,1751203699.0,3706332257.0
2014-12-21,160041885696,35839259.0,0.0,56.0,5.0,440808301.0,36213.0,0.0,28.0,0.0,0.0,0.0,76.0,0.0,35.0,35.0,35839259.0,0.0,0.0,0.0,15801184718280.0,1756100686.0,3634098453.0
2014-12-22,160041885696,181945648.0,0.0,56.0,5.0,441073182.0,36237.0,0.0,28.0,0.0,0.0,0.0,76.0,0.0,34.0,34.0,181945648.0,0.0,0.0,0.0,161108518276577.0,1761230152.0,3645044582.0
2014-12-23,160041885696,91624167.0,0.0,56.0,5.0,441353177.0,36261.0,0.0,28.0,0.0,0.0,0.0,76.0,0.0,33.0,33.0,91624167.0,0.0,0.0,0.0,253068063051257.0,1766095809.0,3656001774.0
2014-12-24,160041885696,237842474.0,0.0,56.0,5.0,441626827.0,36285.0,0.0,28.0,0.0,0.0,0.0,76.0,0.0,34.0,34.0,237842474.0,0.0,0.0,0.0,44839458606608.0,1770949202.0,3604821757.0
2014-12-25,160041885696,140265321.0,0.0,56.0,6.0,441906864.0,36309.0,0.0,28.0,0.0,0.0,0.0,76.0,0.0,33.0,33.0,140265321.0,0.0,0.0,0.0,189322158444073.0,1775973286.0,3552178855.0
2014-12-26,160041885696,36986496.0,0.0,56.0,6.0,442174140.0,36333.0,0.0,28.0,0.0,0.0,0.0,76.0,0.0,34.0,34.0,36986496.0,0.0,0.0,0.0,558345784897.0,1780645330.0,3561614666.0
2014-12-27,160041885696,187717654.0,0.0,56.0,6.0,442442310.0,36357.0,0.0,28.0,0.0,0.0,0.0,76.0,0.0,34.0,34.0,187717654.0,0.0,0.0,0.0,74126840598104.0,1785266290.0,3571978499.0
2014-12-28,160041885696,85162453.0,0.0,56.0,6.0,442693999.0,36380.0,0.0,28.0,0.0,0.0,0.0,76.0,0.0,34.0,34.0,85162453.0,0.0,0.0,0.0,166245299162736.0,1790055380.0,3580781412.0
2014-12-29,160041885696,239057775.0,0.0,56.0,6.0,442964536.0,36405.0,0.0,28.0,0.0,0.0,0.0,76.0,0.0,34.0,34.0,239057775.0,0.0,0.0,0.0,29832842874505.0,1794777148.0,3591445541.0
2014-12-30,160041885696,141766604.0,0.0,56.0,6.0,443230278.0,36429.0,0.0,28.0,0.0,0.0,0.0,76.0,0.0,33.0,33.0,141766604.0,0.0,0.0,0.0,121500329873057.0,1799422593.0,3600411051.0
2014-12-31,160041885696,36579612.0,0.0,56.0,6.0,443492132.0,36453.0,0.0,28.0,0.0,0.0,0.0,76.0,0.0,34.0,34.0,36579612.0,0.0,0.0,0.0,194360155082424.0,1803944940.0,3609907307.0
2015-01-01,160041885696,187772871.0,0.0,56.0,6.0,443775328.0,36477.0,0.0,28.0,0.0,0.0,0.0,76.0,0.0,34.0,34.0,187772871.0,0.0,0.0,0.0,57720065527505.0,1808741665.0,3619480073.0
2015-01-02,160041885696,100711903.0,0.0,56.0,6.0,444058966.0,36501.0,0.0,28.0,0.0,0.0,0.0,76.0,0.0,34.0,34.0,100711903.0,0.0,0.0,0.0,150306675527401.0,1813343061.0,3629120461.0
2015-01-03,160041885696,5472250.0,0.0,56.0,6.0,444339392.0,36525.0,0.0,28.0,0.0,0.0,0.0,76.0,0.0,34.0,34.0,5472250.0,0.0,0.0,0.0,223634652172032.0,1817975765.0,3621508580.0
2015-01-04,160041885696,160291737.0,0.0,56.0,6.0,444623571.0,36549.0,0.0,28.0,0.0,0.0,0.0,76.0,0.0,34.0,34.0,160291737.0,0.0,0.0,0.0,87067577061145.0,1822701976.0,3592471039.0
2015-01-05,160041885696,68051399.0,0.0,56.0,6.0,444901106.0,36573.0,0.0,28.0,0.0,0.0,0.0,76.0,0.0,34.0,34.0,68051399.0,0.0,0.0,0.0,179314884644657.0,1827278416.0,3583285323.0
2015-01-06,160041885696,218018898.0,0.0,56.0,6.0,445175177.0,36597.0,0.0,28.0,0.0,0.0,0.0,76.0,0.0,33.0,33.0,218018898.0,0.0,0.0,0.0,251813932601160.0,1831789556.0,3593667637.0
2015-01-07,160041885696,129222132.0,0.0,56.0,6.0,445452699.0,36620.0,0.0,28.0,0.0,0.0,0.0,76.0,0.0,34.0,34.0,129222132.0,0.0,0.0,0.0,63007170269024.0,1836467370.0,3604441125.0
2015-01-08,160041885696,34235328.0,0.0,56.0,6.0,445725582.0,36645.0,0.0,28.0,0.0,0.0,0.0,76.0,0.0,33.0,33.0,34235328.0,0.0,0.0,0.0,207945136639865.0,1841052083.0,3534113398.0
2015-01-09,160041885696,185733774.0,0.0,56.0,6.0,446000242.0,36669.0,0.0,28.0,0.0,0.0,0.0,76.0,0.0,33.0,33.0,185733774.0,0.0,0.0,0.0,18829136662417.0,1845542555.0,3545222185.0
2015-01-10,160041885696,90782338.0,0.0,56.0,6.0,446273934.0,36693.0,0.0,28.0,0.0,0.0,0.0,76.0,0.0,33.0,33.0,90782338.0,0.0,0.0,0.0,91761976315816.0,1850268433.0,3456299907.0
2015-01-11,160041885696,9997340.0,0.0,56.0,6.0,446560035.0,36717.0,0.0,28.0,0.0,0.0,0.0,76.0,0.0,33.0,33.0,9997340.0,0.0,0.0,0.0,236133007003585.0,1855105489.0,3468022186.0
2015-01-12,160041885696,166816522.0,0.0,56.0,6.0,446839024.0,36741.0,0.0,28.0,0.0,0.0,0.0,76.0,0.0,33.0,33.0,166816522.0,0.0,0.0,0.0,47193100685273.0,1859828651.0,3474301396.0
2015-01-13,160041885696,75475041.0,0.0,56.0,6.0,447118551.0,36765.0,0.0,28.0,0.0,0.0,0.0,76.0,0.0,33.0,33.0,75475041.0,0.0,0.0,0.0,120439472951280.0,1864453715.0,3076613668.0
2015-01-14,160041885696,236015598.0,0.0,56.0,6.0,447399424.0,36789.0,0.0,28.0,0.0,0.0,0.0,76.0,0.0,33.0,33.0,236015598.0,0.0,0.0,0.0,264960827494409.0,1869273710.0,3087485055.0
2015-01-15,160041885696,142455231.0,0.0,56.0,6.0,447669351.0,36813.0,0.0,28.0,0.0,0.0,0.0,76.0,0.0,33.0,33.0,142455231.0,0.0,0.0,0.0,75724568432673.0,1873972959.0,3015786675.0
2015-01-16,160041885696,49959689.0,0.0,56.0,6.0,447943866.0,36837.0,0.0,28.0,0.0,0.0,0.0,76.0,0.0,33.0,33.0,49959689.0,0.0,0.0,0.0,149237228671032.0,1878617930.0,3025796052.0
2015-01-17,160041885696,196136774.0,0.0,56.0,6.0,448209611.0,36860.0,0.0,28.0,0.0,0.0,0.0,76.0,0.0,33.0,33.0,196136774.0,0.0,0.0,0.0,242128781348944.0,1883259291.0,3035724618.0
2015-01-18,160041885696,108929007.0,0.0,56.0,6.0,448492840.0,36885.0,0.0,28.0,0.0,0.0,0.0,76.0,0.0,33.0,33.0,108929007.0,0.0,0.0,0.0,104913166176361.0,1888011115.0,3026316427.0
2015-01-19,160041885696,16966399.0,0.0,56.0,6.0,448769075.0,36909.0,0.0,28.0,0.0,0.0,0.0,76.0,0.0,33.0,33.0,16966399.0,0.0,0.0,0.0,197547020816513.0,1892626867.0,3037951627.0
2015-01-20,160041885696,164717782.0,0.0,56.0,6.0,449042508.0,36933.0,0.0,28.0,0.0,0.0,0.0,76.0,0.0,33.0,33.0,164717782.0,0.0,0.0,0.0,270514220208280.0,1897192239.0,2997179884.0
2015-01-21,160041885696,65857057.0,0.0,56.0,6.0,449310541.0,36957.0,0.0,28.0,0.0,0.0,0.0,76.0,0.0,33.0,33.0,65857057.0,0.0,0.0,0.0,133977209868465.0,1902244382.0,2907587993.0
2015-01-22,160041885696,208043882.0,0.0,56.0,6.0,449574788.0,36981.0,0.0,28.0,0.0,0.0,0.0,76.0,0.0,33.0,33.0,208043882.0,0.0,0.0,0.0,225923869741257.0,1906895436.0,2949083771.0
2015-01-23,160041885696,111067851.0,0.0,56.0,6.0,449837033.0,37005.0,0.0,28.0,0.0,0.0,0.0,76.0,0.0,33.0,33.0,111067851.0,0.0,0.0,0.0,17660905558240.0,1911513476.0,3020196305.0
2015-01-24,160041885696,15015183.0,0.0,56.0,6.0,450108504.0,37029.0,0.0,28.0,0.0,0.0,0.0,76.0,0.0,33.0,33.0,15015183.0,0.0,0.0,0.0,162427073237241.0,1916430752.0,3030496658.0
2015-01-25,160041885696,160661739.0,0.0,56.0,6.0,450372477.0,37053.0,0.0,28.0,0.0,0.0,0.0,76.0,0.0,33.0,33.0,160661739.0,0.0,0.0,0.0,254163279712529.0,1920981337.0,3041166645.0
2015-01-26,160041885696,57787109.0,0.0,56.0,6.0,450625895.0,37077.0,0.0,28.0,0.0,0.0,0.0,76.0,0.0,33.0,33.0,57787109.0,0.0,0.0,0.0,46411416637736.0,1925532860.0,3051736575.0
2015-01-27,160041885696,205214059.0,0.0,56.0,6.0,450900806.0,37101.0,0.0,28.0,0.0,0.0,0.0,76.0,0.0,33.0,33.0,205214059.0,0.0,0.0,0.0,191302138368321.0,1930355588.0,3043472301.0
2015-01-28,160041885696,105492536.0,0.0,56.0,6.0,451162162.0,37125.0,0.0,28.0,0.0,0.0,0.0,76.0,0.0,34.0,34.0,105492536.0,0.0,0.0,0.0,2001454797145.0,1934945813.0,3052244449.0
2015-01-29,160041885696,17263268.0,0.0,56.0,6.0,451435471.0,37149.0,0.0,28.0,0.0,0.0,0.0,76.0,0.0,34.0,34.0,17263268.0,0.0,0.0,0.0,94025424081265.0,1939564805.0,3061812674.0
2015-01-30,160041885696,161499229.0,0.0,56.0,6.0,451696628.0,37173.0,0.0,28.0,0.0,0.0,0.0,76.0,0.0,34.0,34.0,161499229.0,0.0,0.0,0.0,167267501379976.0,1944474883.0,3070603446.0
2015-01-31,160041885696,62937399.0,0.0,56.0,6.0,451966226.0,37197.0,0.0,28.0,0.0,0.0,0.0,76.0,0.0,35.0,35.0,62937399.0,0.0,0.0,0.0,30455613133217.0,1949267923.0,2940446440.0
2015-02-01,160041885696,209081289.0,0.0,56.0,6.0,452234342.0,37221.0,0.0,28.0,0.0,0.0,0.0,76.0,0.0,35.0,35.0,209081289.0,0.0,0.0,0.0,122956323787193.0,1954034077.0,2949488133.0
2015-02-02,160041885696,108339422.0,0.0,56.0,6.0,452492966.0,37245.0,0.0,28.0,0.0,0.0,0.0,76.0,0.0,35.0,35.0,108339422.0,0.0,0.0,0.0,195889163440592.0,1958735694.0,3050723222.0
2015-02-03,160041885696,16220633.0,0.0,56.0,6.0,452769731.0,37269.0,0.0,28.0,0.0,0.0,0.0,76.0,0.0,34.0,34.0,16220633.0,0.0,0.0,0.0,59365038002665.0,1963578942.0,3060354795.0
2015-02-04,160041885696,162094740.0,0.0,56.0,6.0,453036175.0,37293.0,0.0,28.0,0.0,0.0,0.0,76.0,0.0,35.0,35.0,162094740.0,0.0,0.0,0.0,151393302254081.0,1968288734.0,3069898005.0
2015-02-05,160041885696,73255909.0,0.0,56.0,6.0,453313501.0,37317.0,0.0,28.0,0.0,0.0,0.0,76.0,0.0,35.0,35.0,73255909.0,0.0,0.0,0.0,224287487201816.0,1973092926.0,3080159755.0
2015-02-06,160041885696,223164433.0,0.0,56.0,6.0,453586602.0,37341.0,0.0,28.0,0.0,0.0,0.0,76.0,0.0,34.0,34.0,223164433.0,0.0,0.0,0.0,87789131567665.0,1977952495.0,3101333611.0
2015-02-07,160041885696,123103324.0,0.0,56.0,6.0,453853315.0,37365.0,0.0,28.0,0.0,0.0,0.0,76.0,0.0,35.0,35.0,123103324.0,0.0,0.0,0.0,179465208500809.0,1982594481.0,3111117861.0
2015-02-08,160041885696,26774954.0,0.0,56.0,6.0,454119477.0,37389.0,0.0,28.0,0.0,0.0,0.0,76.0,0.0,36.0,36.0,26774954.0,0.0,0.0,0.0,271678156345953.0,1987253626.0,3120769821.0
2015-02-09,160041885696,187372774.0,0.0,56.0,6.0,454400468.0,37413.0,0.0,28.0,0.0,0.0,0.0,76.0,0.0,36.0,36.0,187372774.0,0.0,0.0,0.0,116479513105017.0,1992086482.0,3016345047.0
2015-02-10,160041885696,95293109.0,0.0,56.0,6.0,454673311.0,37437.0,0.0,28.0,0.0,0.0,0.0,76.0,0.0,34.0,34.0,95293109.0,0.0,0.0,0.0,208250079318673.0,1996688226.0,2946132568.0
2015-02-11,160041885696,235192085.0,0.0,56.0,6.0,454933612.0,37461.0,0.0,28.0,0.0,0.0,0.0,76.0,0.0,34.0,34.0,235192085.0,0.0,0.0,0.0,18910741041833.0,2001438682.0,2955823117.0
2015-02-12,160041885696,134300685.0,0.0,56.0,6.0,455202130.0,37485.0,0.0,28.0,0.0,0.0,0.0,76.0,0.0,35.0,35.0,134300685.0,0.0,0.0,0.0,91448443704000.0,2006315659.0,2966140903.0
2015-02-13,160041885696,43875163.0,0.0,56.0,6.0,455486124.0,37509.0,0.0,28.0,0.0,0.0,0.0,76.0,0.0,34.0,34.0,43875163.0,0.0,0.0,0.0,236781547066073.0,2011345387.0,2873831420.0
2015-02-14,160041885696,199228710.0,0.0,56.0,6.0,455767209.0,37533.0,0.0,28.0,0.0,0.0,0.0,78.0,0.0,34.0,34.0,199228710.0,0.0,0.0,0.0,62161061712625.0,2016320225.0,2885614353.0
2015-02-15,160041885696,91494598.0,0.0,56.0,6.0,456031765.0,37557.0,0.0,28.0,0.0,0.0,0.0,78.0,0.0,35.0,35.0,91494598.0,0.0,0.0,0.0,153691109757705.0,2021134268.0,2897144710.0
2015-02-16,160041885696,231304399.0,0.0,56.0,6.0,456300481.0,37581.0,0.0,28.0,0.0,0.0,0.0,78.0,0.0,35.0,35.0,231304399.0,0.0,0.0,0.0,227083510911776.0,2026098799.0,2848140939.0
2015-02-17,160041885696,126597849.0,0.0,56.0,6.0,456570823.0,37605.0,0.0,28.0,0.0,0.0,0.0,78.0,0.0,34.0,34.0,126597849.0,0.0,0.0,0.0,90297392468793.0,2030985545.0,2860083268.0
2015-02-18,160041885696,22413143.0,0.0,56.0,6.0,456840417.0,37629.0,0.0,28.0,0.0,0.0,0.0,78.0,0.0,35.0,35.0,22413143.0,0.0,0.0,0.0,182046483845969.0,2035752579.0,2871659819.0
2015-02-19,160041885696,173451183.0,0.0,56.0,6.0,457118383.0,37653.0,0.0,28.0,0.0,0.0,0.0,78.0,0.0,35.0,35.0,173451183.0,0.0,0.0,0.0,255730942776168.0,2040708438.0,2883802374.0
2015-02-20,160041885696,71375072.0,0.0,56.0,6.0,457395329.0,37677.0,0.0,28.0,0.0,0.0,0.0,78.0,0.0,35.0,35.0,71375072.0,0.0,0.0,0.0,119060788450177.0,2045692799.0,2895065779.0
2015-02-21,160041885696,214448006.0,0.0,56.0,6.0,457664301.0,37701.0,0.0,28.0,0.0,0.0,0.0,78.0,0.0,35.0,35.0,214448006.0,0.0,0.0,0.0,210771225121689.0,2050574458.0,2894597684.0
2015-02-22,160041885696,110253640.0,0.0,56.0,6.0,457929916.0,37725.0,0.0,28.0,0.0,0.0,0.0,78.0,0.0,35.0,35.0,110253640.0,0.0,0.0,0.0,2405181723568.0,2055322515.0,2776394414.0
2015-02-23,160041885696,7878399.0,0.0,56.0,6.0,458199329.0,37749.0,0.0,28.0,0.0,0.0,0.0,78.0,0.0,35.0,35.0,7878399.0,0.0,0.0,0.0,146982370841545.0,2060343321.0,2755101729.0
2015-02-24,160041885696,138437029.0,0.0,56.0,6.0,458445193.0,37773.0,0.0,28.0,0.0,0.0,0.0,78.0,0.0,35.0,35.0,138437029.0,0.0,0.0,0.0,239306987836385.0,2065091500.0,2763570741.0
2015-02-25,160041885696,25201488.0,0.0,56.0,6.0,458697404.0,37797.0,0.0,28.0,0.0,0.0,0.0,78.0,0.0,35.0,35.0,25201488.0,0.0,0.0,0.0,49791555900409.0,2069861829.0,2772302458.0
2015-02-26,160041885696,173278827.0,0.0,56.0,6.0,458966208.0,37821.0,0.0,28.0,0.0,0.0,0.0,78.0,0.0,35.0,35.0,173278827.0,0.0,0.0,0.0,213352500466704.0,2075946007.0,2785357714.0
2015-02-27,160041885696,78086854.0,0.0,56.0,6.0,459238547.0,37845.0,0.0,28.0,0.0,0.0,0.0,78.0,0.0,35.0,35.0,78086854.0,0.0,0.0,0.0,16784732230697.0,2081896878.0,2738047809.0
2015-02-28,160041885696,221047362.0,0.0,56.0,6.0,459502056.0,37869.0,0.0,28.0,0.0,0.0,0.0,78.0,0.0,36.0,36.0,221047362.0,0.0,0.0,0.0,109354162361409.0,2086674360.0,2696950994.0
2015-03-01,160041885696,115327702.0,0.0,56.0,6.0,459764168.0,37893.0,0.0,28.0,0.0,0.0,0.0,78.0,0.0,35.0,35.0,115327702.0,0.0,0.0,0.0,201498390729817.0,2091582713.0,2706659692.0
2015-03-02,160041885696,27099134.0,0.0,56.0,6.0,460040544.0,37917.0,0.0,28.0,0.0,0.0,0.0,78.0,0.0,35.0,35.0,27099134.0,0.0,0.0,0.0,45762876576881.0,2096446122.0,2688126184.0
2015-03-03,160041885696,175220006.0,0.0,56.0,6.0,460305993.0,37941.0,0.0,28.0,0.0,0.0,0.0,78.0,0.0,35.0,35.0,175220006.0,0.0,0.0,0.0,137907104945289.0,2101026122.0,2697661017.0
2015-03-04,160041885696,83624568.0,0.0,56.0,6.0,460581969.0,37965.0,0.0,28.0,0.0,0.0,0.0,78.0,0.0,36.0,36.0,83624568.0,0.0,0.0,0.0,229935369196705.0,2105635682.0,2707470991.0
2015-03-05,160041885696,242445668.0,0.0,56.0,6.0,460865610.0,37989.0,0.0,28.0,0.0,0.0,0.0,78.0,0.0,36.0,36.0,242445668.0,0.0,0.0,0.0,74259984585913.0,2110443946.0,2696999955.0
2015-03-06,160041885696,163888344.0,0.0,56.0,6.0,461160965.0,38013.0,0.0,28.0,0.0,0.0,0.0,78.0,0.0,36.0,36.0,163888344.0,0.0,0.0,0.0,165794327598289.0,2115241916.0,2751625328.0
2015-03-07,160041885696,88688721.0,0.0,56.0,6.0,461461110.0,38037.0,0.0,28.0,0.0,0.0,0.0,78.0,0.0,36.0,36.0,88688721.0,0.0,0.0,0.0,258286448317673.0,2120013212.0,2650000619.0
2015-03-08,160041885696,243521868.0,0.0,56.0,6.0,461739525.0,38061.0,0.0,28.0,0.0,0.0,0.0,78.0,0.0,36.0,36.0,243521868.0,0.0,0.0,0.0,49482318255360.0,2124686901.0,2661419390.0
2015-03-09,160041885696,170348756.0,0.0,56.0,6.0,462031939.0,38085.0,0.0,28.0,0.0,0.0,0.0,78.0,0.0,36.0,36.0,170348756.0,0.0,0.0,0.0,194222716130585.0,2129647777.0,2672399235.0
2015-03-10,160041885696,80578355.0,0.0,56.0,6.0,462291902.0,38108.0,0.0,28.0,0.0,0.0,0.0,78.0,0.0,36.0,36.0,80578355.0,0.0,0.0,0.0,233985523356976.0,2134212659.0,2713806265.0
2015-03-11,160041885696,239066135.0,0.0,56.0,6.0,462566529.0,38132.0,0.0,28.0,0.0,0.0,0.0,78.0,0.0,36.0,36.0,239066135.0,0.0,0.0,0.0,44388487042376.0,2138836181.0,2806061035.0
2015-03-12,160041885696,147532515.0,0.0,56.0,6.0,462835590.0,38156.0,0.0,28.0,0.0,0.0,0.0,78.0,0.0,36.0,36.0,147532515.0,0.0,0.0,0.0,136489765737824.0,2143379341.0,2815471258.0
2015-03-13,160041885696,56656233.0,0.0,56.0,6.0,463110875.0,38180.0,0.0,28.0,0.0,0.0,0.0,78.0,0.0,36.0,36.0,56656233.0,0.0,0.0,0.0,262306537706872.0,2148104823.0,2845554656.0
2015-03-14,160041885696,204314000.0,0.0,56.0,6.0,463376603.0,38204.0,0.0,28.0,0.0,0.0,0.0,78.0,0.0,37.0,37.0,204314000.0,0.0,0.0,0.0,73027328972176.0,2152625471.0,2854647798.0
2015-03-15,160041885696,107381885.0,0.0,56.0,6.0,463644620.0,38228.0,0.0,28.0,0.0,0.0,0.0,78.0,0.0,37.0,37.0,107381885.0,0.0,0.0,0.0,164995463681448.0,2157190775.0,2863877493.0
2015-03-16,160041885696,16409185.0,0.0,56.0,6.0,463913508.0,38252.0,0.0,28.0,0.0,0.0,0.0,78.0,0.0,36.0,36.0,16409185.0,0.0,0.0,0.0,8366596330944.0,2161894047.0,2657100599.0
2015-03-17,160041885696,164240915.0,0.0,56.0,6.0,464177589.0,38276.0,0.0,28.0,0.0,0.0,0.0,78.0,0.0,36.0,36.0,164240915.0,0.0,0.0,0.0,100974681167320.0,2166612761.0,2666772209.0
2015-03-18,160041885696,71161025.0,0.0,56.0,6.0,464450023.0,38300.0,0.0,28.0,0.0,0.0,0.0,78.0,0.0,36.0,36.0,71161025.0,0.0,0.0,0.0,192874096399856.0,2171316338.0,2675917564.0
2015-03-19,160041885696,221808945.0,0.0,56.0,6.0,464718887.0,38324.0,0.0,28.0,0.0,0.0,0.0,78.0,0.0,37.0,37.0,221808945.0,0.0,0.0,0.0,265544943048199.0,2175964532.0,2685132669.0
2015-03-20,160041885696,129573825.0,0.0,56.0,6.0,464993157.0,38348.0,0.0,28.0,0.0,0.0,0.0,78.0,0.0,36.0,36.0,129573825.0,0.0,0.0,0.0,128870493754912.0,2180752988.0,2694635040.0
2015-03-21,160041885696,41725311.0,0.0,56.0,6.0,465269290.0,38372.0,0.0,28.0,0.0,0.0,0.0,78.0,0.0,35.0,35.0,41725311.0,0.0,0.0,0.0,220980362384952.0,2185484025.0,2765527825.0
2015-03-22,160041885696,189636883.0,0.0,56.0,6.0,465538820.0,38396.0,0.0,28.0,0.0,0.0,0.0,78.0,0.0,36.0,36.0,189636883.0,0.0,0.0,0.0,31344671364688.0,2190119650.0,2774257822.0
2015-03-23,160041885696,97840338.0,0.0,56.0,6.0,465809356.0,38420.0,0.0,28.0,0.0,0.0,0.0,78.0,0.0,36.0,36.0,97840338.0,0.0,0.0,0.0,156972464772712.0,2194947889.0,2703240801.0
2015-03-24,160041885696,240690839.0,0.0,56.0,6.0,466064757.0,38444.0,0.0,28.0,0.0,0.0,0.0,78.0,0.0,35.0,35.0,240690839.0,0.0,0.0,0.0,249258427061888.0,2199622294.0,2651678941.0
2015-03-25,160041885696,140065260.0,0.0,56.0,6.0,466321488.0,38468.0,0.0,28.0,0.0,0.0,0.0,78.0,0.0,36.0,36.0,140065260.0,0.0,0.0,0.0,59906203883160.0,2204116510.0,2488263112.0
2015-03-26,160041885696,48941353.0,0.0,56.0,6.0,466595736.0,38492.0,0.0,28.0,0.0,0.0,0.0,78.0,0.0,36.0,36.0,48941353.0,0.0,0.0,0.0,185040076052144.0,2208804130.0,2447165263.0
2015-03-27,160041885696,192697343.0,0.0,56.0,6.0,466856191.0,38516.0,0.0,28.0,0.0,0.0,0.0,78.0,0.0,36.0,36.0,192697343.0,0.0,0.0,0.0,277673930692296.0,2213356794.0,2456392917.0
2015-03-28,160041885696,96830359.0,0.0,56.0,6.0,467121195.0,38540.0,0.0,28.0,0.0,0.0,0.0,78.0,0.0,36.0,36.0,96830359.0,0.0,0.0,0.0,87724707059424.0,2217799482.0,2446013584.0
2015-03-29,160041885696,10707247.0,0.0,56.0,6.0,467404464.0,38564.0,0.0,28.0,0.0,0.0,0.0,78.0,0.0,36.0,36.0,10707247.0,0.0,0.0,0.0,213464169617144.0,2222494549.0,2456285893.0
2015-03-30,160041885696,158796167.0,0.0,56.0,6.0,467670030.0,38588.0,0.0,28.0,0.0,0.0,0.0,78.0,0.0,36.0,36.0,158796167.0,0.0,0.0,0.0,24528558266128.0,2227097973.0,2367151174.0
2015-03-31,160041885696,59853647.0,0.0,56.0,6.0,467927601.0,38612.0,0.0,28.0,0.0,0.0,0.0,78.0,0.0,35.0,35.0,59853647.0,0.0,0.0,0.0,115775138469672.0,2231567221.0,2376440175.0
2015-04-01,160041885696,212501702.0,0.0,56.0,6.0,468201550.0,38636.0,0.0,28.0,0.0,0.0,0.0,78.0,0.0,36.0,36.0,212501702.0,0.0,0.0,0.0,241694989653824.0,2236311622.0,2386567646.0
2015-04-02,160041885696,114224128.0,0.0,56.0,6.0,468464783.0,38660.0,0.0,28.0,0.0,0.0,0.0,78.0,0.0,35.0,35.0,114224128.0,0.0,0.0,0.0,52329881573208.0,2240852686.0,2396176120.0
2015-04-03,160041885696,13058101.0,0.0,56.0,6.0,468726866.0,38684.0,0.0,28.0,0.0,0.0,0.0,78.0,0.0,35.0,35.0,13058101.0,0.0,0.0,0.0,144310901184368.0,2245400182.0,2266282603.0
2015-04-04,160041885696,166332622.0,0.0,56.0,6.0,468999027.0,38708.0,0.0,28.0,0.0,0.0,0.0,78.0,0.0,35.0,35.0,166332622.0,0.0,0.0,0.0,236523849029512.0,2250000862.0,2423112914.0
2015-04-05,160041885696,173979452.0,0.0,56.0,6.0,469159602.0,38732.0,0.0,28.0,0.0,0.0,0.0,78.0,0.0,35.0,35.0,173979452.0,0.0,0.0,0.0,80328773375904.0,2254495918.0,2423657001.0
2015-04-06,160041885696,176293108.0,0.0,56.0,6.0,469304526.0,38756.0,0.0,28.0,0.0,0.0,0.0,78.0,0.0,35.0,35.0,176293108.0,0.0,0.0,0.0,172464411809720.0,2258827358.0,2424466086.0
2015-04-07,160041885696,2426773.0,0.0,56.0,6.0,469506133.0,38780.0,0.0,28.0,0.0,0.0,0.0,78.0,0.0,34.0,34.0,2426773.0,0.0,0.0,0.0,265257180239824.0,2263468775.0,2430225747.0
2015-04-08,160041885696,150900069.0,0.0,56.0,6.0,469775923.0,38804.0,0.0,28.0,0.0,0.0,0.0,78.0,0.0,35.0,35.0,150900069.0,0.0,0.0,0.0,108804406548456.0,2268204060.0,2442505069.0
2015-04-09,160041885696,54031510.0,0.0,56.0,6.0,470051052.0,38828.0,0.0,28.0,0.0,0.0,0.0,78.0,0.0,37.0,37.0,54031510.0,0.0,0.0,0.0,201661599488000.0,2272689940.0,2536615472.0
2015-04-10,160041885696,199140754.0,0.0,56.0,6.0,470318710.0,38852.0,0.0,28.0,0.0,0.0,0.0,78.0,0.0,36.0,36.0,199140754.0,0.0,0.0,0.0,12073153107992.0,2277239652.0,2538188086.0
2015-04-11,160041885696,107443732.0,0.0,56.0,6.0,470594753.0,38876.0,0.0,28.0,0.0,0.0,0.0,78.0,0.0,35.0,35.0,107443732.0,0.0,0.0,0.0,84885733677103.0,2281825733.0,2499748446.0
2015-04-12,160041885696,8256718.0,0.0,56.0,6.0,470871014.0,38900.0,0.0,28.0,0.0,0.0,0.0,78.0,0.0,35.0,35.0,8256718.0,0.0,0.0,0.0,229681966127176.0,2286528479.0,2512287214.0
2015-04-13,160041885696,154878841.0,0.0,56.0,6.0,471139416.0,38924.0,0.0,28.0,0.0,0.0,0.0,78.0,0.0,35.0,35.0,154878841.0,0.0,0.0,0.0,40205188896864.0,2291156495.0,2503842205.0
2015-04-14,160041885696,51831853.0,0.0,56.0,6.0,471404929.0,38948.0,0.0,28.0,0.0,0.0,0.0,78.0,0.0,35.0,35.0,51831853.0,0.0,0.0,0.0,132628590139512.0,2295619919.0,2514213205.0
2015-04-15,160041885696,194623150.0,0.0,56.0,6.0,471668703.0,38972.0,0.0,28.0,0.0,0.0,0.0,78.0,0.0,36.0,36.0,194623150.0,0.0,0.0,0.0,258007275444368.0,2300248095.0,2525263482.0
2015-04-16,160041885696,89220833.0,0.0,56.0,6.0,471931946.0,38996.0,0.0,28.0,0.0,0.0,0.0,78.0,0.0,36.0,36.0,89220833.0,0.0,0.0,0.0,68062346778792.0,2304748351.0,2536317465.0
2015-04-17,160041885696,224171439.0,0.0,56.0,6.0,472188174.0,39020.0,0.0,28.0,0.0,0.0,0.0,78.0,0.0,36.0,36.0,224171439.0,0.0,0.0,0.0,160296769460416.0,2309366310.0,2495026703.0
2015-04-18,160041885696,129854047.0,0.0,56.0,6.0,472464907.0,39044.0,0.0,28.0,0.0,0.0,0.0,78.0,0.0,35.0,35.0,129854047.0,0.0,0.0,0.0,4488240863448.0,2314208913.0,2527006183.0
2015-04-19,160041885696,31052941.0,0.0,56.0,6.0,472730098.0,39068.0,0.0,28.0,0.0,0.0,0.0,78.0,0.0,37.0,37.0,31052941.0,0.0,0.0,0.0,96447785638128.0,2318781146.0,2538027010.0
2015-04-20,160041885696,168580557.0,0.0,56.0,6.0,472982937.0,39092.0,0.0,28.0,0.0,0.0,0.0,78.0,0.0,38.0,38.0,168580557.0,0.0,0.0,0.0,188875481848072.0,2323317476.0,2549102209.0
2015-04-21,160041885696,64590790.0,0.0,56.0,6.0,473245289.0,39116.0,0.0,28.0,0.0,0.0,0.0,78.0,0.0,37.0,37.0,64590790.0,0.0,0.0,0.0,32500017568032.0,2328030615.0,2559830044.0
2015-04-22,160041885696,199752188.0,0.0,56.0,6.0,473498198.0,39140.0,0.0,28.0,0.0,0.0,0.0,78.0,0.0,39.0,39.0,199752188.0,0.0,0.0,0.0,124287763650872.0,2332594783.0,2500541628.0
2015-04-23,160041885696,94423934.0,0.0,56.0,6.0,473755343.0,39164.0,0.0,28.0,0.0,0.0,0.0,78.0,0.0,37.0,37.0,94423934.0,0.0,0.0,0.0,216788474304848.0,2337142581.0,2517539929.0
2015-04-24,160041885696,234280243.0,0.0,56.0,6.0,474024615.0,39189.0,0.0,28.0,0.0,0.0,0.0,78.0,0.0,38.0,38.0,234280243.0,0.0,0.0,0.0,60730837604712.0,2341908769.0,2529245527.0
2015-04-25,160041885696,129815136.0,0.0,56.0,6.0,474286987.0,39212.0,0.0,28.0,0.0,0.0,0.0,78.0,0.0,38.0,38.0,129815136.0,0.0,0.0,0.0,152192166173056.0,2346529281.0,2540090326.0
2015-04-26,160041885696,26058968.0,0.0,56.0,6.0,474548675.0,39236.0,0.0,28.0,0.0,0.0,0.0,78.0,0.0,37.0,37.0,26058968.0,0.0,0.0,0.0,245152438327704.0,2351148439.0,2540575633.0
2015-04-27,160041885696,166252782.0,0.0,56.0,6.0,474804876.0,39260.0,0.0,28.0,0.0,0.0,0.0,78.0,0.0,38.0,38.0,166252782.0,0.0,0.0,0.0,54919746853296.0,2355777249.0,2551357036.0
2015-04-28,160041885696,62024486.0,0.0,56.0,6.0,475066705.0,39284.0,0.0,28.0,0.0,0.0,0.0,78.0,0.0,38.0,38.0,62024486.0,0.0,0.0,0.0,180302727125448.0,2360452651.0,2591837454.0
2015-04-29,160041885696,211878730.0,0.0,56.0,6.0,475333064.0,39308.0,0.0,28.0,0.0,0.0,0.0,78.0,0.0,39.0,39.0,211878730.0,0.0,0.0,0.0,10479720241632.0,2366385392.0,2607005227.0
2015-04-30,160041885696,105832627.0,0.0,56.0,6.0,475594866.0,39332.0,0.0,28.0,0.0,0.0,0.0,78.0,0.0,39.0,39.0,105832627.0,0.0,0.0,0.0,102327595866616.0,2372070593.0,2618458564.0
2015-05-01,160041885696,19008229.0,0.0,56.0,6.0,475885464.0,39356.0,0.0,28.0,0.0,0.0,0.0,78.0,0.0,38.0,38.0,19008229.0,0.0,0.0,0.0,194278550706704.0,2376653465.0,2682448878.0
2015-05-02,160041885696,185876569.0,0.0,56.0,6.0,476185906.0,39380.0,0.0,28.0,0.0,0.0,0.0,78.0,0.0,37.0,37.0,185876569.0,0.0,0.0,0.0,37658273290792.0,2381429969.0,2695798631.0
2015-05-03,160041885696,94183335.0,0.0,56.0,6.0,476465823.0,39404.0,0.0,28.0,0.0,0.0,0.0,78.0,0.0,37.0,37.0,94183335.0,0.0,0.0,0.0,129720897280576.0,2386161090.0,2707549171.0
2015-05-04,160041885696,241109500.0,0.0,56.0,6.0,476728024.0,39428.0,0.0,28.0,0.0,0.0,0.0,78.0,0.0,37.0,37.0,241109500.0,0.0,0.0,0.0,221611722578520.0,2390742820.0,2667179251.0
2015-05-05,160041885696,146156863.0,0.0,56.0,6.0,477001744.0,39452.0,0.0,28.0,0.0,0.0,0.0,78.0,0.0,37.0,37.0,146156863.0,0.0,0.0,0.0,66052302084720.0,2395424500.0,2678100699.0
2015-05-06,160041885696,46064162.0,0.0,56.0,6.0,477271654.0,39476.0,0.0,28.0,0.0,0.0,0.0,78.0,0.0,37.0,37.0,46064162.0,0.0,0.0,0.0,157694019279496.0,2399944780.0,2688503490.0
2015-05-07,160041885696,195698750.0,0.0,56.0,6.0,477540687.0,39500.0,0.0,28.0,0.0,0.0,0.0,78.0,0.0,37.0,37.0,195698750.0,0.0,0.0,0.0,249722283530912.0,2404520956.0,2732588292.0
2015-05-08,160041885696,95457483.0,0.0,56.0,6.0,477809319.0,39524.0,0.0,28.0,0.0,0.0,0.0,78.0,0.0,39.0,39.0,95457483.0,0.0,0.0,0.0,93664646830776.0,2409107236.0,2616940067.0
2015-05-09,160041885696,237625936.0,0.0,56.0,6.0,478069141.0,39548.0,0.0,28.0,0.0,0.0,0.0,78.0,0.0,38.0,38.0,237625936.0,0.0,0.0,0.0,185478162717392.0,2413669990.0,2546539397.0
2015-05-10,160041885696,142185327.0,0.0,56.0,6.0,478336053.0,39572.0,0.0,28.0,0.0,0.0,0.0,78.0,0.0,38.0,38.0,142185327.0,0.0,0.0,0.0,278193621736168.0,2418511461.0,2558516005.0
2015-05-11,160041885696,48628193.0,0.0,56.0,6.0,478609357.0,39597.0,0.0,28.0,0.0,0.0,0.0,78.0,0.0,39.0,39.0,48628193.0,0.0,0.0,0.0,122174639741696.0,2423386959.0,2631862405.0
2015-05-12,160041885696,200473212.0,0.0,56.0,6.0,478879724.0,39620.0,0.0,28.0,0.0,0.0,0.0,78.0,0.0,39.0,39.0,200473212.0,0.0,0.0,0.0,213309550795544.0,2427917807.0,2644372546.0
2015-05-13,160041885696,97401905.0,0.0,56.0,6.0,479142117.0,39644.0,0.0,28.0,0.0,0.0,0.0,78.0,0.0,39.0,39.0,97401905.0,0.0,0.0,0.0,485331344176.0,2432663766.0,2706889161.0
2015-05-14,160041885696,240506595.0,0.0,56.0,6.0,479398081.0,39668.0,0.0,28.0,0.0,0.0,0.0,78.0,0.0,40.0,40.0,240506595.0,0.0,0.0,0.0,92543660366664.0,2437373063.0,2718107544.0
2015-05-15,160041885696,146335151.0,0.0,56.0,6.0,479670172.0,39692.0,0.0,28.0,0.0,0.0,0.0,78.0,0.0,39.0,39.0,146335151.0,0.0,0.0,0.0,217823561423712.0,2442168652.0,2617322044.0
2015-05-16,160041885696,43067300.0,0.0,56.0,6.0,479927401.0,39716.0,0.0,28.0,0.0,0.0,0.0,78.0,0.0,39.0,39.0,43067300.0,0.0,0.0,0.0,28411208702840.0,2446715732.0,2628031589.0
2015-05-17,160041885696,180438854.0,0.0,56.0,6.0,480180465.0,39740.0,0.0,28.0,0.0,0.0,0.0,78.0,0.0,38.0,38.0,180438854.0,0.0,0.0,0.0,120186069883792.0,2451301918.0,2484820957.0
2015-05-18,160041885696,83466214.0,0.0,56.0,6.0,480446029.0,39764.0,0.0,28.0,0.0,0.0,0.0,78.0,0.0,39.0,39.0,83466214.0,0.0,0.0,0.0,245719374011304.0,2456088040.0,2496572950.0
2015-05-19,160041885696,225383756.0,0.0,56.0,6.0,480707271.0,39788.0,0.0,28.0,0.0,0.0,0.0,78.0,0.0,38.0,38.0,225383756.0,0.0,0.0,0.0,55490977504192.0,2460803497.0,2506873658.0
2015-05-20,160041885696,124382406.0,0.0,56.0,6.0,480962594.0,39812.0,0.0,28.0,0.0,0.0,0.0,78.0,0.0,38.0,38.0,124382406.0,0.0,0.0,0.0,187672891005912.0,2465440484.0,2524890893.0
2015-05-21,160041885696,20710694.0,0.0,56.0,6.0,481225693.0,39837.0,0.0,28.0,0.0,0.0,0.0,78.0,0.0,39.0,39.0,20710694.0,0.0,0.0,0.0,31426275744752.0,2470101076.0,2535290021.0
2015-05-22,160041885696,153439668.0,0.0,56.0,6.0,481477072.0,39860.0,0.0,28.0,0.0,0.0,0.0,78.0,0.0,40.0,40.0,153439668.0,0.0,0.0,0.0,123811022281736.0,2474636884.0,2626963344.0
2015-05-23,160041885696,44817033.0,0.0,56.0,6.0,481738617.0,39884.0,0.0,28.0,0.0,0.0,0.0,78.0,0.0,38.0,38.0,44817033.0,0.0,0.0,0.0,214580861115424.0,2479258553.0,2555140250.0
2015-05-24,160041885696,183380874.0,0.0,56.0,6.0,482001121.0,39908.0,0.0,28.0,0.0,0.0,0.0,78.0,0.0,38.0,38.0,183380874.0,0.0,0.0,0.0,25520695712824.0,2483762553.0,2565517870.0
2015-05-25,160041885696,88215865.0,0.0,56.0,6.0,482280031.0,39932.0,0.0,28.0,0.0,0.0,0.0,78.0,0.0,40.0,40.0,88215865.0,0.0,0.0,0.0,150830661540944.0,2488532079.0,2576943241.0
2015-05-26,160041885696,240579518.0,0.0,56.0,6.0,482560165.0,39956.0,0.0,28.0,0.0,0.0,0.0,78.0,0.0,39.0,39.0,240579518.0,0.0,0.0,0.0,242824566053992.0,2493110539.0,2588720531.0
2015-05-27,160041885696,148647734.0,0.0,56.0,6.0,482840476.0,39980.0,0.0,28.0,0.0,0.0,0.0,78.0,0.0,38.0,38.0,148647734.0,0.0,0.0,0.0,52733608500352.0,2497847069.0,2651997238.0
2015-05-28,160041885696,62102505.0,0.0,56.0,6.0,483129326.0,40005.0,0.0,28.0,0.0,0.0,0.0,78.0,0.0,39.0,39.0,62102505.0,0.0,0.0,0.0,177867480669336.0,2502552606.0,2664056015.0
2015-05-29,160041885696,216857644.0,0.0,56.0,6.0,483403058.0,40028.0,0.0,28.0,0.0,0.0,0.0,78.0,0.0,38.0,38.0,216857644.0,0.0,0.0,0.0,270217867467952.0,2507189762.0,2675976297.0
2015-05-30,160041885696,127222359.0,0.0,56.0,6.0,483687545.0,40052.0,0.0,28.0,0.0,0.0,0.0,78.0,0.0,38.0,38.0,127222359.0,0.0,0.0,0.0,81445464874184.0,2511854713.0,2687600268.0
2015-05-31,160041885696,31287651.0,0.0,56.0,6.0,483968911.0,40076.0,0.0,28.0,0.0,0.0,0.0,78.0,0.0,39.0,39.0,31287651.0,0.0,0.0,0.0,172262548348128.0,2516443020.0,2590713583.0
2015-06-01,160041885696,199256815.0,0.0,56.0,6.0,484277905.0,40100.0,0.0,28.0,0.0,0.0,0.0,78.0,0.0,38.0,38.0,199256815.0,0.0,0.0,0.0,16995185630456.0,2521246179.0,2613662365.0
2015-06-02,160041885696,105051887.0,0.0,56.0,6.0,484560297.0,40124.0,0.0,28.0,0.0,0.0,0.0,78.0,0.0,39.0,39.0,105051887.0,0.0,0.0,0.0,108018427534608.0,2525793976.0,2624971656.0
2015-06-03,160041885696,4291388.0,0.0,56.0,6.0,484833927.0,40148.0,0.0,28.0,0.0,0.0,0.0,78.0,0.0,39.0,39.0,4291388.0,0.0,0.0,0.0,200489073417512.0,2530307120.0,2618521016.0
2015-06-04,160041885696,148262376.0,0.0,56.0,6.0,485107562.0,40172.0,0.0,28.0,0.0,0.0,0.0,78.0,0.0,39.0,39.0,148262376.0,0.0,0.0,0.0,43963285282112.0,2535020062.0,2629864117.0
2015-06-05,160041885696,49331957.0,0.0,56.0,6.0,485372982.0,40196.0,0.0,28.0,0.0,0.0,0.0,78.0,0.0,39.0,39.0,49331957.0,0.0,0.0,0.0,136176233127256.0,2539778192.0,2723948399.0
2015-06-06,160041885696,199585795.0,0.0,56.0,6.0,485649438.0,40220.0,0.0,28.0,0.0,0.0,0.0,78.0,0.0,38.0,38.0,199585795.0,0.0,0.0,0.0,227530187513200.0,2544612022.0,2817273217.0
2015-06-07,160041885696,112201430.0,0.0,56.0,6.0,485933739.0,40244.0,0.0,28.0,0.0,0.0,0.0,78.0,0.0,37.0,37.0,112201430.0,0.0,0.0,0.0,71579924995464.0,2549306722.0,2830030450.0
2015-06-08,160041885696,16977818.0,0.0,56.0,6.0,486211014.0,40268.0,0.0,28.0,0.0,0.0,0.0,78.0,0.0,38.0,38.0,16977818.0,0.0,0.0,0.0,164291089046944.0,2553899666.0,2841534567.0
2015-06-09,160041885696,156606552.0,0.0,56.0,6.0,486480313.0,40292.0,0.0,28.0,0.0,0.0,0.0,78.0,0.0,39.0,39.0,156606552.0,0.0,0.0,0.0,255421705133496.0,2558349138.0,2853111389.0
2015-06-10,160041885696,58467919.0,0.0,56.0,6.0,486758540.0,40317.0,0.0,28.0,0.0,0.0,0.0,78.0,0.0,38.0,38.0,58467919.0,0.0,0.0,0.0,99252399283664.0,2562957722.0,2669634917.0
2015-06-11,160041885696,200900979.0,0.0,56.0,6.0,487028911.0,40340.0,0.0,28.0,0.0,0.0,0.0,78.0,0.0,39.0,39.0,200900979.0,0.0,0.0,0.0,191392332684776.0,2567643620.0,2599364358.0
2015-06-12,160041885696,103314012.0,0.0,56.0,6.0,487295477.0,40364.0,0.0,28.0,0.0,0.0,0.0,78.0,0.0,38.0,38.0,103314012.0,0.0,0.0,0.0,1984274931200.0,2572185783.0,2610532033.0
2015-06-13,160041885696,2900734.0,0.0,56.0,6.0,487560298.0,40388.0,0.0,28.0,0.0,0.0,0.0,78.0,0.0,38.0,38.0,2900734.0,0.0,0.0,0.0,93784905915928.0,2576833166.0,2621654242.0
2015-06-14,160041885696,145548930.0,0.0,56.0,6.0,487828131.0,40412.0,0.0,28.0,0.0,0.0,0.0,78.0,0.0,39.0,39.0,145548930.0,0.0,0.0,0.0,219026152267312.0,2581373215.0,2632297388.0
2015-06-15,160041885696,44033141.0,0.0,56.0,6.0,488093870.0,40436.0,0.0,28.0,0.0,0.0,0.0,78.0,0.0,39.0,39.0,44033141.0,0.0,0.0,0.0,29248727326280.0,2585879879.0,2592665500.0
2015-06-16,160041885696,185040440.0,0.0,56.0,6.0,488355472.0,40460.0,0.0,28.0,0.0,0.0,0.0,78.0,0.0,39.0,39.0,185040440.0,0.0,0.0,0.0,121238336872032.0,2590372747.0,2602732549.0
2015-06-17,160041885696,92787973.0,0.0,56.0,6.0,488635185.0,40484.0,0.0,28.0,0.0,0.0,0.0,78.0,0.0,38.0,38.0,92787973.0,0.0,0.0,0.0,246569777536632.0,2595245913.0,2614658534.0
2015-06-18,160041885696,238452152.0,0.0,56.0,6.0,488905362.0,40508.0,0.0,28.0,0.0,0.0,0.0,78.0,0.0,39.0,39.0,238452152.0,0.0,0.0,0.0,57410827886224.0,2599906605.0,2657904889.0
2015-06-19,160041885696,139465791.0,0.0,56.0,6.0,489172774.0,40532.0,0.0,28.0,0.0,0.0,0.0,78.0,0.0,39.0,39.0,139465791.0,0.0,0.0,0.0,148872156454568.0,2604409957.0,2539714749.0
2015-06-20,160041885696,43042024.0,0.0,56.0,6.0,489443821.0,40557.0,0.0,28.0,0.0,0.0,0.0,78.0,0.0,39.0,39.0,43042024.0,0.0,0.0,0.0,274109107838656.0,2609056926.0,2627893176.0
2015-06-21,160041885696,186150047.0,0.0,56.0,6.0,489712561.0,40580.0,0.0,28.0,0.0,0.0,0.0,78.0,0.0,39.0,39.0,186150047.0,0.0,0.0,0.0,84413287276248.0,2613608527.0,2639793374.0
2015-06-22,160041885696,85415003.0,0.0,56.0,6.0,489974394.0,40604.0,0.0,28.0,0.0,0.0,0.0,78.0,0.0,39.0,39.0,85415003.0,0.0,0.0,0.0,176802328780528.0,2618181922.0,2681271159.0
2015-06-23,160041885696,231852362.0,0.0,56.0,6.0,490246158.0,40629.0,0.0,28.0,0.0,0.0,0.0,78.0,0.0,39.0,39.0,231852362.0,0.0,0.0,0.0,20847771295496.0,2622831739.0,2692631552.0
2015-06-24,160041885696,128110783.0,0.0,56.0,6.0,490508196.0,40652.0,0.0,28.0,0.0,0.0,0.0,78.0,0.0,38.0,38.0,128110783.0,0.0,0.0,0.0,112017042087712.0,2627336963.0,2621062782.0
2015-06-25,160041885696,31980205.0,0.0,56.0,6.0,490782530.0,40676.0,0.0,28.0,0.0,0.0,0.0,78.0,0.0,38.0,38.0,31980205.0,0.0,0.0,0.0,204268644638520.0,2631876055.0,2632446532.0
2015-06-26,160041885696,183055988.0,0.0,56.0,6.0,491062432.0,40700.0,0.0,28.0,0.0,0.0,0.0,78.0,0.0,37.0,37.0,183055988.0,0.0,0.0,0.0,15281493679952.0,2636462562.0,2644145225.0
2015-06-27,160041885696,80428700.0,0.0,56.0,6.0,491325129.0,40724.0,0.0,28.0,0.0,0.0,0.0,78.0,0.0,38.0,38.0,80428700.0,0.0,0.0,0.0,140058883563368.0,2641097978.0,2706473499.0
2015-06-28,160041885696,219580695.0,0.0,56.0,6.0,491585740.0,40748.0,0.0,28.0,0.0,0.0,0.0,78.0,0.0,38.0,38.0,219580695.0,0.0,0.0,0.0,232271831408512.0,2645570218.0,2375841221.0
2015-06-29,160041885696,123472360.0,0.0,56.0,6.0,491856772.0,40772.0,0.0,28.0,0.0,0.0,0.0,78.0,0.0,38.0,38.0,123472360.0,0.0,0.0,0.0,42004780195736.0,2650310030.0,2482054142.0
2015-06-30,160041885696,27529532.0,0.0,56.0,6.0,492130764.0,40797.0,0.0,28.0,0.0,0.0,0.0,78.0,0.0,38.0,38.0,27529532.0,0.0,0.0,0.0,167744242753456.0,2654865055.0,2442031821.0
2015-07-01,160041885696,171422286.0,0.0,56.0,6.0,492395846.0,40820.0,0.0,28.0,0.0,0.0,0.0,78.0,0.0,35.0,35.0,171422286.0,0.0,0.0,0.0,263393164435400.0,2659355466.0,2452923420.0
2015-07-02,160041885696,70921004.0,0.0,56.0,6.0,492663412.0,40844.0,0.0,28.0,0.0,0.0,0.0,78.0,0.0,36.0,36.0,70921004.0,0.0,0.0,0.0,74552042364896.0,2663729522.0,2454399826.0
2015-07-03,160041885696,227508402.0,0.0,56.0,6.0,492949063.0,40869.0,0.0,28.0,0.0,0.0,0.0,78.0,0.0,37.0,37.0,227508402.0,0.0,0.0,0.0,200003742113784.0,2668653168.0,2466888328.0
2015-07-04,160041885696,125211949.0,0.0,56.0,6.0,493210006.0,40892.0,0.0,28.0,0.0,0.0,0.0,78.0,0.0,36.0,36.0,125211949.0,0.0,0.0,0.0,9822590246928.0,2673057352.0,2477907831.0
2015-07-05,160041885696,25388730.0,0.0,56.0,6.0,493477154.0,40916.0,0.0,28.0,0.0,0.0,0.0,78.0,0.0,37.0,37.0,25388730.0,0.0,0.0,0.0,102572409004072.0,2677519928.0,2488983187.0
2015-07-06,160041885696,168708543.0,0.0,56.0,6.0,493742061.0,40940.0,0.0,28.0,0.0,0.0,0.0,78.0,0.0,36.0,36.0,168708543.0,0.0,0.0,0.0,193844759011392.0,2681991065.0,2500067687.0
2015-07-07,160041885696,71814377.0,0.0,56.0,6.0,494017975.0,40964.0,0.0,28.0,0.0,0.0,0.0,78.0,0.0,38.0,38.0,71814377.0,0.0,0.0,0.0,38006165643352.0,2686531665.0,2493532353.0
2015-07-08,160041885696,212653893.0,0.0,56.0,6.0,494278328.0,40988.0,0.0,28.0,0.0,0.0,0.0,78.0,0.0,36.0,36.0,212653893.0,0.0,0.0,0.0,129750962053232.0,2690892873.0,2310496735.0
2015-07-09,160041885696,104590967.0,0.0,56.0,6.0,494535423.0,41012.0,0.0,28.0,0.0,0.0,0.0,78.0,0.0,40.0,40.0,104590967.0,0.0,0.0,0.0,221281010098312.0,2695284230.0,2321381478.0
2015-07-10,160041885696,2430436.0,0.0,56.0,6.0,494799130.0,41037.0,0.0,28.0,0.0,0.0,0.0,78.0,0.0,40.0,40.0,2430436.0,0.0,0.0,0.0,65957812805792.0,2699651990.0,2332835577.0
2015-07-11,160041885696,151233615.0,0.0,56.0,6.0,495068671.0,41060.0,0.0,28.0,0.0,0.0,0.0,78.0,0.0,40.0,40.0,151233615.0,0.0,0.0,0.0,157088428892344.0,2703967814.0,2344207000.0
2015-07-12,160041885696,53520894.0,0.0,56.0,6.0,495332872.0,41084.0,0.0,28.0,0.0,0.0,0.0,78.0,0.0,40.0,40.0,53520894.0,0.0,0.0,0.0,248648541708496.0,2708285262.0,2355313000.0
2015-07-13,160041885696,204819363.0,0.0,56.0,6.0,495604857.0,41109.0,0.0,28.0,0.0,0.0,0.0,78.0,0.0,40.0,40.0,204819363.0,0.0,0.0,0.0,92547955335400.0,2712834870.0,2367090525.0
2015-07-14,160041885696,104794452.0,0.0,56.0,6.0,495867832.0,41132.0,0.0,28.0,0.0,0.0,0.0,78.0,0.0,41.0,41.0,104794452.0,0.0,0.0,0.0,184151017824512.0,2717162086.0,2326600410.0
2015-07-15,160041885696,243729201.0,0.0,56.0,6.0,496126835.0,41156.0,0.0,28.0,0.0,0.0,0.0,78.0,0.0,40.0,40.0,243729201.0,0.0,0.0,0.0,276114857566488.0,2721482782.0,2336572972.0
2015-07-16,160041885696,149001184.0,0.0,56.0,6.0,496400644.0,41180.0,0.0,28.0,0.0,0.0,0.0,78.0,0.0,37.0,37.0,149001184.0,0.0,0.0,0.0,86693914911024.0,2726026506.0,2347491317.0
2015-07-17,160041885696,47137601.0,0.0,56.0,6.0,496671560.0,41204.0,0.0,28.0,0.0,0.0,0.0,78.0,0.0,37.0,37.0,47137601.0,0.0,0.0,0.0,212854284263752.0,2730775757.0,2393659290.0
2015-07-18,160041885696,198094227.0,0.0,56.0,6.0,496944552.0,41228.0,0.0,28.0,0.0,0.0,0.0,78.0,0.0,37.0,37.0,198094227.0,0.0,0.0,0.0,22926535467360.0,2735321518.0,2403426958.0
2015-07-19,160041885696,99311953.0,0.0,56.0,6.0,497210268.0,41252.0,0.0,28.0,0.0,0.0,0.0,78.0,0.0,37.0,37.0,99311953.0,0.0,0.0,0.0,114662741942648.0,2739873083.0,2415836735.0
2015-07-20,160041885696,243204621.0,0.0,56.0,6.0,497476979.0,41277.0,0.0,28.0,0.0,0.0,0.0,78.0,0.0,37.0,37.0,243204621.0,0.0,0.0,0.0,239800909078928.0,2744615904.0,2428262193.0
2015-07-21,160041885696,142182403.0,0.0,56.0,6.0,497743845.0,41300.0,0.0,28.0,0.0,0.0,0.0,78.0,0.0,38.0,38.0,142182403.0,0.0,0.0,0.0,49821620674984.0,2749213484.0,2439999997.0
2015-07-22,160041885696,61316846.0,0.0,56.0,6.0,498236428.0,41324.0,0.0,28.0,0.0,0.0,0.0,78.0,0.0,38.0,38.0,61316846.0,0.0,0.0,0.0,203590039806400.0,2873746830.0,2454434161.0
2015-07-23,160041885696,225576928.0,0.0,56.0,6.0,499251882.0,41348.0,0.0,28.0,0.0,0.0,0.0,78.0,0.0,36.0,36.0,225576928.0,0.0,0.0,0.0,14040248132056.0,3277981063.0,2469503935.0
2015-07-24,160041885696,150718414.0,0.0,56.0,6.0,500318773.0,41372.0,0.0,28.0,0.0,0.0,0.0,78.0,0.0,36.0,36.0,150718414.0,0.0,0.0,0.0,106437879570928.0,3710202204.0,2302603697.0
2015-07-25,160041885696,114920723.0,0.0,56.0,6.0,501656798.0,41397.0,0.0,28.0,0.0,0.0,0.0,78.0,0.0,37.0,37.0,114920723.0,0.0,0.0,0.0,14761802637832.0,4221987481.0,2325281451.0
2015-07-26,160041885696,56068827.0,0.0,56.0,6.0,502829498.0,41420.0,0.0,28.0,0.0,0.0,0.0,78.0,0.0,37.0,37.0,56068827.0,0.0,0.0,0.0,106360570159648.0,395677964.0,2373654810.0
2015-07-27,160041885696,235606046.0,0.0,56.0,6.0,503732618.0,41444.0,0.0,28.0,0.0,0.0,0.0,78.0,0.0,37.0,37.0,235606046.0,0.0,0.0,0.0,198345884738104.0,704157022.0,2409261761.0
2015-07-28,160041885696,168730669.0,0.0,56.0,6.0,504724940.0,41469.0,0.0,28.0,0.0,0.0,0.0,78.0,0.0,38.0,38.0,168730669.0,0.0,0.0,0.0,42283953070672.0,1057235630.0,2396553009.0
2015-07-29,160041885696,99193825.0,0.0,56.0,6.0,505799817.0,41492.0,0.0,28.0,0.0,0.0,0.0,78.0,0.0,38.0,38.0,99193825.0,0.0,0.0,0.0,133715216867944.0,1459314069.0,2351483066.0
2015-07-30,160041885696,41012011.0,0.0,56.0,6.0,507019296.0,41516.0,0.0,28.0,0.0,0.0,0.0,78.0,0.0,37.0,37.0,41012011.0,0.0,0.0,0.0,226177272816256.0,1939097295.0,2005518716.0
2015-07-31,160041885696,229166162.0,0.0,56.0,6.0,508278434.0,41540.0,0.0,28.0,0.0,0.0,0.0,78.0,0.0,38.0,38.0,229166162.0,0.0,0.0,0.0,270771918250648.0,2464993880.0,2025408307.0
