timestamp,capacity_bytes,smart_1_raw,smart_3_raw,smart_4_raw,smart_5_raw,smart_7_raw,smart_9_raw,smart_10_raw,smart_11_raw,smart_12_raw,smart_192_raw,smart_193_raw,smart_194_raw,smart_196_raw,smart_197_raw,smart_198_raw,smart_199_raw,smart_200_raw
2014-02-14,80026361856,0.0,4066.0,24.0,0.0,0.0,16127.0,0.0,0.0,22.0,13.0,24.0,33.0,0.0,0.0,0.0,0.0,0.0
2014-02-15,80026361856,0.0,4066.0,24.0,0.0,0.0,16151.0,0.0,0.0,22.0,13.0,24.0,33.0,0.0,0.0,0.0,0.0,0.0
2014-02-16,80026361856,0.0,4066.0,24.0,0.0,0.0,16175.0,0.0,0.0,22.0,13.0,24.0,33.0,0.0,0.0,0.0,0.0,0.0
2014-02-17,80026361856,0.0,4066.0,24.0,0.0,0.0,16199.0,0.0,0.0,22.0,13.0,24.0,31.0,0.0,0.0,0.0,0.0,0.0
2014-02-18,80026361856,0.0,4066.0,24.0,0.0,0.0,16223.0,0.0,0.0,22.0,13.0,24.0,31.0,0.0,0.0,0.0,0.0,0.0
2014-02-19,80026361856,0.0,4066.0,24.0,0.0,0.0,16247.0,0.0,0.0,22.0,13.0,24.0,31.0,0.0,0.0,0.0,0.0,0.0
2014-02-20,80026361856,0.0,4066.0,24.0,0.0,0.0,16271.0,0.0,0.0,22.0,13.0,24.0,31.0,0.0,0.0,0.0,0.0,0.0
2014-02-21,80026361856,0.0,4066.0,24.0,0.0,0.0,16294.0,0.0,0.0,22.0,13.0,24.0,31.0,0.0,0.0,0.0,0.0,0.0
2014-02-22,80026361856,0.0,4066.0,24.0,0.0,0.0,16318.0,0.0,0.0,22.0,13.0,24.0,33.0,0.0,0.0,0.0,0.0,0.0
2014-02-23,80026361856,0.0,4066.0,24.0,0.0,0.0,16343.0,0.0,0.0,22.0,13.0,24.0,33.0,0.0,0.0,0.0,0.0,0.0
2014-02-24,80026361856,0.0,4066.0,24.0,0.0,0.0,16366.0,0.0,0.0,22.0,13.0,24.0,31.0,0.0,0.0,0.0,0.0,0.0
2014-02-25,80026361856,0.0,4066.0,24.0,0.0,0.0,16390.0,0.0,0.0,22.0,13.0,24.0,31.0,0.0,0.0,0.0,0.0,0.0
2014-02-26,80026361856,0.0,4066.0,24.0,0.0,0.0,16415.0,0.0,0.0,22.0,13.0,24.0,33.0,0.0,0.0,0.0,0.0,0.0
2014-02-27,80026361856,0.0,4066.0,24.0,0.0,0.0,16438.0,0.0,0.0,22.0,13.0,24.0,33.0,0.0,0.0,0.0,0.0,0.0
2014-02-28,80026361856,0.0,4075.0,25.0,0.0,0.0,16462.0,0.0,0.0,23.0,13.0,25.0,32.0,0.0,0.0,0.0,0.0,0.0
2014-03-01,80026361856,0.0,4075.0,25.0,0.0,0.0,16486.0,0.0,0.0,23.0,13.0,25.0,32.0,0.0,0.0,0.0,0.0,0.0
2014-03-02,80026361856,0.0,4075.0,25.0,0.0,0.0,16510.0,0.0,0.0,23.0,13.0,25.0,32.0,0.0,0.0,0.0,0.0,0.0
2014-03-03,80026361856,0.0,4075.0,25.0,0.0,0.0,16534.0,0.0,0.0,23.0,13.0,25.0,32.0,0.0,0.0,0.0,0.0,0.0
2014-03-04,80026361856,0.0,4075.0,25.0,0.0,0.0,16558.0,0.0,0.0,23.0,13.0,25.0,32.0,0.0,0.0,0.0,0.0,0.0
2014-03-05,80026361856,0.0,4075.0,25.0,0.0,0.0,16582.0,0.0,0.0,23.0,13.0,25.0,32.0,0.0,0.0,0.0,0.0,0.0
2014-03-06,80026361856,0.0,4075.0,25.0,0.0,0.0,16606.0,0.0,0.0,23.0,13.0,25.0,33.0,0.0,0.0,0.0,0.0,0.0
2014-03-07,80026361856,0.0,4075.0,25.0,0.0,0.0,16630.0,0.0,0.0,23.0,13.0,25.0,32.0,0.0,0.0,0.0,0.0,0.0
2014-03-08,80026361856,0.0,4075.0,25.0,0.0,0.0,16654.0,0.0,0.0,23.0,13.0,25.0,32.0,0.0,0.0,0.0,0.0,0.0
2014-03-09,80026361856,0.0,4075.0,25.0,0.0,0.0,16678.0,0.0,0.0,23.0,13.0,25.0,33.0,0.0,0.0,0.0,0.0,0.0
2014-03-10,80026361856,0.0,4075.0,25.0,0.0,0.0,16702.0,0.0,0.0,23.0,13.0,25.0,33.0,0.0,0.0,0.0,0.0,0.0
2014-03-11,80026361856,0.0,4075.0,25.0,0.0,0.0,16725.0,0.0,0.0,23.0,13.0,25.0,33.0,0.0,0.0,0.0,0.0,0.0
2014-03-12,80026361856,0.0,4075.0,25.0,0.0,0.0,16748.0,0.0,0.0,23.0,13.0,25.0,31.0,0.0,0.0,0.0,0.0,0.0
2014-03-13,80026361856,0.0,4075.0,25.0,0.0,0.0,16773.0,0.0,0.0,23.0,13.0,25.0,31.0,0.0,0.0,0.0,0.0,0.0
2014-03-14,80026361856,0.0,4075.0,25.0,0.0,0.0,16797.0,0.0,0.0,23.0,13.0,25.0,32.0,0.0,0.0,0.0,0.0,0.0
2014-03-15,80026361856,0.0,4075.0,25.0,0.0,0.0,16820.0,0.0,0.0,23.0,13.0,25.0,32.0,0.0,0.0,0.0,0.0,0.0
2014-03-16,80026361856,0.0,4075.0,25.0,0.0,0.0,16844.0,0.0,0.0,23.0,13.0,25.0,32.0,0.0,0.0,0.0,0.0,0.0
2014-03-17,80026361856,0.0,4075.0,25.0,0.0,0.0,16869.0,0.0,0.0,23.0,13.0,25.0,32.0,0.0,0.0,0.0,0.0,0.0
2014-03-18,80026361856,0.0,4075.0,25.0,0.0,0.0,16892.0,0.0,0.0,23.0,13.0,25.0,32.0,0.0,0.0,0.0,0.0,0.0
2014-03-19,80026361856,0.0,4075.0,25.0,0.0,0.0,16916.0,0.0,0.0,23.0,13.0,25.0,31.0,0.0,0.0,0.0,0.0,0.0
2014-03-20,80026361856,0.0,4075.0,25.0,0.0,0.0,16941.0,0.0,0.0,23.0,13.0,25.0,32.0,0.0,0.0,0.0,0.0,0.0
2014-03-21,80026361856,0.0,4075.0,25.0,0.0,0.0,16964.0,0.0,0.0,23.0,13.0,25.0,31.0,0.0,0.0,0.0,0.0,0.0
2014-03-22,80026361856,0.0,4075.0,25.0,0.0,0.0,16988.0,0.0,0.0,23.0,13.0,25.0,33.0,0.0,0.0,0.0,0.0,0.0
2014-03-23,80026361856,0.0,4075.0,25.0,0.0,0.0,17013.0,0.0,0.0,23.0,13.0,25.0,32.0,0.0,0.0,0.0,0.0,0.0
2014-03-24,80026361856,0.0,4075.0,25.0,0.0,0.0,17036.0,0.0,0.0,23.0,13.0,25.0,33.0,0.0,0.0,0.0,0.0,0.0
2014-03-25,80026361856,0.0,4075.0,25.0,0.0,0.0,17060.0,0.0,0.0,23.0,13.0,25.0,32.0,0.0,0.0,0.0,0.0,0.0
2014-03-26,80026361856,0.0,4075.0,25.0,0.0,0.0,17085.0,0.0,0.0,23.0,13.0,25.0,32.0,0.0,0.0,0.0,0.0,0.0
2014-03-27,80026361856,0.0,4075.0,25.0,0.0,0.0,17108.0,0.0,0.0,23.0,13.0,25.0,31.0,0.0,0.0,0.0,0.0,0.0
2014-03-28,80026361856,0.0,4075.0,25.0,0.0,0.0,17132.0,0.0,0.0,23.0,13.0,25.0,32.0,0.0,0.0,0.0,0.0,0.0
2014-03-29,80026361856,0.0,4075.0,25.0,0.0,0.0,17156.0,0.0,0.0,23.0,13.0,25.0,32.0,0.0,0.0,0.0,0.0,0.0
2014-03-30,80026361856,0.0,4075.0,25.0,0.0,0.0,17180.0,0.0,0.0,23.0,13.0,25.0,32.0,0.0,0.0,0.0,0.0,0.0
2014-03-31,80026361856,0.0,4075.0,25.0,0.0,0.0,17204.0,0.0,0.0,23.0,13.0,25.0,31.0,0.0,0.0,0.0,0.0,0.0
2014-04-01,80026361856,0.0,4075.0,25.0,0.0,0.0,17228.0,0.0,0.0,23.0,13.0,25.0,32.0,0.0,0.0,0.0,0.0,0.0
2014-04-02,80026361856,0.0,4075.0,25.0,0.0,0.0,17252.0,0.0,0.0,23.0,13.0,25.0,31.0,0.0,0.0,0.0,0.0,0.0
2014-04-03,80026361856,0.0,4075.0,25.0,0.0,0.0,17276.0,0.0,0.0,23.0,13.0,25.0,31.0,0.0,0.0,0.0,0.0,0.0
2014-04-04,80026361856,0.0,4075.0,25.0,0.0,0.0,17300.0,0.0,0.0,23.0,13.0,25.0,31.0,0.0,0.0,0.0,0.0,0.0
2014-04-05,80026361856,0.0,4075.0,25.0,0.0,0.0,17324.0,0.0,0.0,23.0,13.0,25.0,32.0,0.0,0.0,0.0,0.0,0.0
2014-04-06,80026361856,0.0,4075.0,25.0,0.0,0.0,17348.0,0.0,0.0,23.0,13.0,25.0,32.0,0.0,0.0,0.0,0.0,0.0
2014-04-07,80026361856,0.0,4075.0,25.0,0.0,0.0,17372.0,0.0,0.0,23.0,13.0,25.0,32.0,0.0,0.0,0.0,0.0,0.0
2014-04-08,80026361856,0.0,4075.0,25.0,0.0,0.0,17395.0,0.0,0.0,23.0,13.0,25.0,31.0,0.0,0.0,0.0,0.0,0.0
2014-04-09,80026361856,0.0,4075.0,25.0,0.0,0.0,17420.0,0.0,0.0,23.0,13.0,25.0,31.0,0.0,0.0,0.0,0.0,0.0
2014-04-10,80026361856,0.0,4075.0,25.0,0.0,0.0,17444.0,0.0,0.0,23.0,13.0,25.0,33.0,0.0,0.0,0.0,0.0,0.0
2014-04-11,80026361856,0.0,4075.0,25.0,0.0,0.0,17467.0,0.0,0.0,23.0,13.0,25.0,31.0,0.0,0.0,0.0,0.0,0.0
2014-04-12,80026361856,0.0,4075.0,25.0,0.0,0.0,17492.0,0.0,0.0,23.0,13.0,25.0,32.0,0.0,0.0,0.0,0.0,0.0
2014-04-13,80026361856,0.0,4075.0,25.0,0.0,0.0,17516.0,0.0,0.0,23.0,13.0,25.0,33.0,0.0,0.0,0.0,0.0,0.0
2014-04-14,80026361856,0.0,4075.0,25.0,0.0,0.0,17539.0,0.0,0.0,23.0,13.0,25.0,33.0,0.0,0.0,0.0,0.0,0.0
2014-04-15,80026361856,0.0,4075.0,25.0,0.0,0.0,17564.0,0.0,0.0,23.0,13.0,25.0,33.0,0.0,0.0,0.0,0.0,0.0
2014-04-16,80026361856,0.0,4075.0,25.0,0.0,0.0,17587.0,0.0,0.0,23.0,13.0,25.0,33.0,0.0,0.0,0.0,0.0,0.0
2014-04-17,80026361856,0.0,4075.0,25.0,0.0,0.0,17611.0,0.0,0.0,23.0,13.0,25.0,33.0,0.0,0.0,0.0,0.0,0.0
2014-04-18,80026361856,0.0,4075.0,25.0,0.0,0.0,17635.0,0.0,0.0,23.0,13.0,25.0,33.0,0.0,0.0,0.0,0.0,0.0
2014-04-19,80026361856,0.0,4075.0,25.0,0.0,0.0,17659.0,0.0,0.0,23.0,13.0,25.0,33.0,0.0,0.0,0.0,0.0,0.0
2014-04-20,80026361856,0.0,4075.0,25.0,0.0,0.0,17683.0,0.0,0.0,23.0,13.0,25.0,33.0,0.0,0.0,0.0,0.0,0.0
2014-04-21,80026361856,0.0,4075.0,25.0,0.0,0.0,17707.0,0.0,0.0,23.0,13.0,25.0,33.0,0.0,0.0,0.0,0.0,0.0
2014-04-22,80026361856,0.0,4075.0,25.0,0.0,0.0,17731.0,0.0,0.0,23.0,13.0,25.0,33.0,0.0,0.0,0.0,0.0,0.0
2014-04-23,80026361856,0.0,4075.0,25.0,0.0,0.0,17755.0,0.0,0.0,23.0,13.0,25.0,32.0,0.0,0.0,0.0,0.0,0.0
2014-04-24,80026361856,0.0,4075.0,25.0,0.0,0.0,17779.0,0.0,0.0,23.0,13.0,25.0,33.0,0.0,0.0,0.0,0.0,0.0
2014-04-25,80026361856,0.0,4075.0,25.0,0.0,0.0,17803.0,0.0,0.0,23.0,13.0,25.0,33.0,0.0,0.0,0.0,0.0,0.0
2014-04-26,80026361856,0.0,4075.0,25.0,0.0,0.0,17827.0,0.0,0.0,23.0,13.0,25.0,33.0,0.0,0.0,0.0,0.0,0.0
2014-04-27,80026361856,0.0,4075.0,25.0,0.0,0.0,17851.0,0.0,0.0,23.0,13.0,25.0,33.0,0.0,0.0,0.0,0.0,0.0
2014-04-28,80026361856,0.0,4075.0,25.0,0.0,0.0,17875.0,0.0,0.0,23.0,13.0,25.0,32.0,0.0,0.0,0.0,0.0,0.0
2014-04-29,80026361856,0.0,4075.0,25.0,0.0,0.0,17899.0,0.0,0.0,23.0,13.0,25.0,32.0,0.0,0.0,0.0,0.0,0.0
2014-04-30,80026361856,0.0,4075.0,25.0,0.0,0.0,17923.0,0.0,0.0,23.0,13.0,25.0,33.0,0.0,0.0,0.0,0.0,0.0
2014-05-01,80026361856,0.0,4075.0,25.0,0.0,0.0,17946.0,0.0,0.0,23.0,13.0,25.0,33.0,0.0,0.0,0.0,0.0,0.0
2014-05-02,80026361856,0.0,4075.0,25.0,0.0,0.0,17971.0,0.0,0.0,23.0,13.0,25.0,33.0,0.0,0.0,0.0,0.0,0.0
2014-05-03,80026361856,0.0,4075.0,25.0,0.0,0.0,17995.0,0.0,0.0,23.0,13.0,25.0,32.0,0.0,0.0,0.0,0.0,0.0
2014-05-04,80026361856,0.0,4075.0,25.0,0.0,0.0,18018.0,0.0,0.0,23.0,13.0,25.0,32.0,0.0,0.0,0.0,0.0,0.0
2014-05-05,80026361856,0.0,4075.0,25.0,0.0,0.0,18043.0,0.0,0.0,23.0,13.0,25.0,32.0,0.0,0.0,0.0,0.0,0.0
2014-05-06,80026361856,0.0,4075.0,25.0,0.0,0.0,18067.0,0.0,0.0,23.0,13.0,25.0,32.0,0.0,0.0,0.0,0.0,0.0
2014-05-07,80026361856,0.0,4075.0,25.0,0.0,0.0,18090.0,0.0,0.0,23.0,13.0,25.0,33.0,0.0,0.0,0.0,0.0,0.0
2014-05-08,80026361856,0.0,4075.0,25.0,0.0,0.0,18115.0,0.0,0.0,23.0,13.0,25.0,32.0,0.0,0.0,0.0,0.0,0.0
2014-05-09,80026361856,0.0,4075.0,25.0,0.0,0.0,18139.0,0.0,0.0,23.0,13.0,25.0,31.0,0.0,0.0,0.0,0.0,0.0
2014-05-10,80026361856,0.0,4075.0,25.0,0.0,0.0,18162.0,0.0,0.0,23.0,13.0,25.0,33.0,0.0,0.0,0.0,0.0,0.0
2014-05-11,80026361856,0.0,4075.0,25.0,0.0,0.0,18186.0,0.0,0.0,23.0,13.0,25.0,33.0,0.0,0.0,0.0,0.0,0.0
2014-05-12,80026361856,0.0,4075.0,25.0,0.0,0.0,18211.0,0.0,0.0,23.0,13.0,25.0,32.0,0.0,0.0,0.0,0.0,0.0
2014-05-13,80026361856,0.0,4075.0,25.0,0.0,0.0,18234.0,0.0,0.0,23.0,13.0,25.0,32.0,0.0,0.0,0.0,0.0,0.0
2014-05-14,80026361856,0.0,4075.0,25.0,0.0,0.0,18258.0,0.0,0.0,23.0,13.0,25.0,32.0,0.0,0.0,0.0,0.0,0.0
2014-05-15,80026361856,0.0,4075.0,25.0,0.0,0.0,18283.0,0.0,0.0,23.0,13.0,25.0,31.0,0.0,0.0,0.0,0.0,0.0
2014-05-16,80026361856,0.0,4075.0,25.0,0.0,0.0,18306.0,0.0,0.0,23.0,13.0,25.0,31.0,0.0,0.0,0.0,0.0,0.0
2014-05-17,80026361856,0.0,4075.0,25.0,0.0,0.0,18330.0,0.0,0.0,23.0,13.0,25.0,33.0,0.0,0.0,0.0,0.0,0.0
2014-05-18,80026361856,0.0,4075.0,25.0,0.0,0.0,18354.0,0.0,0.0,23.0,13.0,25.0,32.0,0.0,0.0,0.0,0.0,0.0
2014-05-19,80026361856,0.0,4075.0,25.0,0.0,0.0,18378.0,0.0,0.0,23.0,13.0,25.0,32.0,0.0,0.0,0.0,0.0,0.0
2014-05-20,80026361856,0.0,4075.0,25.0,0.0,0.0,18402.0,0.0,0.0,23.0,13.0,25.0,33.0,0.0,0.0,0.0,0.0,0.0
2014-05-21,80026361856,0.0,4075.0,25.0,0.0,0.0,18426.0,0.0,0.0,23.0,13.0,25.0,32.0,0.0,0.0,0.0,0.0,0.0
2014-05-22,80026361856,0.0,4075.0,25.0,0.0,0.0,18450.0,0.0,0.0,23.0,13.0,25.0,32.0,0.0,0.0,0.0,0.0,0.0
2014-05-23,80026361856,0.0,4075.0,25.0,0.0,0.0,18474.0,0.0,0.0,23.0,13.0,25.0,32.0,0.0,0.0,0.0,0.0,0.0
2014-05-24,80026361856,0.0,4075.0,25.0,0.0,0.0,18498.0,0.0,0.0,23.0,13.0,25.0,32.0,0.0,0.0,0.0,0.0,0.0
2014-05-25,80026361856,0.0,4075.0,25.0,0.0,0.0,18522.0,0.0,0.0,23.0,13.0,25.0,32.0,0.0,0.0,0.0,0.0,0.0
2014-05-26,80026361856,0.0,4075.0,25.0,0.0,0.0,18546.0,0.0,0.0,23.0,13.0,25.0,31.0,0.0,0.0,0.0,0.0,0.0
2014-05-27,80026361856,0.0,4075.0,25.0,0.0,0.0,18570.0,0.0,0.0,23.0,13.0,25.0,31.0,0.0,0.0,0.0,0.0,0.0
2014-05-28,80026361856,0.0,4075.0,25.0,0.0,0.0,18594.0,0.0,0.0,23.0,13.0,25.0,33.0,0.0,0.0,0.0,0.0,0.0
2014-05-29,80026361856,0.0,4075.0,25.0,0.0,0.0,18618.0,0.0,0.0,23.0,13.0,25.0,32.0,0.0,0.0,0.0,0.0,0.0
2014-05-30,80026361856,0.0,4075.0,25.0,0.0,0.0,18642.0,0.0,0.0,23.0,13.0,25.0,33.0,0.0,0.0,0.0,0.0,0.0
2014-05-31,80026361856,0.0,4075.0,25.0,0.0,0.0,18666.0,0.0,0.0,23.0,13.0,25.0,32.0,0.0,0.0,0.0,0.0,0.0
2014-06-01,80026361856,0.0,4075.0,25.0,0.0,0.0,18690.0,0.0,0.0,23.0,13.0,25.0,33.0,0.0,0.0,0.0,0.0,0.0
2014-06-02,80026361856,0.0,4075.0,25.0,0.0,0.0,18713.0,0.0,0.0,23.0,13.0,25.0,33.0,0.0,0.0,0.0,0.0,0.0
2014-06-03,80026361856,0.0,4075.0,25.0,0.0,0.0,18737.0,0.0,0.0,23.0,13.0,25.0,33.0,0.0,0.0,0.0,0.0,0.0
2014-06-04,80026361856,0.0,4075.0,25.0,0.0,0.0,18762.0,0.0,0.0,23.0,13.0,25.0,32.0,0.0,0.0,0.0,0.0,0.0
2014-06-05,80026361856,0.0,4075.0,25.0,0.0,0.0,18785.0,0.0,0.0,23.0,13.0,25.0,32.0,0.0,0.0,0.0,0.0,0.0
2014-06-06,80026361856,0.0,4075.0,25.0,0.0,0.0,18809.0,0.0,0.0,23.0,13.0,25.0,33.0,0.0,0.0,0.0,0.0,0.0
2014-06-07,80026361856,0.0,4075.0,25.0,0.0,0.0,18834.0,0.0,0.0,23.0,13.0,25.0,33.0,0.0,0.0,0.0,0.0,0.0
2014-06-08,80026361856,0.0,4075.0,25.0,0.0,0.0,18857.0,0.0,0.0,23.0,13.0,25.0,33.0,0.0,0.0,0.0,0.0,0.0
2014-06-09,80026361856,0.0,4075.0,25.0,0.0,0.0,18881.0,0.0,0.0,23.0,13.0,25.0,32.0,0.0,0.0,0.0,0.0,0.0
2014-06-10,80026361856,0.0,4075.0,25.0,0.0,0.0,18906.0,0.0,0.0,23.0,13.0,25.0,32.0,0.0,0.0,0.0,0.0,0.0
2014-06-11,80026361856,0.0,4075.0,25.0,0.0,0.0,18929.0,0.0,0.0,23.0,13.0,25.0,32.0,0.0,0.0,0.0,0.0,0.0
2014-06-12,80026361856,0.0,4075.0,25.0,0.0,0.0,18953.0,0.0,0.0,23.0,13.0,25.0,32.0,0.0,0.0,0.0,0.0,0.0
2014-06-13,80026361856,0.0,4075.0,25.0,0.0,0.0,18978.0,0.0,0.0,23.0,13.0,25.0,32.0,0.0,0.0,0.0,0.0,0.0
2014-06-14,80026361856,0.0,4075.0,25.0,0.0,0.0,19001.0,0.0,0.0,23.0,13.0,25.0,33.0,0.0,0.0,0.0,0.0,0.0
2014-06-15,80026361856,0.0,4075.0,25.0,0.0,0.0,19025.0,0.0,0.0,23.0,13.0,25.0,33.0,0.0,0.0,0.0,0.0,0.0
2014-06-16,80026361856,0.0,4075.0,25.0,0.0,0.0,19049.0,0.0,0.0,23.0,13.0,25.0,33.0,0.0,0.0,0.0,0.0,0.0
2014-06-17,80026361856,0.0,4075.0,25.0,0.0,0.0,19073.0,0.0,0.0,23.0,13.0,25.0,32.0,0.0,0.0,0.0,0.0,0.0
2014-06-18,80026361856,0.0,4075.0,25.0,0.0,0.0,19097.0,0.0,0.0,23.0,13.0,25.0,33.0,0.0,0.0,0.0,0.0,0.0
2014-06-19,80026361856,0.0,4075.0,25.0,0.0,0.0,19121.0,0.0,0.0,23.0,13.0,25.0,32.0,0.0,0.0,0.0,0.0,0.0
2014-06-20,80026361856,0.0,4075.0,25.0,0.0,0.0,19145.0,0.0,0.0,23.0,13.0,25.0,33.0,0.0,0.0,0.0,0.0,0.0
2014-06-21,80026361856,0.0,4075.0,25.0,0.0,0.0,19169.0,0.0,0.0,23.0,13.0,25.0,33.0,0.0,0.0,0.0,0.0,0.0
2014-06-22,80026361856,0.0,4075.0,25.0,0.0,0.0,19193.0,0.0,0.0,23.0,13.0,25.0,33.0,0.0,0.0,0.0,0.0,0.0
2014-06-23,80026361856,0.0,4075.0,25.0,0.0,0.0,19217.0,0.0,0.0,23.0,13.0,25.0,32.0,0.0,0.0,0.0,0.0,0.0
2014-06-24,80026361856,0.0,4075.0,25.0,0.0,0.0,19241.0,0.0,0.0,23.0,13.0,25.0,32.0,0.0,0.0,0.0,0.0,0.0
2014-06-25,80026361856,0.0,4075.0,25.0,0.0,0.0,19265.0,0.0,0.0,23.0,13.0,25.0,33.0,0.0,0.0,0.0,0.0,0.0
2014-06-26,80026361856,0.0,4075.0,25.0,0.0,0.0,19288.0,0.0,0.0,23.0,13.0,25.0,32.0,0.0,0.0,0.0,0.0,0.0
2014-06-27,80026361856,0.0,4075.0,25.0,0.0,0.0,19313.0,0.0,0.0,23.0,13.0,25.0,33.0,0.0,0.0,0.0,0.0,0.0
2014-06-28,80026361856,0.0,4075.0,25.0,0.0,0.0,19337.0,0.0,0.0,23.0,13.0,25.0,33.0,0.0,0.0,0.0,0.0,0.0
2014-06-29,80026361856,0.0,4075.0,25.0,0.0,0.0,19360.0,0.0,0.0,23.0,13.0,25.0,32.0,0.0,0.0,0.0,0.0,0.0
2014-06-30,80026361856,0.0,4075.0,25.0,0.0,0.0,19385.0,0.0,0.0,23.0,13.0,25.0,33.0,0.0,0.0,0.0,0.0,0.0
2014-07-01,80026361856,0.0,4075.0,25.0,0.0,0.0,19409.0,0.0,0.0,23.0,13.0,25.0,32.0,0.0,0.0,0.0,0.0,0.0
2014-07-02,80026361856,0.0,4075.0,25.0,0.0,0.0,19432.0,0.0,0.0,23.0,13.0,25.0,32.0,0.0,0.0,0.0,0.0,0.0
2014-07-03,80026361856,0.0,4075.0,25.0,0.0,0.0,19457.0,0.0,0.0,23.0,13.0,25.0,32.0,0.0,0.0,0.0,0.0,0.0
2014-07-04,80026361856,0.0,4075.0,25.0,0.0,0.0,19480.0,0.0,0.0,23.0,13.0,25.0,32.0,0.0,0.0,0.0,0.0,0.0
2014-07-05,80026361856,0.0,4075.0,25.0,0.0,0.0,19504.0,0.0,0.0,23.0,13.0,25.0,32.0,0.0,0.0,0.0,0.0,0.0
2014-07-06,80026361856,0.0,4075.0,25.0,0.0,0.0,19528.0,0.0,0.0,23.0,13.0,25.0,33.0,0.0,0.0,0.0,0.0,0.0
2014-07-07,80026361856,0.0,4075.0,25.0,0.0,0.0,19552.0,0.0,0.0,23.0,13.0,25.0,33.0,0.0,0.0,0.0,0.0,0.0
2014-07-08,80026361856,0.0,4075.0,25.0,0.0,0.0,19576.0,0.0,0.0,23.0,13.0,25.0,33.0,0.0,0.0,0.0,0.0,0.0
2014-07-09,80026361856,0.0,4075.0,25.0,0.0,0.0,19600.0,0.0,0.0,23.0,13.0,25.0,33.0,0.0,0.0,0.0,0.0,0.0
2014-07-10,80026361856,0.0,4075.0,25.0,0.0,0.0,19624.0,0.0,0.0,23.0,13.0,25.0,32.0,0.0,0.0,0.0,0.0,0.0
2014-07-11,80026361856,0.0,4075.0,25.0,0.0,0.0,19648.0,0.0,0.0,23.0,13.0,25.0,28.0,0.0,0.0,0.0,0.0,0.0
2014-07-12,80026361856,0.0,4075.0,25.0,0.0,0.0,19672.0,0.0,0.0,23.0,13.0,25.0,29.0,0.0,0.0,0.0,0.0,0.0
2014-07-13,80026361856,0.0,4075.0,25.0,0.0,0.0,19696.0,0.0,0.0,23.0,13.0,25.0,28.0,0.0,0.0,0.0,0.0,0.0
2014-07-14,80026361856,0.0,4075.0,25.0,0.0,0.0,19720.0,0.0,0.0,23.0,13.0,25.0,29.0,0.0,0.0,0.0,0.0,0.0
2014-07-15,80026361856,0.0,4075.0,25.0,0.0,0.0,19744.0,0.0,0.0,23.0,13.0,25.0,29.0,0.0,0.0,0.0,0.0,0.0
2014-07-16,80026361856,0.0,4075.0,25.0,0.0,0.0,19768.0,0.0,0.0,23.0,13.0,25.0,29.0,0.0,0.0,0.0,0.0,0.0
2014-07-17,80026361856,0.0,4075.0,25.0,0.0,0.0,19792.0,0.0,0.0,23.0,13.0,25.0,29.0,0.0,0.0,0.0,0.0,0.0
2014-07-18,80026361856,0.0,4075.0,25.0,0.0,0.0,19816.0,0.0,0.0,23.0,13.0,25.0,29.0,0.0,0.0,0.0,0.0,0.0
2014-07-19,80026361856,0.0,4075.0,25.0,0.0,0.0,19839.0,0.0,0.0,23.0,13.0,25.0,28.0,0.0,0.0,0.0,0.0,0.0
2014-07-20,80026361856,0.0,4075.0,25.0,0.0,0.0,19864.0,0.0,0.0,23.0,13.0,25.0,29.0,0.0,0.0,0.0,0.0,0.0
2014-07-21,80026361856,0.0,4075.0,25.0,0.0,0.0,19888.0,0.0,0.0,23.0,13.0,25.0,29.0,0.0,0.0,0.0,0.0,0.0
2014-07-22,80026361856,0.0,4075.0,25.0,0.0,0.0,19911.0,0.0,0.0,23.0,13.0,25.0,29.0,0.0,0.0,0.0,0.0,0.0
2014-07-23,80026361856,0.0,4075.0,25.0,0.0,0.0,19936.0,0.0,0.0,23.0,13.0,25.0,28.0,0.0,0.0,0.0,0.0,0.0
2014-07-24,80026361856,0.0,4075.0,25.0,0.0,0.0,19960.0,0.0,0.0,23.0,13.0,25.0,29.0,0.0,0.0,0.0,0.0,0.0
2014-07-25,80026361856,0.0,4075.0,25.0,0.0,0.0,19983.0,0.0,0.0,23.0,13.0,25.0,29.0,0.0,0.0,0.0,0.0,0.0
2014-07-26,80026361856,0.0,4075.0,25.0,0.0,0.0,20008.0,0.0,0.0,23.0,13.0,25.0,28.0,0.0,0.0,0.0,0.0,0.0
2014-07-27,80026361856,0.0,4075.0,25.0,0.0,0.0,20032.0,0.0,0.0,23.0,13.0,25.0,29.0,0.0,0.0,0.0,0.0,0.0
2014-07-28,80026361856,0.0,4075.0,25.0,0.0,0.0,20055.0,0.0,0.0,23.0,13.0,25.0,29.0,0.0,0.0,0.0,0.0,0.0
2014-07-29,80026361856,0.0,4075.0,25.0,0.0,0.0,20079.0,0.0,0.0,23.0,13.0,25.0,29.0,0.0,0.0,0.0,0.0,0.0
2014-07-30,80026361856,0.0,4075.0,25.0,0.0,0.0,20104.0,0.0,0.0,23.0,13.0,25.0,27.0,0.0,0.0,0.0,0.0,0.0
2014-07-31,80026361856,0.0,4075.0,25.0,0.0,0.0,20127.0,0.0,0.0,23.0,13.0,25.0,27.0,0.0,0.0,0.0,0.0,0.0
2014-08-01,80026361856,0.0,4075.0,25.0,0.0,0.0,20151.0,0.0,0.0,23.0,13.0,25.0,26.0,0.0,0.0,0.0,0.0,0.0
2014-08-02,80026361856,0.0,4075.0,25.0,0.0,0.0,20176.0,0.0,0.0,23.0,13.0,25.0,27.0,0.0,0.0,0.0,0.0,0.0
2014-08-03,80026361856,0.0,4075.0,25.0,0.0,0.0,20199.0,0.0,0.0,23.0,13.0,25.0,27.0,0.0,0.0,0.0,0.0,0.0
2014-08-04,80026361856,0.0,4075.0,25.0,0.0,0.0,20223.0,0.0,0.0,23.0,13.0,25.0,27.0,0.0,0.0,0.0,0.0,0.0
2014-08-05,80026361856,0.0,4075.0,25.0,0.0,0.0,20248.0,0.0,0.0,23.0,13.0,25.0,27.0,0.0,0.0,0.0,0.0,0.0
2014-08-06,80026361856,0.0,4075.0,25.0,0.0,0.0,20271.0,0.0,0.0,23.0,13.0,25.0,27.0,0.0,0.0,0.0,0.0,0.0
2014-08-07,80026361856,0.0,4075.0,25.0,0.0,0.0,20295.0,0.0,0.0,23.0,13.0,25.0,27.0,0.0,0.0,0.0,0.0,0.0
2014-08-08,80026361856,0.0,4075.0,25.0,0.0,0.0,20319.0,0.0,0.0,23.0,13.0,25.0,27.0,0.0,0.0,0.0,0.0,0.0
2014-08-09,80026361856,0.0,4075.0,25.0,0.0,0.0,20343.0,0.0,0.0,23.0,13.0,25.0,26.0,0.0,0.0,0.0,0.0,0.0
2014-08-10,80026361856,0.0,4075.0,25.0,0.0,0.0,20367.0,0.0,0.0,23.0,13.0,25.0,27.0,0.0,0.0,0.0,0.0,0.0
2014-08-11,80026361856,0.0,4075.0,25.0,0.0,0.0,20391.0,0.0,0.0,23.0,13.0,25.0,27.0,0.0,0.0,0.0,0.0,0.0
2014-08-12,80026361856,0.0,4075.0,25.0,0.0,0.0,20415.0,0.0,0.0,23.0,13.0,25.0,26.0,0.0,0.0,0.0,0.0,0.0
2014-08-13,80026361856,0.0,4075.0,25.0,0.0,0.0,20439.0,0.0,0.0,23.0,13.0,25.0,26.0,0.0,0.0,0.0,0.0,0.0
2014-08-14,80026361856,0.0,4075.0,25.0,0.0,0.0,20463.0,0.0,0.0,23.0,13.0,25.0,27.0,0.0,0.0,0.0,0.0,0.0
2014-08-15,80026361856,0.0,4075.0,25.0,0.0,0.0,20487.0,0.0,0.0,23.0,13.0,25.0,27.0,0.0,0.0,0.0,0.0,0.0
2014-08-16,80026361856,0.0,4075.0,25.0,0.0,0.0,20511.0,0.0,0.0,23.0,13.0,25.0,27.0,0.0,0.0,0.0,0.0,0.0
2014-08-17,80026361856,0.0,4075.0,25.0,0.0,0.0,20535.0,0.0,0.0,23.0,13.0,25.0,27.0,0.0,0.0,0.0,0.0,0.0
2014-08-18,80026361856,0.0,4075.0,25.0,0.0,0.0,20559.0,0.0,0.0,23.0,13.0,25.0,27.0,0.0,0.0,0.0,0.0,0.0
2014-08-19,80026361856,0.0,4075.0,25.0,0.0,0.0,20583.0,0.0,0.0,23.0,13.0,25.0,27.0,0.0,0.0,0.0,0.0,0.0
2014-08-20,80026361856,0.0,4075.0,25.0,0.0,0.0,20607.0,0.0,0.0,23.0,13.0,25.0,28.0,0.0,0.0,0.0,0.0,0.0
2014-08-21,80026361856,0.0,4075.0,25.0,0.0,0.0,20630.0,0.0,0.0,23.0,13.0,25.0,28.0,0.0,0.0,0.0,0.0,0.0
2014-08-22,80026361856,0.0,4075.0,25.0,0.0,0.0,20655.0,0.0,0.0,23.0,13.0,25.0,29.0,0.0,0.0,0.0,0.0,0.0
2014-08-23,80026361856,0.0,4075.0,25.0,0.0,0.0,20679.0,0.0,0.0,23.0,13.0,25.0,29.0,0.0,0.0,0.0,0.0,0.0
2014-08-24,80026361856,0.0,4075.0,25.0,0.0,0.0,20702.0,0.0,0.0,23.0,13.0,25.0,29.0,0.0,0.0,0.0,0.0,0.0
2014-08-25,80026361856,0.0,4075.0,25.0,0.0,0.0,20727.0,0.0,0.0,23.0,13.0,25.0,29.0,0.0,0.0,0.0,0.0,0.0
2014-08-26,80026361856,0.0,4075.0,25.0,0.0,0.0,20751.0,0.0,0.0,23.0,13.0,25.0,29.0,0.0,0.0,0.0,0.0,0.0
2014-08-27,80026361856,0.0,4075.0,25.0,0.0,0.0,20774.0,0.0,0.0,23.0,13.0,25.0,29.0,0.0,0.0,0.0,0.0,0.0
2014-08-28,80026361856,0.0,4075.0,25.0,0.0,0.0,20798.0,0.0,0.0,23.0,13.0,25.0,29.0,0.0,0.0,0.0,0.0,0.0
2014-08-29,80026361856,0.0,4075.0,25.0,0.0,0.0,20823.0,0.0,0.0,23.0,13.0,25.0,29.0,0.0,0.0,0.0,0.0,0.0
2014-08-30,80026361856,0.0,4075.0,25.0,0.0,0.0,20846.0,0.0,0.0,23.0,13.0,25.0,29.0,0.0,0.0,0.0,0.0,0.0
2014-08-31,80026361856,0.0,4075.0,25.0,0.0,0.0,20870.0,0.0,0.0,23.0,13.0,25.0,29.0,0.0,0.0,0.0,0.0,0.0
2014-09-01,80026361856,0.0,4075.0,25.0,0.0,0.0,20895.0,0.0,0.0,23.0,13.0,25.0,29.0,0.0,0.0,0.0,0.0,0.0
2014-09-02,80026361856,0.0,4075.0,25.0,0.0,0.0,20918.0,0.0,0.0,23.0,13.0,25.0,29.0,0.0,0.0,0.0,0.0,0.0
2014-09-03,80026361856,0.0,4075.0,25.0,0.0,0.0,20942.0,0.0,0.0,23.0,13.0,25.0,29.0,0.0,0.0,0.0,0.0,0.0
2014-09-04,80026361856,0.0,4075.0,25.0,0.0,0.0,20966.0,0.0,0.0,23.0,13.0,25.0,29.0,0.0,0.0,0.0,0.0,0.0
2014-09-05,80026361856,0.0,4075.0,25.0,0.0,0.0,20990.0,0.0,0.0,23.0,13.0,25.0,29.0,0.0,0.0,0.0,0.0,0.0
2014-09-06,80026361856,0.0,4075.0,25.0,0.0,0.0,21014.0,0.0,0.0,23.0,13.0,25.0,29.0,0.0,0.0,0.0,0.0,0.0
2014-09-07,80026361856,0.0,4075.0,25.0,0.0,0.0,21038.0,0.0,0.0,23.0,13.0,25.0,29.0,0.0,0.0,0.0,0.0,0.0
2014-09-08,80026361856,0.0,4075.0,25.0,0.0,0.0,21062.0,0.0,0.0,23.0,13.0,25.0,29.0,0.0,0.0,0.0,0.0,0.0
2014-09-09,80026361856,0.0,4075.0,25.0,0.0,0.0,21086.0,0.0,0.0,23.0,13.0,25.0,29.0,0.0,0.0,0.0,0.0,0.0
2014-09-10,80026361856,0.0,4075.0,25.0,0.0,0.0,21110.0,0.0,0.0,23.0,13.0,25.0,29.0,0.0,0.0,0.0,0.0,0.0
2014-09-11,80026361856,0.0,4075.0,25.0,0.0,0.0,21134.0,0.0,0.0,23.0,13.0,25.0,29.0,0.0,0.0,0.0,0.0,0.0
2014-09-12,80026361856,0.0,4075.0,25.0,0.0,0.0,21158.0,0.0,0.0,23.0,13.0,25.0,29.0,0.0,0.0,0.0,0.0,0.0
2014-09-13,80026361856,0.0,4075.0,25.0,0.0,0.0,21182.0,0.0,0.0,23.0,13.0,25.0,29.0,0.0,0.0,0.0,0.0,0.0
2014-09-14,80026361856,0.0,4075.0,25.0,0.0,0.0,21206.0,0.0,0.0,23.0,13.0,25.0,29.0,0.0,0.0,0.0,0.0,0.0
2014-09-15,80026361856,0.0,4075.0,25.0,0.0,0.0,21230.0,0.0,0.0,23.0,13.0,25.0,29.0,0.0,0.0,0.0,0.0,0.0
2014-09-16,80026361856,0.0,4075.0,25.0,0.0,0.0,21254.0,0.0,0.0,23.0,13.0,25.0,29.0,0.0,0.0,0.0,0.0,0.0
2014-09-17,80026361856,0.0,4075.0,25.0,0.0,0.0,21278.0,0.0,0.0,23.0,13.0,25.0,30.0,0.0,0.0,0.0,0.0,0.0
2014-09-18,80026361856,0.0,4075.0,25.0,0.0,0.0,21302.0,0.0,0.0,23.0,13.0,25.0,30.0,0.0,0.0,0.0,0.0,0.0
2014-09-19,80026361856,0.0,4075.0,25.0,0.0,0.0,21326.0,0.0,0.0,23.0,13.0,25.0,30.0,0.0,0.0,0.0,0.0,0.0
2014-09-20,80026361856,0.0,4075.0,25.0,0.0,0.0,21350.0,0.0,0.0,23.0,13.0,25.0,30.0,0.0,0.0,0.0,0.0,0.0
2014-09-21,80026361856,0.0,4075.0,25.0,0.0,0.0,21374.0,0.0,0.0,23.0,13.0,25.0,30.0,0.0,0.0,0.0,0.0,0.0
2014-09-22,80026361856,0.0,4075.0,25.0,0.0,0.0,21398.0,0.0,0.0,23.0,13.0,25.0,29.0,0.0,0.0,0.0,0.0,0.0
2014-09-23,80026361856,0.0,4075.0,25.0,0.0,0.0,21421.0,0.0,0.0,23.0,13.0,25.0,29.0,0.0,0.0,0.0,0.0,0.0
2014-09-24,80026361856,0.0,4075.0,25.0,0.0,0.0,21446.0,0.0,0.0,23.0,13.0,25.0,30.0,0.0,0.0,0.0,0.0,0.0
2014-09-25,80026361856,0.0,4075.0,25.0,0.0,0.0,21469.0,0.0,0.0,23.0,13.0,25.0,30.0,0.0,0.0,0.0,0.0,0.0
2014-09-26,80026361856,0.0,4075.0,25.0,0.0,0.0,21493.0,0.0,0.0,23.0,13.0,25.0,29.0,0.0,0.0,0.0,0.0,0.0
2014-09-27,80026361856,0.0,4075.0,25.0,0.0,0.0,21518.0,0.0,0.0,23.0,13.0,25.0,29.0,0.0,0.0,0.0,0.0,0.0
2014-09-28,80026361856,0.0,4075.0,25.0,0.0,0.0,21541.0,0.0,0.0,23.0,13.0,25.0,29.0,0.0,0.0,0.0,0.0,0.0
2014-09-29,80026361856,0.0,4075.0,25.0,0.0,0.0,21565.0,0.0,0.0,23.0,13.0,25.0,29.0,0.0,0.0,0.0,0.0,0.0
2014-09-30,80026361856,0.0,4075.0,25.0,0.0,0.0,21590.0,0.0,0.0,23.0,13.0,25.0,29.0,0.0,0.0,0.0,0.0,0.0
2014-10-01,80026361856,0.0,4075.0,25.0,0.0,0.0,21613.0,0.0,0.0,23.0,13.0,25.0,30.0,0.0,0.0,0.0,0.0,0.0
2014-10-02,80026361856,0.0,4075.0,25.0,0.0,0.0,21637.0,0.0,0.0,23.0,13.0,25.0,29.0,0.0,0.0,0.0,0.0,0.0
2014-10-03,80026361856,0.0,4075.0,25.0,0.0,0.0,21662.0,0.0,0.0,23.0,13.0,25.0,30.0,0.0,0.0,0.0,0.0,0.0
2014-10-04,80026361856,0.0,4075.0,25.0,0.0,0.0,21685.0,0.0,0.0,23.0,13.0,25.0,30.0,0.0,0.0,0.0,0.0,0.0
2014-10-05,80026361856,0.0,4075.0,25.0,0.0,0.0,21709.0,0.0,0.0,23.0,13.0,25.0,29.0,0.0,0.0,0.0,0.0,0.0
2014-10-06,80026361856,0.0,4075.0,25.0,0.0,0.0,21733.0,0.0,0.0,23.0,13.0,25.0,30.0,0.0,0.0,0.0,0.0,0.0
2014-10-07,80026361856,0.0,4075.0,25.0,0.0,0.0,21757.0,0.0,0.0,23.0,13.0,25.0,30.0,0.0,0.0,0.0,0.0,0.0
2014-10-08,80026361856,0.0,4075.0,25.0,0.0,0.0,21781.0,0.0,0.0,23.0,13.0,25.0,30.0,0.0,0.0,0.0,0.0,0.0
2014-10-09,80026361856,0.0,4075.0,25.0,0.0,0.0,21805.0,0.0,0.0,23.0,13.0,25.0,30.0,0.0,0.0,0.0,0.0,0.0
2014-10-10,80026361856,0.0,4075.0,25.0,0.0,0.0,21829.0,0.0,0.0,23.0,13.0,25.0,29.0,0.0,0.0,0.0,0.0,0.0
2014-10-11,80026361856,0.0,4075.0,25.0,0.0,0.0,21853.0,0.0,0.0,23.0,13.0,25.0,29.0,0.0,0.0,0.0,0.0,0.0
2014-10-12,80026361856,0.0,4075.0,25.0,0.0,0.0,21877.0,0.0,0.0,23.0,13.0,25.0,30.0,0.0,0.0,0.0,0.0,0.0
2014-10-13,80026361856,0.0,4075.0,25.0,0.0,0.0,21901.0,0.0,0.0,23.0,13.0,25.0,30.0,0.0,0.0,0.0,0.0,0.0
2014-10-14,80026361856,0.0,4075.0,25.0,0.0,0.0,21925.0,0.0,0.0,23.0,13.0,25.0,30.0,0.0,0.0,0.0,0.0,0.0
2014-10-15,80026361856,0.0,4075.0,25.0,0.0,0.0,21949.0,0.0,0.0,23.0,13.0,25.0,29.0,0.0,0.0,0.0,0.0,0.0
2014-10-16,80026361856,0.0,4075.0,25.0,0.0,0.0,21972.0,0.0,0.0,23.0,13.0,25.0,29.0,0.0,0.0,0.0,0.0,0.0
2014-10-17,80026361856,0.0,4075.0,25.0,0.0,0.0,21997.0,0.0,0.0,23.0,13.0,25.0,30.0,0.0,0.0,0.0,0.0,0.0
2014-10-18,80026361856,0.0,4075.0,25.0,0.0,0.0,22021.0,0.0,0.0,23.0,13.0,25.0,30.0,0.0,0.0,0.0,0.0,0.0
2014-10-19,80026361856,0.0,4075.0,25.0,0.0,0.0,22044.0,0.0,0.0,23.0,13.0,25.0,30.0,0.0,0.0,0.0,0.0,0.0
2014-10-20,80026361856,0.0,4075.0,25.0,0.0,0.0,22069.0,0.0,0.0,23.0,13.0,25.0,30.0,0.0,0.0,0.0,0.0,0.0
2014-10-21,80026361856,0.0,4075.0,25.0,0.0,0.0,22093.0,0.0,0.0,23.0,13.0,25.0,29.0,0.0,0.0,0.0,0.0,0.0
2014-10-22,80026361856,0.0,4075.0,25.0,0.0,0.0,22116.0,0.0,0.0,23.0,13.0,25.0,30.0,0.0,0.0,0.0,0.0,0.0
2014-10-23,80026361856,0.0,4075.0,25.0,0.0,0.0,22140.0,0.0,0.0,23.0,13.0,25.0,30.0,0.0,0.0,0.0,0.0,0.0
2014-10-24,80026361856,0.0,4075.0,25.0,0.0,0.0,22165.0,0.0,0.0,23.0,13.0,25.0,30.0,0.0,0.0,0.0,0.0,0.0
2014-10-25,80026361856,0.0,4075.0,25.0,0.0,0.0,22188.0,0.0,0.0,23.0,13.0,25.0,30.0,0.0,0.0,0.0,0.0,0.0
2014-10-26,80026361856,0.0,4075.0,25.0,0.0,0.0,22212.0,0.0,0.0,23.0,13.0,25.0,30.0,0.0,0.0,0.0,0.0,0.0
2014-10-27,80026361856,0.0,4075.0,25.0,0.0,0.0,22237.0,0.0,0.0,23.0,13.0,25.0,30.0,0.0,0.0,0.0,0.0,0.0
2014-10-28,80026361856,0.0,4075.0,25.0,0.0,0.0,22260.0,0.0,0.0,23.0,13.0,25.0,29.0,0.0,0.0,0.0,0.0,0.0
2014-10-29,80026361856,0.0,4075.0,25.0,0.0,0.0,22284.0,0.0,0.0,23.0,13.0,25.0,29.0,0.0,0.0,0.0,0.0,0.0
2014-10-30,80026361856,0.0,4075.0,25.0,0.0,0.0,22309.0,0.0,0.0,23.0,13.0,25.0,29.0,0.0,0.0,0.0,0.0,0.0
2014-10-31,80026361856,0.0,4075.0,25.0,0.0,0.0,22332.0,0.0,0.0,23.0,13.0,25.0,29.0,0.0,0.0,0.0,0.0,0.0
2014-11-01,80026361856,0.0,4075.0,25.0,0.0,0.0,22356.0,0.0,0.0,23.0,13.0,25.0,30.0,0.0,0.0,0.0,0.0,0.0
2014-11-03,80026361856,0.0,4075.0,25.0,0.0,0.0,22405.0,0.0,0.0,23.0,13.0,25.0,29.0,0.0,0.0,0.0,0.0,0.0
2014-11-04,80026361856,0.0,4075.0,25.0,0.0,0.0,22429.0,0.0,0.0,23.0,13.0,25.0,31.0,0.0,0.0,0.0,0.0,0.0
2014-11-05,80026361856,0.0,4075.0,25.0,0.0,0.0,22453.0,0.0,0.0,23.0,13.0,25.0,32.0,0.0,0.0,0.0,0.0,0.0
2014-11-06,80026361856,0.0,4075.0,25.0,0.0,0.0,22477.0,0.0,0.0,23.0,13.0,25.0,31.0,0.0,0.0,0.0,0.0,0.0
2014-11-07,80026361856,0.0,4075.0,25.0,0.0,0.0,22501.0,0.0,0.0,23.0,13.0,25.0,31.0,0.0,0.0,0.0,0.0,0.0
2014-11-08,80026361856,0.0,4075.0,25.0,0.0,0.0,22525.0,0.0,0.0,23.0,13.0,25.0,32.0,0.0,0.0,0.0,0.0,0.0
2014-11-09,80026361856,0.0,4075.0,25.0,0.0,0.0,22549.0,0.0,0.0,23.0,13.0,25.0,31.0,0.0,0.0,0.0,0.0,0.0
2014-11-10,80026361856,0.0,4075.0,25.0,0.0,0.0,22573.0,0.0,0.0,23.0,13.0,25.0,31.0,0.0,0.0,0.0,0.0,0.0
2014-11-11,80026361856,0.0,4075.0,25.0,0.0,0.0,22597.0,0.0,0.0,23.0,13.0,25.0,31.0,0.0,0.0,0.0,0.0,0.0
2014-11-12,80026361856,0.0,4075.0,25.0,0.0,0.0,22621.0,0.0,0.0,23.0,13.0,25.0,29.0,0.0,0.0,0.0,0.0,0.0
2014-11-13,80026361856,0.0,4075.0,25.0,0.0,0.0,22645.0,0.0,0.0,23.0,13.0,25.0,31.0,0.0,0.0,0.0,0.0,0.0
2014-11-14,80026361856,0.0,4075.0,25.0,0.0,0.0,22669.0,0.0,0.0,23.0,13.0,25.0,31.0,0.0,0.0,0.0,0.0,0.0
2014-11-15,80026361856,0.0,4075.0,25.0,0.0,0.0,22693.0,0.0,0.0,23.0,13.0,25.0,32.0,0.0,0.0,0.0,0.0,0.0
2014-11-16,80026361856,0.0,4075.0,25.0,0.0,0.0,22717.0,0.0,0.0,23.0,13.0,25.0,31.0,0.0,0.0,0.0,0.0,0.0
2014-11-17,80026361856,0.0,4075.0,25.0,0.0,0.0,22740.0,0.0,0.0,23.0,13.0,25.0,31.0,0.0,0.0,0.0,0.0,0.0
2014-11-18,80026361856,0.0,4075.0,25.0,0.0,0.0,22765.0,0.0,0.0,23.0,13.0,25.0,32.0,0.0,0.0,0.0,0.0,0.0
2014-11-19,80026361856,0.0,4075.0,25.0,0.0,0.0,22789.0,0.0,0.0,23.0,13.0,25.0,31.0,0.0,0.0,0.0,0.0,0.0
2014-11-20,80026361856,0.0,4075.0,25.0,0.0,0.0,22812.0,0.0,0.0,23.0,13.0,25.0,31.0,0.0,0.0,0.0,0.0,0.0
2014-11-21,80026361856,0.0,4075.0,25.0,0.0,0.0,22837.0,0.0,0.0,23.0,13.0,25.0,31.0,0.0,0.0,0.0,0.0,0.0
2014-11-22,80026361856,0.0,4075.0,25.0,0.0,0.0,22861.0,0.0,0.0,23.0,13.0,25.0,32.0,0.0,0.0,0.0,0.0,0.0
2014-11-23,80026361856,0.0,4075.0,25.0,0.0,0.0,22884.0,0.0,0.0,23.0,13.0,25.0,30.0,0.0,0.0,0.0,0.0,0.0
2014-11-24,80026361856,0.0,4075.0,25.0,0.0,0.0,22909.0,0.0,0.0,23.0,13.0,25.0,32.0,0.0,0.0,0.0,0.0,0.0
2014-11-25,80026361856,0.0,4075.0,25.0,0.0,0.0,22932.0,0.0,0.0,23.0,13.0,25.0,31.0,0.0,0.0,0.0,0.0,0.0
2014-11-26,80026361856,0.0,4075.0,25.0,0.0,0.0,22956.0,0.0,0.0,23.0,13.0,25.0,32.0,0.0,0.0,0.0,0.0,0.0
2014-11-27,80026361856,0.0,4075.0,25.0,0.0,0.0,22980.0,0.0,0.0,23.0,13.0,25.0,32.0,0.0,0.0,0.0,0.0,0.0
2014-11-28,80026361856,0.0,4075.0,25.0,0.0,0.0,23004.0,0.0,0.0,23.0,13.0,25.0,31.0,0.0,0.0,0.0,0.0,0.0
2014-11-29,80026361856,0.0,4075.0,25.0,0.0,0.0,23028.0,0.0,0.0,23.0,13.0,25.0,32.0,0.0,0.0,0.0,0.0,0.0
2014-11-30,80026361856,0.0,4075.0,25.0,0.0,0.0,23052.0,0.0,0.0,23.0,13.0,25.0,31.0,0.0,0.0,0.0,0.0,0.0
2014-12-01,80026361856,0.0,4075.0,25.0,0.0,0.0,23076.0,0.0,0.0,23.0,13.0,25.0,31.0,0.0,0.0,0.0,0.0,0.0
2014-12-02,80026361856,0.0,4075.0,25.0,0.0,0.0,23100.0,0.0,0.0,23.0,13.0,25.0,31.0,0.0,0.0,0.0,0.0,0.0
2014-12-03,80026361856,0.0,4075.0,25.0,0.0,0.0,23124.0,0.0,0.0,23.0,13.0,25.0,31.0,0.0,0.0,0.0,0.0,0.0
2014-12-04,80026361856,0.0,4075.0,25.0,0.0,0.0,23148.0,0.0,0.0,23.0,13.0,25.0,30.0,0.0,0.0,0.0,0.0,0.0
2014-12-05,80026361856,0.0,4075.0,25.0,0.0,0.0,23172.0,0.0,0.0,23.0,13.0,25.0,30.0,0.0,0.0,0.0,0.0,0.0
2014-12-06,80026361856,0.0,4075.0,25.0,0.0,0.0,23196.0,0.0,0.0,23.0,13.0,25.0,31.0,0.0,0.0,0.0,0.0,0.0
2014-12-07,80026361856,0.0,4075.0,25.0,0.0,0.0,23220.0,0.0,0.0,23.0,13.0,25.0,30.0,0.0,0.0,0.0,0.0,0.0
2014-12-08,80026361856,0.0,4075.0,25.0,0.0,0.0,23244.0,0.0,0.0,23.0,13.0,25.0,31.0,0.0,0.0,0.0,0.0,0.0
2014-12-09,80026361856,0.0,4075.0,25.0,0.0,0.0,23268.0,0.0,0.0,23.0,13.0,25.0,33.0,0.0,0.0,0.0,0.0,0.0
2014-12-10,80026361856,0.0,4075.0,25.0,0.0,0.0,23291.0,0.0,0.0,23.0,13.0,25.0,32.0,0.0,0.0,0.0,0.0,0.0
2014-12-11,80026361856,0.0,4075.0,25.0,0.0,0.0,23316.0,0.0,0.0,23.0,13.0,25.0,31.0,0.0,0.0,0.0,0.0,0.0
2014-12-12,80026361856,0.0,4075.0,25.0,0.0,0.0,23340.0,0.0,0.0,23.0,13.0,25.0,32.0,0.0,0.0,0.0,0.0,0.0
2014-12-13,80026361856,0.0,4075.0,25.0,0.0,0.0,23363.0,0.0,0.0,23.0,13.0,25.0,30.0,0.0,0.0,0.0,0.0,0.0
2014-12-14,80026361856,0.0,4075.0,25.0,0.0,0.0,23388.0,0.0,0.0,23.0,13.0,25.0,31.0,0.0,0.0,0.0,0.0,0.0
2014-12-15,80026361856,0.0,4075.0,25.0,0.0,0.0,23412.0,0.0,0.0,23.0,13.0,25.0,32.0,0.0,0.0,0.0,0.0,0.0
2014-12-16,80026361856,0.0,4075.0,25.0,0.0,0.0,23435.0,0.0,0.0,23.0,13.0,25.0,31.0,0.0,0.0,0.0,0.0,0.0
2014-12-17,80026361856,0.0,4075.0,25.0,0.0,0.0,23459.0,0.0,0.0,23.0,13.0,25.0,31.0,0.0,0.0,0.0,0.0,0.0
2014-12-18,80026361856,0.0,4075.0,25.0,0.0,0.0,23484.0,0.0,0.0,23.0,13.0,25.0,31.0,0.0,0.0,0.0,0.0,0.0
2014-12-19,80026361856,0.0,4075.0,25.0,0.0,0.0,23507.0,0.0,0.0,23.0,13.0,25.0,30.0,0.0,0.0,0.0,0.0,0.0
2014-12-20,80026361856,0.0,4075.0,25.0,0.0,0.0,23531.0,0.0,0.0,23.0,13.0,25.0,30.0,0.0,0.0,0.0,0.0,0.0
2014-12-21,80026361856,0.0,4075.0,25.0,0.0,0.0,23556.0,0.0,0.0,23.0,13.0,25.0,30.0,0.0,0.0,0.0,0.0,0.0
2014-12-22,80026361856,0.0,4075.0,25.0,0.0,0.0,23579.0,0.0,0.0,23.0,13.0,25.0,30.0,0.0,0.0,0.0,0.0,0.0
2014-12-23,80026361856,0.0,4075.0,25.0,0.0,0.0,23603.0,0.0,0.0,23.0,13.0,25.0,30.0,0.0,0.0,0.0,0.0,0.0
2014-12-24,80026361856,0.0,4075.0,25.0,0.0,0.0,23628.0,0.0,0.0,23.0,13.0,25.0,30.0,0.0,0.0,0.0,0.0,0.0
2014-12-25,80026361856,0.0,4075.0,25.0,0.0,0.0,23651.0,0.0,0.0,23.0,13.0,25.0,30.0,0.0,0.0,0.0,0.0,0.0
2014-12-26,80026361856,0.0,4075.0,25.0,0.0,0.0,23675.0,0.0,0.0,23.0,13.0,25.0,30.0,0.0,0.0,0.0,0.0,0.0
2014-12-27,80026361856,0.0,4075.0,25.0,0.0,0.0,23699.0,0.0,0.0,23.0,13.0,25.0,30.0,0.0,0.0,0.0,0.0,0.0
2014-12-28,80026361856,0.0,4075.0,25.0,0.0,0.0,23723.0,0.0,0.0,23.0,13.0,25.0,30.0,0.0,0.0,0.0,0.0,0.0
2014-12-29,80026361856,0.0,4075.0,25.0,0.0,0.0,23747.0,0.0,0.0,23.0,13.0,25.0,30.0,0.0,0.0,0.0,0.0,0.0
2014-12-30,80026361856,0.0,4075.0,25.0,0.0,0.0,23771.0,0.0,0.0,23.0,13.0,25.0,30.0,0.0,0.0,0.0,0.0,0.0
2014-12-31,80026361856,0.0,4075.0,25.0,0.0,0.0,23795.0,0.0,0.0,23.0,13.0,25.0,30.0,0.0,0.0,0.0,0.0,0.0
2015-01-01,80026361856,0.0,4075.0,25.0,0.0,0.0,23819.0,0.0,0.0,23.0,13.0,25.0,30.0,0.0,0.0,0.0,0.0,0.0
2015-01-02,80026361856,0.0,4075.0,25.0,0.0,0.0,23843.0,0.0,0.0,23.0,13.0,25.0,30.0,0.0,0.0,0.0,0.0,0.0
2015-01-03,80026361856,0.0,4075.0,25.0,0.0,0.0,23867.0,0.0,0.0,23.0,13.0,25.0,30.0,0.0,0.0,0.0,0.0,0.0
2015-01-04,80026361856,0.0,4075.0,25.0,0.0,0.0,23891.0,0.0,0.0,23.0,13.0,25.0,30.0,0.0,0.0,0.0,0.0,0.0
2015-01-05,80026361856,0.0,4075.0,25.0,0.0,0.0,23915.0,0.0,0.0,23.0,13.0,25.0,30.0,0.0,0.0,0.0,0.0,0.0
2015-01-06,80026361856,0.0,4075.0,25.0,0.0,0.0,23939.0,0.0,0.0,23.0,13.0,25.0,31.0,0.0,0.0,0.0,0.0,0.0
2015-01-07,80026361856,0.0,4075.0,25.0,0.0,0.0,23963.0,0.0,0.0,23.0,13.0,25.0,31.0,0.0,0.0,0.0,0.0,0.0
2015-01-08,80026361856,0.0,4075.0,25.0,0.0,0.0,23987.0,0.0,0.0,23.0,13.0,25.0,31.0,0.0,0.0,0.0,0.0,0.0
2015-01-09,80026361856,0.0,4075.0,25.0,0.0,0.0,24011.0,0.0,0.0,23.0,13.0,25.0,32.0,0.0,0.0,0.0,0.0,0.0
2015-01-10,80026361856,0.0,4075.0,25.0,0.0,0.0,24035.0,0.0,0.0,23.0,13.0,25.0,31.0,0.0,0.0,0.0,0.0,0.0
2015-01-11,80026361856,0.0,4075.0,25.0,0.0,0.0,24059.0,0.0,0.0,23.0,13.0,25.0,31.0,0.0,0.0,0.0,0.0,0.0
2015-01-12,80026361856,0.0,4075.0,25.0,0.0,0.0,24082.0,0.0,0.0,23.0,13.0,25.0,32.0,0.0,0.0,0.0,0.0,0.0
2015-01-13,80026361856,0.0,4075.0,25.0,0.0,0.0,24107.0,0.0,0.0,23.0,13.0,25.0,31.0,0.0,0.0,0.0,0.0,0.0
2015-01-14,80026361856,0.0,4075.0,25.0,0.0,0.0,24131.0,0.0,0.0,23.0,13.0,25.0,32.0,0.0,0.0,0.0,0.0,0.0
2015-01-15,80026361856,0.0,4075.0,25.0,0.0,0.0,24154.0,0.0,0.0,23.0,13.0,25.0,31.0,0.0,0.0,0.0,0.0,0.0
2015-01-16,80026361856,0.0,4075.0,25.0,0.0,0.0,24179.0,0.0,0.0,23.0,13.0,25.0,32.0,0.0,0.0,0.0,0.0,0.0
2015-01-17,80026361856,0.0,4075.0,25.0,0.0,0.0,24203.0,0.0,0.0,23.0,13.0,25.0,32.0,0.0,0.0,0.0,0.0,0.0
2015-01-18,80026361856,0.0,4075.0,25.0,0.0,0.0,24226.0,0.0,0.0,23.0,13.0,25.0,32.0,0.0,0.0,0.0,0.0,0.0
2015-01-19,80026361856,0.0,4075.0,25.0,0.0,0.0,24251.0,0.0,0.0,23.0,13.0,25.0,32.0,0.0,0.0,0.0,0.0,0.0
2015-01-20,80026361856,0.0,4075.0,25.0,0.0,0.0,24275.0,0.0,0.0,23.0,13.0,25.0,32.0,0.0,0.0,0.0,0.0,0.0
2015-01-21,80026361856,0.0,4075.0,25.0,0.0,0.0,24298.0,0.0,0.0,23.0,13.0,25.0,31.0,0.0,0.0,0.0,0.0,0.0
2015-01-22,80026361856,0.0,4075.0,25.0,0.0,0.0,24323.0,0.0,0.0,23.0,13.0,25.0,31.0,0.0,0.0,0.0,0.0,0.0
2015-01-23,80026361856,0.0,4075.0,25.0,0.0,0.0,24346.0,0.0,0.0,23.0,13.0,25.0,31.0,0.0,0.0,0.0,0.0,0.0
2015-01-24,80026361856,0.0,4075.0,25.0,0.0,0.0,24370.0,0.0,0.0,23.0,13.0,25.0,32.0,0.0,0.0,0.0,0.0,0.0
2015-01-25,80026361856,0.0,4075.0,25.0,0.0,0.0,24394.0,0.0,0.0,23.0,13.0,25.0,29.0,0.0,0.0,0.0,0.0,0.0
2015-01-26,80026361856,0.0,4075.0,25.0,0.0,0.0,24418.0,0.0,0.0,23.0,13.0,25.0,30.0,0.0,0.0,0.0,0.0,0.0
2015-01-27,80026361856,0.0,4075.0,25.0,0.0,0.0,24442.0,0.0,0.0,23.0,13.0,25.0,30.0,0.0,0.0,0.0,0.0,0.0
2015-01-28,80026361856,0.0,4075.0,25.0,0.0,0.0,24466.0,0.0,0.0,23.0,13.0,25.0,29.0,0.0,0.0,0.0,0.0,0.0
2015-01-29,80026361856,0.0,4075.0,25.0,0.0,0.0,24490.0,0.0,0.0,23.0,13.0,25.0,32.0,0.0,0.0,0.0,0.0,0.0
2015-01-30,80026361856,0.0,4075.0,25.0,0.0,0.0,24514.0,0.0,0.0,23.0,13.0,25.0,32.0,0.0,0.0,0.0,0.0,0.0
2015-01-31,80026361856,0.0,4075.0,25.0,0.0,0.0,24538.0,0.0,0.0,23.0,13.0,25.0,32.0,0.0,0.0,0.0,0.0,0.0
2015-02-01,80026361856,0.0,4075.0,25.0,0.0,0.0,24562.0,0.0,0.0,23.0,13.0,25.0,32.0,0.0,0.0,0.0,0.0,0.0
2015-02-02,80026361856,0.0,4075.0,25.0,0.0,0.0,24586.0,0.0,0.0,23.0,13.0,25.0,33.0,0.0,0.0,0.0,0.0,0.0
2015-02-03,80026361856,0.0,4075.0,25.0,0.0,0.0,24610.0,0.0,0.0,23.0,13.0,25.0,33.0,0.0,0.0,0.0,0.0,0.0
2015-02-04,80026361856,0.0,4075.0,25.0,0.0,0.0,24634.0,0.0,0.0,23.0,13.0,25.0,33.0,0.0,0.0,0.0,0.0,0.0
2015-02-05,80026361856,0.0,4075.0,25.0,0.0,0.0,24658.0,0.0,0.0,23.0,13.0,25.0,29.0,0.0,0.0,0.0,0.0,0.0
2015-02-06,80026361856,0.0,4075.0,25.0,0.0,0.0,24682.0,0.0,0.0,23.0,13.0,25.0,32.0,0.0,0.0,0.0,0.0,0.0
2015-02-07,80026361856,0.0,4075.0,25.0,0.0,0.0,24706.0,0.0,0.0,23.0,13.0,25.0,33.0,0.0,0.0,0.0,0.0,0.0
2015-02-08,80026361856,0.0,4075.0,25.0,0.0,0.0,24730.0,0.0,0.0,23.0,13.0,25.0,31.0,0.0,0.0,0.0,0.0,0.0
2015-02-09,80026361856,0.0,4075.0,25.0,0.0,0.0,24754.0,0.0,0.0,23.0,13.0,25.0,31.0,0.0,0.0,0.0,0.0,0.0
2015-02-10,80026361856,0.0,4075.0,25.0,0.0,0.0,24778.0,0.0,0.0,23.0,13.0,25.0,31.0,0.0,0.0,0.0,0.0,0.0
2015-02-11,80026361856,0.0,4075.0,25.0,0.0,0.0,24802.0,0.0,0.0,23.0,13.0,25.0,31.0,0.0,0.0,0.0,0.0,0.0
2015-02-12,80026361856,0.0,4075.0,25.0,0.0,0.0,24826.0,0.0,0.0,23.0,13.0,25.0,32.0,0.0,0.0,0.0,0.0,0.0
2015-02-13,80026361856,0.0,4075.0,25.0,0.0,0.0,24849.0,0.0,0.0,23.0,13.0,25.0,32.0,0.0,0.0,0.0,0.0,0.0
2015-02-14,80026361856,0.0,4075.0,25.0,0.0,0.0,24873.0,0.0,0.0,23.0,13.0,25.0,31.0,0.0,0.0,0.0,0.0,0.0
2015-02-15,80026361856,0.0,4075.0,25.0,0.0,0.0,24898.0,0.0,0.0,23.0,13.0,25.0,32.0,0.0,0.0,0.0,0.0,0.0
2015-02-16,80026361856,0.0,4075.0,25.0,0.0,0.0,24922.0,0.0,0.0,23.0,13.0,25.0,32.0,0.0,0.0,0.0,0.0,0.0
2015-02-17,80026361856,0.0,4075.0,25.0,0.0,0.0,24945.0,0.0,0.0,23.0,13.0,25.0,31.0,0.0,0.0,0.0,0.0,0.0
2015-02-18,80026361856,0.0,4075.0,25.0,0.0,0.0,24969.0,0.0,0.0,23.0,13.0,25.0,33.0,0.0,0.0,0.0,0.0,0.0
2015-02-19,80026361856,0.0,4075.0,25.0,0.0,0.0,24993.0,0.0,0.0,23.0,13.0,25.0,33.0,0.0,0.0,0.0,0.0,0.0
2015-02-20,80026361856,0.0,4075.0,25.0,0.0,0.0,25017.0,0.0,0.0,23.0,13.0,25.0,33.0,0.0,0.0,0.0,0.0,0.0
2015-02-21,80026361856,0.0,4075.0,25.0,0.0,0.0,25042.0,0.0,0.0,23.0,13.0,25.0,33.0,0.0,0.0,0.0,0.0,0.0
2015-02-22,80026361856,0.0,4075.0,25.0,0.0,0.0,25065.0,0.0,0.0,23.0,13.0,25.0,32.0,0.0,0.0,0.0,0.0,0.0
2015-02-23,80026361856,0.0,4075.0,25.0,0.0,0.0,25089.0,0.0,0.0,23.0,13.0,25.0,32.0,0.0,0.0,0.0,0.0,0.0
2015-02-24,80026361856,0.0,4075.0,25.0,0.0,0.0,25113.0,0.0,0.0,23.0,13.0,25.0,31.0,0.0,0.0,0.0,0.0,0.0
2015-02-25,80026361856,0.0,4075.0,25.0,0.0,0.0,25137.0,0.0,0.0,23.0,13.0,25.0,32.0,0.0,0.0,0.0,0.0,0.0
2015-02-26,80026361856,0.0,4075.0,25.0,0.0,0.0,25161.0,0.0,0.0,23.0,13.0,25.0,31.0,0.0,0.0,0.0,0.0,0.0
2015-02-27,80026361856,0.0,4075.0,25.0,0.0,0.0,25185.0,0.0,0.0,23.0,13.0,25.0,32.0,0.0,0.0,0.0,0.0,0.0
2015-02-28,80026361856,0.0,4075.0,25.0,0.0,0.0,25209.0,0.0,0.0,23.0,13.0,25.0,31.0,0.0,0.0,0.0,0.0,0.0
2015-03-01,80026361856,0.0,4075.0,25.0,0.0,0.0,25233.0,0.0,0.0,23.0,13.0,25.0,32.0,0.0,0.0,0.0,0.0,0.0
2015-03-02,80026361856,0.0,4075.0,25.0,0.0,0.0,25257.0,0.0,0.0,23.0,13.0,25.0,32.0,0.0,0.0,0.0,0.0,0.0
2015-03-03,80026361856,0.0,4075.0,25.0,0.0,0.0,25281.0,0.0,0.0,23.0,13.0,25.0,32.0,0.0,0.0,0.0,0.0,0.0
2015-03-04,80026361856,0.0,4075.0,25.0,0.0,0.0,25305.0,0.0,0.0,23.0,13.0,25.0,31.0,0.0,0.0,0.0,0.0,0.0
2015-03-05,80026361856,0.0,4075.0,25.0,0.0,0.0,25329.0,0.0,0.0,23.0,13.0,25.0,31.0,0.0,0.0,0.0,0.0,0.0
2015-03-06,80026361856,0.0,4075.0,25.0,0.0,0.0,25353.0,0.0,0.0,23.0,13.0,25.0,31.0,0.0,0.0,0.0,0.0,0.0
2015-03-07,80026361856,0.0,4075.0,25.0,0.0,0.0,25377.0,0.0,0.0,23.0,13.0,25.0,31.0,0.0,0.0,0.0,0.0,0.0
2015-03-08,80026361856,0.0,4075.0,25.0,0.0,0.0,25401.0,0.0,0.0,23.0,13.0,25.0,32.0,0.0,0.0,0.0,0.0,0.0
2015-03-09,80026361856,0.0,4075.0,25.0,0.0,0.0,25425.0,0.0,0.0,23.0,13.0,25.0,32.0,0.0,0.0,0.0,0.0,0.0
2015-03-10,80026361856,0.0,4075.0,25.0,0.0,0.0,25448.0,0.0,0.0,23.0,13.0,25.0,31.0,0.0,0.0,0.0,0.0,0.0
2015-03-11,80026361856,0.0,4075.0,25.0,0.0,0.0,25471.0,0.0,0.0,23.0,13.0,25.0,32.0,0.0,0.0,0.0,0.0,0.0
2015-03-12,80026361856,0.0,4075.0,25.0,0.0,0.0,25496.0,0.0,0.0,23.0,13.0,25.0,31.0,0.0,0.0,0.0,0.0,0.0
2015-03-13,80026361856,0.0,4075.0,25.0,0.0,0.0,25520.0,0.0,0.0,23.0,13.0,25.0,32.0,0.0,0.0,0.0,0.0,0.0
2015-03-14,80026361856,0.0,4075.0,25.0,0.0,0.0,25543.0,0.0,0.0,23.0,13.0,25.0,32.0,0.0,0.0,0.0,0.0,0.0
2015-03-15,80026361856,0.0,4075.0,25.0,0.0,0.0,25568.0,0.0,0.0,23.0,13.0,25.0,31.0,0.0,0.0,0.0,0.0,0.0
2015-03-16,80026361856,0.0,4075.0,25.0,0.0,0.0,25591.0,0.0,0.0,23.0,13.0,25.0,32.0,0.0,0.0,0.0,0.0,0.0
2015-03-17,80026361856,0.0,4075.0,25.0,0.0,0.0,25615.0,0.0,0.0,23.0,13.0,25.0,31.0,0.0,0.0,0.0,0.0,0.0
2015-03-18,80026361856,0.0,4075.0,25.0,0.0,0.0,25640.0,0.0,0.0,23.0,13.0,25.0,33.0,0.0,0.0,0.0,0.0,0.0
2015-03-19,80026361856,0.0,4075.0,25.0,0.0,0.0,25663.0,0.0,0.0,23.0,13.0,25.0,30.0,0.0,0.0,0.0,0.0,0.0
2015-03-20,80026361856,0.0,4075.0,25.0,0.0,0.0,25687.0,0.0,0.0,23.0,13.0,25.0,33.0,0.0,0.0,0.0,0.0,0.0
2015-03-21,80026361856,0.0,4075.0,25.0,0.0,0.0,25712.0,0.0,0.0,23.0,13.0,25.0,33.0,0.0,0.0,0.0,0.0,0.0
2015-03-22,80026361856,0.0,4075.0,25.0,0.0,0.0,25735.0,0.0,0.0,23.0,13.0,25.0,33.0,0.0,0.0,0.0,0.0,0.0
2015-03-23,80026361856,0.0,4075.0,25.0,0.0,0.0,25759.0,0.0,0.0,23.0,13.0,25.0,34.0,0.0,0.0,0.0,0.0,0.0
2015-03-24,80026361856,0.0,4075.0,25.0,0.0,0.0,25783.0,0.0,0.0,23.0,13.0,25.0,33.0,0.0,0.0,0.0,0.0,0.0
2015-03-25,80026361856,0.0,4075.0,25.0,0.0,0.0,25807.0,0.0,0.0,23.0,13.0,25.0,33.0,0.0,0.0,0.0,0.0,0.0
2015-03-26,80026361856,0.0,4075.0,25.0,0.0,0.0,25831.0,0.0,0.0,23.0,13.0,25.0,33.0,0.0,0.0,0.0,0.0,0.0
2015-03-27,80026361856,0.0,4075.0,25.0,0.0,0.0,25855.0,0.0,0.0,23.0,13.0,25.0,33.0,0.0,0.0,0.0,0.0,0.0
2015-03-28,80026361856,0.0,4075.0,25.0,0.0,0.0,25879.0,0.0,0.0,23.0,13.0,25.0,33.0,0.0,0.0,0.0,0.0,0.0
2015-03-29,80026361856,0.0,4075.0,25.0,0.0,0.0,25903.0,0.0,0.0,23.0,13.0,25.0,33.0,0.0,0.0,0.0,0.0,0.0
2015-03-30,80026361856,0.0,4075.0,25.0,0.0,0.0,25927.0,0.0,0.0,23.0,13.0,25.0,33.0,0.0,0.0,0.0,0.0,0.0
2015-03-31,80026361856,0.0,4075.0,25.0,0.0,0.0,25951.0,0.0,0.0,23.0,13.0,25.0,33.0,0.0,0.0,0.0,0.0,0.0
2015-04-01,80026361856,0.0,4075.0,25.0,0.0,0.0,25975.0,0.0,0.0,23.0,13.0,25.0,32.0,0.0,0.0,0.0,0.0,0.0
2015-04-02,80026361856,0.0,4075.0,25.0,0.0,0.0,25999.0,0.0,0.0,23.0,13.0,25.0,33.0,0.0,0.0,0.0,0.0,0.0
2015-04-03,80026361856,0.0,4075.0,25.0,0.0,0.0,26023.0,0.0,0.0,23.0,13.0,25.0,32.0,0.0,0.0,0.0,0.0,0.0
2015-04-04,80026361856,0.0,4075.0,25.0,0.0,0.0,26047.0,0.0,0.0,23.0,13.0,25.0,32.0,0.0,0.0,0.0,0.0,0.0
2015-04-05,80026361856,0.0,4075.0,25.0,0.0,0.0,26071.0,0.0,0.0,23.0,13.0,25.0,32.0,0.0,0.0,0.0,0.0,0.0
2015-04-06,80026361856,0.0,4075.0,25.0,0.0,0.0,26095.0,0.0,0.0,23.0,13.0,25.0,32.0,0.0,0.0,0.0,0.0,0.0
2015-04-07,80026361856,0.0,4075.0,25.0,0.0,0.0,26119.0,0.0,0.0,23.0,13.0,25.0,33.0,0.0,0.0,0.0,0.0,0.0
2015-04-08,80026361856,0.0,4075.0,25.0,0.0,0.0,26143.0,0.0,0.0,23.0,13.0,25.0,33.0,0.0,0.0,0.0,0.0,0.0
2015-04-09,80026361856,0.0,4075.0,25.0,0.0,0.0,26166.0,0.0,0.0,23.0,13.0,25.0,33.0,0.0,0.0,0.0,0.0,0.0
2015-04-10,80026361856,0.0,4075.0,25.0,0.0,0.0,26191.0,0.0,0.0,23.0,13.0,25.0,34.0,0.0,0.0,0.0,0.0,0.0
2015-04-11,80026361856,0.0,4075.0,25.0,0.0,0.0,26215.0,0.0,0.0,23.0,13.0,25.0,33.0,0.0,0.0,0.0,0.0,0.0
2015-04-12,80026361856,0.0,4075.0,25.0,0.0,0.0,26238.0,0.0,0.0,23.0,13.0,25.0,33.0,0.0,0.0,0.0,0.0,0.0
2015-04-13,80026361856,0.0,4075.0,25.0,0.0,0.0,26263.0,0.0,0.0,23.0,13.0,25.0,34.0,0.0,0.0,0.0,0.0,0.0
2015-04-14,80026361856,0.0,4075.0,25.0,0.0,0.0,26287.0,0.0,0.0,23.0,13.0,25.0,31.0,0.0,0.0,0.0,0.0,0.0
2015-04-15,80026361856,0.0,4075.0,25.0,0.0,0.0,26310.0,0.0,0.0,23.0,13.0,25.0,32.0,0.0,0.0,0.0,0.0,0.0
2015-04-16,80026361856,0.0,4075.0,25.0,0.0,0.0,26334.0,0.0,0.0,23.0,13.0,25.0,31.0,0.0,0.0,0.0,0.0,0.0
2015-04-17,80026361856,0.0,4075.0,25.0,0.0,0.0,26359.0,0.0,0.0,23.0,13.0,25.0,31.0,0.0,0.0,0.0,0.0,0.0
2015-04-18,80026361856,0.0,4075.0,25.0,0.0,0.0,26382.0,0.0,0.0,23.0,13.0,25.0,32.0,0.0,0.0,0.0,0.0,0.0
2015-04-19,80026361856,0.0,4075.0,25.0,0.0,0.0,26406.0,0.0,0.0,23.0,13.0,25.0,31.0,0.0,0.0,0.0,0.0,0.0
2015-04-20,80026361856,0.0,4075.0,25.0,0.0,0.0,26431.0,0.0,0.0,23.0,13.0,25.0,32.0,0.0,0.0,0.0,0.0,0.0
2015-04-21,80026361856,0.0,4075.0,25.0,0.0,0.0,26454.0,0.0,0.0,23.0,13.0,25.0,32.0,0.0,0.0,0.0,0.0,0.0
2015-04-22,80026361856,0.0,4075.0,25.0,0.0,0.0,26478.0,0.0,0.0,23.0,13.0,25.0,32.0,0.0,0.0,0.0,0.0,0.0
2015-04-23,80026361856,0.0,4075.0,25.0,0.0,0.0,26503.0,0.0,0.0,23.0,13.0,25.0,31.0,0.0,0.0,0.0,0.0,0.0
2015-04-24,80026361856,0.0,4075.0,25.0,0.0,0.0,26526.0,0.0,0.0,23.0,13.0,25.0,30.0,0.0,0.0,0.0,0.0,0.0
2015-04-25,80026361856,0.0,4075.0,25.0,0.0,0.0,26550.0,0.0,0.0,23.0,13.0,25.0,30.0,0.0,0.0,0.0,0.0,0.0
2015-04-26,80026361856,0.0,4075.0,25.0,0.0,0.0,26575.0,0.0,0.0,23.0,13.0,25.0,30.0,0.0,0.0,0.0,0.0,0.0
2015-04-27,80026361856,0.0,4075.0,25.0,0.0,0.0,26598.0,0.0,0.0,23.0,13.0,25.0,30.0,0.0,0.0,0.0,0.0,0.0
2015-04-28,80026361856,0.0,4075.0,25.0,0.0,0.0,26622.0,0.0,0.0,23.0,13.0,25.0,32.0,0.0,0.0,0.0,0.0,0.0
2015-04-29,80026361856,0.0,4075.0,25.0,0.0,0.0,26646.0,0.0,0.0,23.0,13.0,25.0,31.0,0.0,0.0,0.0,0.0,0.0
2015-04-30,80026361856,0.0,4075.0,25.0,0.0,0.0,26670.0,0.0,0.0,23.0,13.0,25.0,30.0,0.0,0.0,0.0,0.0,0.0
2015-05-01,80026361856,0.0,4075.0,25.0,0.0,0.0,26694.0,0.0,0.0,23.0,13.0,25.0,31.0,0.0,0.0,0.0,0.0,0.0
2015-05-02,80026361856,0.0,4075.0,25.0,0.0,0.0,26718.0,0.0,0.0,23.0,13.0,25.0,31.0,0.0,0.0,0.0,0.0,0.0
2015-05-03,80026361856,0.0,4075.0,25.0,0.0,0.0,26742.0,0.0,0.0,23.0,13.0,25.0,31.0,0.0,0.0,0.0,0.0,0.0
2015-05-04,80026361856,0.0,4075.0,25.0,0.0,0.0,26766.0,0.0,0.0,23.0,13.0,25.0,31.0,0.0,0.0,0.0,0.0,0.0
2015-05-05,80026361856,0.0,4075.0,25.0,0.0,0.0,26790.0,0.0,0.0,23.0,13.0,25.0,31.0,0.0,0.0,0.0,0.0,0.0
2015-05-06,80026361856,0.0,4075.0,25.0,0.0,0.0,26813.0,0.0,0.0,23.0,13.0,25.0,34.0,0.0,0.0,0.0,0.0,0.0
2015-05-07,80026361856,0.0,4075.0,25.0,0.0,0.0,26838.0,0.0,0.0,23.0,13.0,25.0,31.0,0.0,0.0,0.0,0.0,0.0
2015-05-08,80026361856,0.0,4075.0,25.0,0.0,0.0,26862.0,0.0,0.0,23.0,13.0,25.0,30.0,0.0,0.0,0.0,0.0,0.0
2015-05-09,80026361856,0.0,4075.0,25.0,0.0,0.0,26885.0,0.0,0.0,23.0,13.0,25.0,31.0,0.0,0.0,0.0,0.0,0.0
2015-05-10,80026361856,0.0,4075.0,25.0,0.0,0.0,26910.0,0.0,0.0,23.0,13.0,25.0,31.0,0.0,0.0,0.0,0.0,0.0
2015-05-11,80026361856,0.0,4075.0,25.0,0.0,0.0,26934.0,0.0,0.0,23.0,13.0,25.0,32.0,0.0,0.0,0.0,0.0,0.0
2015-05-12,80026361856,0.0,4075.0,25.0,0.0,0.0,26957.0,0.0,0.0,23.0,13.0,25.0,31.0,0.0,0.0,0.0,0.0,0.0
2015-05-13,80026361856,0.0,4075.0,25.0,0.0,0.0,26982.0,0.0,0.0,23.0,13.0,25.0,31.0,0.0,0.0,0.0,0.0,0.0
2015-05-14,80026361856,0.0,4075.0,25.0,0.0,0.0,27006.0,0.0,0.0,23.0,13.0,25.0,31.0,0.0,0.0,0.0,0.0,0.0
2015-05-15,80026361856,0.0,4075.0,25.0,0.0,0.0,27029.0,0.0,0.0,23.0,13.0,25.0,31.0,0.0,0.0,0.0,0.0,0.0
2015-05-16,80026361856,0.0,4075.0,25.0,0.0,0.0,27054.0,0.0,0.0,23.0,13.0,25.0,31.0,0.0,0.0,0.0,0.0,0.0
2015-05-17,80026361856,0.0,4075.0,25.0,0.0,0.0,27078.0,0.0,0.0,23.0,13.0,25.0,31.0,0.0,0.0,0.0,0.0,0.0
2015-05-18,80026361856,0.0,4075.0,25.0,0.0,0.0,27101.0,0.0,0.0,23.0,13.0,25.0,31.0,0.0,0.0,0.0,0.0,0.0
2015-05-19,80026361856,0.0,4075.0,25.0,0.0,0.0,27125.0,0.0,0.0,23.0,13.0,25.0,31.0,0.0,0.0,0.0,0.0,0.0
2015-05-20,80026361856,0.0,4075.0,25.0,0.0,0.0,27150.0,0.0,0.0,23.0,13.0,25.0,31.0,0.0,0.0,0.0,0.0,0.0
2015-05-21,80026361856,0.0,4075.0,25.0,0.0,0.0,27173.0,0.0,0.0,23.0,13.0,25.0,31.0,0.0,0.0,0.0,0.0,0.0
2015-05-22,80026361856,0.0,4075.0,25.0,0.0,0.0,27197.0,0.0,0.0,23.0,13.0,25.0,31.0,0.0,0.0,0.0,0.0,0.0
2015-05-23,80026361856,0.0,4075.0,25.0,0.0,0.0,27222.0,0.0,0.0,23.0,13.0,25.0,31.0,0.0,0.0,0.0,0.0,0.0
2015-05-24,80026361856,0.0,4075.0,25.0,0.0,0.0,27245.0,0.0,0.0,23.0,13.0,25.0,32.0,0.0,0.0,0.0,0.0,0.0
2015-05-25,80026361856,0.0,4075.0,25.0,0.0,0.0,27269.0,0.0,0.0,23.0,13.0,25.0,32.0,0.0,0.0,0.0,0.0,0.0
2015-05-26,80026361856,0.0,4075.0,25.0,0.0,0.0,27293.0,0.0,0.0,23.0,13.0,25.0,29.0,0.0,0.0,0.0,0.0,0.0
2015-05-27,80026361856,0.0,4075.0,25.0,0.0,0.0,27317.0,0.0,0.0,23.0,13.0,25.0,30.0,0.0,0.0,0.0,0.0,0.0
2015-05-28,80026361856,0.0,4075.0,25.0,0.0,0.0,27341.0,0.0,0.0,23.0,13.0,25.0,29.0,0.0,0.0,0.0,0.0,0.0
2015-05-29,80026361856,0.0,4075.0,25.0,0.0,0.0,27365.0,0.0,0.0,23.0,13.0,25.0,29.0,0.0,0.0,0.0,0.0,0.0
2015-05-30,80026361856,0.0,4075.0,25.0,0.0,0.0,27389.0,0.0,0.0,23.0,13.0,25.0,30.0,0.0,0.0,0.0,0.0,0.0
2015-05-31,80026361856,0.0,4075.0,25.0,0.0,0.0,27413.0,0.0,0.0,23.0,13.0,25.0,29.0,0.0,0.0,0.0,0.0,0.0
2015-06-01,80026361856,0.0,4075.0,25.0,0.0,0.0,27437.0,0.0,0.0,23.0,13.0,25.0,30.0,0.0,0.0,0.0,0.0,0.0
2015-06-02,80026361856,0.0,4075.0,25.0,0.0,0.0,27461.0,0.0,0.0,23.0,13.0,25.0,30.0,0.0,0.0,0.0,0.0,0.0
2015-06-03,80026361856,0.0,4075.0,25.0,0.0,0.0,27485.0,0.0,0.0,23.0,13.0,25.0,29.0,0.0,0.0,0.0,0.0,0.0
2015-06-04,80026361856,0.0,4075.0,25.0,0.0,0.0,27509.0,0.0,0.0,23.0,13.0,25.0,29.0,0.0,0.0,0.0,0.0,0.0
2015-06-05,80026361856,0.0,4075.0,25.0,0.0,0.0,27533.0,0.0,0.0,23.0,13.0,25.0,30.0,0.0,0.0,0.0,0.0,0.0
2015-06-06,80026361856,0.0,4075.0,25.0,0.0,0.0,27557.0,0.0,0.0,23.0,13.0,25.0,29.0,0.0,0.0,0.0,0.0,0.0
2015-06-07,80026361856,0.0,4075.0,25.0,0.0,0.0,27581.0,0.0,0.0,23.0,13.0,25.0,31.0,0.0,0.0,0.0,0.0,0.0
2015-06-08,80026361856,0.0,4075.0,25.0,0.0,0.0,27605.0,0.0,0.0,23.0,13.0,25.0,29.0,0.0,0.0,0.0,0.0,0.0
2015-06-09,80026361856,0.0,4075.0,25.0,0.0,0.0,27629.0,0.0,0.0,23.0,13.0,25.0,29.0,0.0,0.0,0.0,0.0,0.0
2015-06-10,80026361856,0.0,4075.0,25.0,0.0,0.0,27653.0,0.0,0.0,23.0,13.0,25.0,30.0,0.0,0.0,0.0,0.0,0.0
2015-06-11,80026361856,0.0,4075.0,25.0,0.0,0.0,27677.0,0.0,0.0,23.0,13.0,25.0,29.0,0.0,0.0,0.0,0.0,0.0
2015-06-12,80026361856,0.0,4075.0,25.0,0.0,0.0,27701.0,0.0,0.0,23.0,13.0,25.0,30.0,0.0,0.0,0.0,0.0,0.0
2015-06-13,80026361856,0.0,4075.0,25.0,0.0,0.0,27725.0,0.0,0.0,23.0,13.0,25.0,29.0,0.0,0.0,0.0,0.0,0.0
2015-06-14,80026361856,0.0,4075.0,25.0,0.0,0.0,27748.0,0.0,0.0,23.0,13.0,25.0,30.0,0.0,0.0,0.0,0.0,0.0
2015-06-15,80026361856,0.0,4075.0,25.0,0.0,0.0,27773.0,0.0,0.0,23.0,13.0,25.0,29.0,0.0,0.0,0.0,0.0,0.0
2015-06-16,80026361856,0.0,4075.0,25.0,0.0,0.0,27796.0,0.0,0.0,23.0,13.0,25.0,29.0,0.0,0.0,0.0,0.0,0.0
2015-06-17,80026361856,0.0,4075.0,25.0,0.0,0.0,27820.0,0.0,0.0,23.0,13.0,25.0,30.0,0.0,0.0,0.0,0.0,0.0
2015-06-18,80026361856,0.0,4075.0,25.0,0.0,0.0,27845.0,0.0,0.0,23.0,13.0,25.0,29.0,0.0,0.0,0.0,0.0,0.0
2015-06-19,80026361856,0.0,4075.0,25.0,0.0,0.0,27868.0,0.0,0.0,23.0,13.0,25.0,30.0,0.0,0.0,0.0,0.0,0.0
2015-06-20,80026361856,0.0,4075.0,25.0,0.0,0.0,27892.0,0.0,0.0,23.0,13.0,25.0,30.0,0.0,0.0,0.0,0.0,0.0
2015-06-21,80026361856,0.0,4075.0,25.0,0.0,0.0,27917.0,0.0,0.0,23.0,13.0,25.0,30.0,0.0,0.0,0.0,0.0,0.0
2015-06-22,80026361856,0.0,4075.0,25.0,0.0,0.0,27940.0,0.0,0.0,23.0,13.0,25.0,31.0,0.0,0.0,0.0,0.0,0.0
2015-06-23,80026361856,0.0,4075.0,25.0,0.0,0.0,27964.0,0.0,0.0,23.0,13.0,25.0,30.0,0.0,0.0,0.0,0.0,0.0
2015-06-24,80026361856,0.0,4075.0,25.0,0.0,0.0,27988.0,0.0,0.0,23.0,13.0,25.0,30.0,0.0,0.0,0.0,0.0,0.0
2015-06-25,80026361856,0.0,4075.0,25.0,0.0,0.0,28012.0,0.0,0.0,23.0,13.0,25.0,32.0,0.0,0.0,0.0,0.0,0.0
2015-06-26,80026361856,0.0,4075.0,25.0,0.0,0.0,28036.0,0.0,0.0,23.0,13.0,25.0,32.0,0.0,0.0,0.0,0.0,0.0
2015-06-27,80026361856,0.0,4075.0,25.0,0.0,0.0,28060.0,0.0,0.0,23.0,13.0,25.0,32.0,0.0,0.0,0.0,0.0,0.0
2015-06-28,80026361856,0.0,4075.0,25.0,0.0,0.0,28084.0,0.0,0.0,23.0,13.0,25.0,32.0,0.0,0.0,0.0,0.0,0.0
2015-06-29,80026361856,0.0,4075.0,25.0,0.0,0.0,28108.0,0.0,0.0,23.0,13.0,25.0,30.0,0.0,0.0,0.0,0.0,0.0
2015-06-30,80026361856,0.0,4075.0,25.0,0.0,0.0,28132.0,0.0,0.0,23.0,13.0,25.0,32.0,0.0,0.0,0.0,0.0,0.0
2015-07-01,80026361856,0.0,4075.0,25.0,0.0,0.0,28156.0,0.0,0.0,23.0,13.0,25.0,32.0,0.0,0.0,0.0,0.0,0.0
2015-07-02,80026361856,0.0,4075.0,25.0,0.0,0.0,28180.0,0.0,0.0,23.0,13.0,25.0,32.0,0.0,0.0,0.0,0.0,0.0
2015-07-03,80026361856,0.0,4075.0,25.0,0.0,0.0,28204.0,0.0,0.0,23.0,13.0,25.0,32.0,0.0,0.0,0.0,0.0,0.0
2015-07-04,80026361856,0.0,4075.0,25.0,0.0,0.0,28228.0,0.0,0.0,23.0,13.0,25.0,32.0,0.0,0.0,0.0,0.0,0.0
2015-07-05,80026361856,0.0,4075.0,25.0,0.0,0.0,28252.0,0.0,0.0,23.0,13.0,25.0,33.0,0.0,0.0,0.0,0.0,0.0
2015-07-06,80026361856,0.0,4075.0,25.0,0.0,0.0,28276.0,0.0,0.0,23.0,13.0,25.0,32.0,0.0,0.0,0.0,0.0,0.0
2015-07-07,80026361856,0.0,4075.0,25.0,0.0,0.0,28299.0,0.0,0.0,23.0,13.0,25.0,32.0,0.0,0.0,0.0,0.0,0.0
2015-07-08,80026361856,0.0,4075.0,25.0,0.0,0.0,28324.0,0.0,0.0,23.0,13.0,25.0,33.0,0.0,0.0,0.0,0.0,0.0
2015-07-09,80026361856,0.0,4075.0,25.0,0.0,0.0,28348.0,0.0,0.0,23.0,13.0,25.0,32.0,0.0,0.0,0.0,0.0,0.0
2015-07-10,80026361856,0.0,4075.0,25.0,0.0,0.0,28371.0,0.0,0.0,23.0,13.0,25.0,32.0,0.0,0.0,0.0,0.0,0.0
2015-07-11,80026361856,0.0,4075.0,25.0,0.0,0.0,28396.0,0.0,0.0,23.0,13.0,25.0,33.0,0.0,0.0,0.0,0.0,0.0
2015-07-12,80026361856,0.0,4075.0,25.0,0.0,0.0,28420.0,0.0,0.0,23.0,13.0,25.0,32.0,0.0,0.0,0.0,0.0,0.0
2015-07-13,80026361856,0.0,4075.0,25.0,0.0,0.0,28443.0,0.0,0.0,23.0,13.0,25.0,33.0,0.0,0.0,0.0,0.0,0.0
2015-07-14,80026361856,0.0,4075.0,25.0,0.0,0.0,28467.0,0.0,0.0,23.0,13.0,25.0,32.0,0.0,0.0,0.0,0.0,0.0
2015-07-15,80026361856,0.0,4075.0,25.0,0.0,0.0,28492.0,0.0,0.0,23.0,13.0,25.0,33.0,0.0,0.0,0.0,0.0,0.0
2015-07-16,80026361856,0.0,4075.0,25.0,0.0,0.0,28515.0,0.0,0.0,23.0,13.0,25.0,32.0,0.0,0.0,0.0,0.0,0.0
2015-07-17,80026361856,0.0,4075.0,25.0,0.0,0.0,28539.0,0.0,0.0,23.0,13.0,25.0,33.0,0.0,0.0,0.0,0.0,0.0
2015-07-18,80026361856,0.0,4075.0,25.0,0.0,0.0,28564.0,0.0,0.0,23.0,13.0,25.0,31.0,0.0,0.0,0.0,0.0,0.0
2015-07-19,80026361856,0.0,4075.0,25.0,0.0,0.0,28587.0,0.0,0.0,23.0,13.0,25.0,32.0,0.0,0.0,0.0,0.0,0.0
2015-07-20,80026361856,0.0,4075.0,25.0,0.0,0.0,28611.0,0.0,0.0,23.0,13.0,25.0,33.0,0.0,0.0,0.0,0.0,0.0
2015-07-21,80026361856,0.0,4075.0,25.0,0.0,0.0,28636.0,0.0,0.0,23.0,13.0,25.0,32.0,0.0,0.0,0.0,0.0,0.0
2015-07-22,80026361856,0.0,4075.0,25.0,0.0,0.0,28659.0,0.0,0.0,23.0,13.0,25.0,33.0,0.0,0.0,0.0,0.0,0.0
2015-07-23,80026361856,0.0,4075.0,25.0,0.0,0.0,28683.0,0.0,0.0,23.0,13.0,25.0,33.0,0.0,0.0,0.0,0.0,0.0
2015-07-24,80026361856,0.0,4075.0,25.0,0.0,0.0,28707.0,0.0,0.0,23.0,13.0,25.0,33.0,0.0,0.0,0.0,0.0,0.0
2015-07-25,80026361856,0.0,4075.0,25.0,0.0,0.0,28731.0,0.0,0.0,23.0,13.0,25.0,31.0,0.0,0.0,0.0,0.0,0.0
2015-07-26,80026361856,0.0,4075.0,25.0,0.0,0.0,28755.0,0.0,0.0,23.0,13.0,25.0,28.0,0.0,0.0,0.0,0.0,0.0
2015-07-27,80026361856,0.0,4075.0,25.0,0.0,0.0,28779.0,0.0,0.0,23.0,13.0,25.0,29.0,0.0,0.0,0.0,0.0,0.0
2015-07-28,80026361856,0.0,4075.0,25.0,0.0,0.0,28803.0,0.0,0.0,23.0,13.0,25.0,32.0,0.0,0.0,0.0,0.0,0.0
2015-07-29,80026361856,0.0,4075.0,25.0,0.0,0.0,28827.0,0.0,0.0,23.0,13.0,25.0,32.0,0.0,0.0,0.0,0.0,0.0
2015-07-30,80026361856,0.0,4075.0,25.0,0.0,0.0,28851.0,0.0,0.0,23.0,13.0,25.0,31.0,0.0,0.0,0.0,0.0,0.0
2015-07-31,80026361856,0.0,4075.0,25.0,0.0,0.0,28875.0,0.0,0.0,23.0,13.0,25.0,29.0,0.0,0.0,0.0,0.0,0.0
2015-08-01,80026361856,0.0,4075.0,25.0,0.0,0.0,28899.0,0.0,0.0,23.0,13.0,25.0,32.0,0.0,0.0,0.0,0.0,0.0
2015-08-02,80026361856,0.0,4075.0,25.0,0.0,0.0,28923.0,0.0,0.0,23.0,13.0,25.0,32.0,0.0,0.0,0.0,0.0,0.0
2015-08-03,80026361856,0.0,4075.0,25.0,0.0,0.0,28947.0,0.0,0.0,23.0,13.0,25.0,33.0,0.0,0.0,0.0,0.0,0.0
2015-08-04,80026361856,0.0,4075.0,25.0,0.0,0.0,28971.0,0.0,0.0,23.0,13.0,25.0,32.0,0.0,0.0,0.0,0.0,0.0
2015-08-05,80026361856,0.0,4075.0,25.0,0.0,0.0,28994.0,0.0,0.0,23.0,13.0,25.0,31.0,0.0,0.0,0.0,0.0,0.0
2015-08-06,80026361856,0.0,4075.0,25.0,0.0,0.0,29019.0,0.0,0.0,23.0,13.0,25.0,33.0,0.0,0.0,0.0,0.0,0.0
2015-08-07,80026361856,0.0,4075.0,25.0,0.0,0.0,29043.0,0.0,0.0,23.0,13.0,25.0,32.0,0.0,0.0,0.0,0.0,0.0
2015-08-08,80026361856,0.0,4075.0,25.0,0.0,0.0,29066.0,0.0,0.0,23.0,13.0,25.0,33.0,0.0,0.0,0.0,0.0,0.0
2015-08-09,80026361856,0.0,4075.0,25.0,0.0,0.0,29090.0,0.0,0.0,23.0,13.0,25.0,33.0,0.0,0.0,0.0,0.0,0.0
2015-08-10,80026361856,0.0,4075.0,25.0,0.0,0.0,29115.0,0.0,0.0,23.0,13.0,25.0,32.0,0.0,0.0,0.0,0.0,0.0
2015-08-11,80026361856,0.0,4075.0,25.0,0.0,0.0,29139.0,0.0,0.0,23.0,13.0,25.0,33.0,0.0,0.0,0.0,0.0,0.0
2015-08-12,80026361856,0.0,4075.0,25.0,0.0,0.0,29162.0,0.0,0.0,23.0,13.0,25.0,32.0,0.0,0.0,0.0,0.0,0.0
2015-08-13,80026361856,0.0,4075.0,25.0,0.0,0.0,29186.0,0.0,0.0,23.0,13.0,25.0,33.0,0.0,0.0,0.0,0.0,0.0
2015-08-14,80026361856,0.0,4075.0,25.0,0.0,0.0,29210.0,0.0,0.0,23.0,13.0,25.0,32.0,0.0,0.0,0.0,0.0,0.0
2015-08-15,80026361856,0.0,4075.0,25.0,0.0,0.0,29234.0,0.0,0.0,23.0,13.0,25.0,32.0,0.0,0.0,0.0,0.0,0.0
2015-08-16,80026361856,0.0,4075.0,25.0,0.0,0.0,29258.0,0.0,0.0,23.0,13.0,25.0,32.0,0.0,0.0,0.0,0.0,0.0
2015-08-17,80026361856,0.0,4075.0,25.0,0.0,0.0,29282.0,0.0,0.0,23.0,13.0,25.0,33.0,0.0,0.0,0.0,0.0,0.0
2015-08-18,80026361856,0.0,4075.0,25.0,0.0,0.0,29306.0,0.0,0.0,23.0,13.0,25.0,32.0,0.0,0.0,0.0,0.0,0.0
2015-08-19,80026361856,0.0,4075.0,25.0,0.0,0.0,29330.0,0.0,0.0,23.0,13.0,25.0,33.0,0.0,0.0,0.0,0.0,0.0
2015-08-20,80026361856,0.0,4075.0,25.0,0.0,0.0,29354.0,0.0,0.0,23.0,13.0,25.0,32.0,0.0,0.0,0.0,0.0,0.0
2015-08-21,80026361856,0.0,4075.0,25.0,0.0,0.0,29378.0,0.0,0.0,23.0,13.0,25.0,31.0,0.0,0.0,0.0,0.0,0.0
2015-08-22,80026361856,0.0,4075.0,25.0,0.0,0.0,29402.0,0.0,0.0,23.0,13.0,25.0,32.0,0.0,0.0,0.0,0.0,0.0
2015-08-23,80026361856,0.0,4075.0,25.0,0.0,0.0,29426.0,0.0,0.0,23.0,13.0,25.0,32.0,0.0,0.0,0.0,0.0,0.0
2015-08-24,80026361856,0.0,4075.0,25.0,0.0,0.0,29450.0,0.0,0.0,23.0,13.0,25.0,33.0,0.0,0.0,0.0,0.0,0.0
2015-08-25,80026361856,0.0,4075.0,25.0,0.0,0.0,29474.0,0.0,0.0,23.0,13.0,25.0,31.0,0.0,0.0,0.0,0.0,0.0
2015-08-26,80026361856,0.0,4075.0,25.0,0.0,0.0,29498.0,0.0,0.0,23.0,13.0,25.0,32.0,0.0,0.0,0.0,0.0,0.0
2015-08-27,80026361856,0.0,4075.0,25.0,0.0,0.0,29522.0,0.0,0.0,23.0,13.0,25.0,32.0,0.0,0.0,0.0,0.0,0.0
2015-08-28,80026361856,0.0,4075.0,25.0,0.0,0.0,29546.0,0.0,0.0,23.0,13.0,25.0,32.0,0.0,0.0,0.0,0.0,0.0
2015-08-29,80026361856,0.0,4075.0,25.0,0.0,0.0,29570.0,0.0,0.0,23.0,13.0,25.0,33.0,0.0,0.0,0.0,0.0,0.0
2015-08-30,80026361856,0.0,4075.0,25.0,0.0,0.0,29593.0,0.0,0.0,23.0,13.0,25.0,31.0,0.0,0.0,0.0,0.0,0.0
2015-08-31,80026361856,0.0,4075.0,25.0,0.0,0.0,29618.0,0.0,0.0,23.0,13.0,25.0,32.0,0.0,0.0,0.0,0.0,0.0
2015-09-01,80026361856,0.0,4075.0,25.0,0.0,0.0,29642.0,0.0,0.0,23.0,13.0,25.0,32.0,0.0,0.0,0.0,0.0,0.0
2015-09-02,80026361856,0.0,4075.0,25.0,0.0,0.0,29665.0,0.0,0.0,23.0,13.0,25.0,32.0,0.0,0.0,0.0,0.0,0.0
2015-09-03,80026361856,0.0,4075.0,25.0,0.0,0.0,29689.0,0.0,0.0,23.0,13.0,25.0,31.0,0.0,0.0,0.0,0.0,0.0
2015-09-04,80026361856,0.0,4075.0,25.0,0.0,0.0,29714.0,0.0,0.0,23.0,13.0,25.0,32.0,0.0,0.0,0.0,0.0,0.0
2015-09-05,80026361856,0.0,4075.0,25.0,0.0,0.0,29737.0,0.0,0.0,23.0,13.0,25.0,32.0,0.0,0.0,0.0,0.0,0.0
2015-09-06,80026361856,0.0,4075.0,25.0,0.0,0.0,29761.0,0.0,0.0,23.0,13.0,25.0,31.0,0.0,0.0,0.0,0.0,0.0
2015-09-07,80026361856,0.0,4075.0,25.0,0.0,0.0,29786.0,0.0,0.0,23.0,13.0,25.0,32.0,0.0,0.0,0.0,0.0,0.0
2015-09-08,80026361856,0.0,4075.0,25.0,0.0,0.0,29809.0,0.0,0.0,23.0,13.0,25.0,32.0,0.0,0.0,0.0,0.0,0.0
2015-09-09,80026361856,0.0,4075.0,25.0,0.0,0.0,29833.0,0.0,0.0,23.0,13.0,25.0,31.0,0.0,0.0,0.0,0.0,0.0
2015-09-10,80026361856,0.0,4075.0,25.0,0.0,0.0,29858.0,0.0,0.0,23.0,13.0,25.0,32.0,0.0,0.0,0.0,0.0,0.0
2015-09-11,80026361856,0.0,4075.0,25.0,0.0,0.0,29881.0,0.0,0.0,23.0,13.0,25.0,33.0,0.0,0.0,0.0,0.0,0.0
2015-09-12,80026361856,0.0,4075.0,25.0,0.0,0.0,29905.0,0.0,0.0,23.0,13.0,25.0,32.0,0.0,0.0,0.0,0.0,0.0
2015-09-13,80026361856,0.0,4075.0,25.0,0.0,0.0,29929.0,0.0,0.0,23.0,13.0,25.0,32.0,0.0,0.0,0.0,0.0,0.0
2015-09-14,80026361856,0.0,4075.0,25.0,0.0,0.0,29953.0,0.0,0.0,23.0,13.0,25.0,32.0,0.0,0.0,0.0,0.0,0.0
2015-09-15,80026361856,0.0,4075.0,25.0,0.0,0.0,29977.0,0.0,0.0,23.0,13.0,25.0,32.0,0.0,0.0,0.0,0.0,0.0
2015-09-16,80026361856,0.0,4075.0,25.0,0.0,0.0,30001.0,0.0,0.0,23.0,13.0,25.0,32.0,0.0,0.0,0.0,0.0,0.0
2015-09-17,80026361856,0.0,4075.0,25.0,0.0,0.0,30025.0,0.0,0.0,23.0,13.0,25.0,32.0,0.0,0.0,0.0,0.0,0.0
2015-09-18,80026361856,0.0,4075.0,25.0,0.0,0.0,30049.0,0.0,0.0,23.0,13.0,25.0,32.0,0.0,0.0,0.0,0.0,0.0
2015-09-19,80026361856,0.0,4075.0,25.0,0.0,0.0,30073.0,0.0,0.0,23.0,13.0,25.0,31.0,0.0,0.0,0.0,0.0,0.0
2015-09-20,80026361856,0.0,4075.0,25.0,0.0,0.0,30097.0,0.0,0.0,23.0,13.0,25.0,32.0,0.0,0.0,0.0,0.0,0.0
2015-09-21,80026361856,0.0,4075.0,25.0,0.0,0.0,30121.0,0.0,0.0,23.0,13.0,25.0,31.0,0.0,0.0,0.0,0.0,0.0
2015-09-22,80026361856,0.0,4075.0,25.0,0.0,0.0,30145.0,0.0,0.0,23.0,13.0,25.0,32.0,0.0,0.0,0.0,0.0,0.0
2015-09-23,80026361856,0.0,4075.0,25.0,0.0,0.0,30169.0,0.0,0.0,23.0,13.0,25.0,32.0,0.0,0.0,0.0,0.0,0.0
2015-09-24,80026361856,0.0,4075.0,25.0,0.0,0.0,30193.0,0.0,0.0,23.0,13.0,25.0,32.0,0.0,0.0,0.0,0.0,0.0
2015-09-25,80026361856,0.0,4075.0,25.0,0.0,0.0,30217.0,0.0,0.0,23.0,13.0,25.0,31.0,0.0,0.0,0.0,0.0,0.0
2015-09-26,80026361856,0.0,4075.0,25.0,0.0,0.0,30240.0,0.0,0.0,23.0,13.0,25.0,31.0,0.0,0.0,0.0,0.0,0.0
2015-09-27,80026361856,0.0,4075.0,25.0,0.0,0.0,30265.0,0.0,0.0,23.0,13.0,25.0,31.0,0.0,0.0,0.0,0.0,0.0
2015-09-28,80026361856,0.0,4075.0,25.0,0.0,0.0,30289.0,0.0,0.0,23.0,13.0,25.0,30.0,0.0,0.0,0.0,0.0,0.0
2015-09-29,80026361856,0.0,4075.0,25.0,0.0,0.0,30312.0,0.0,0.0,23.0,13.0,25.0,31.0,0.0,0.0,0.0,0.0,0.0
2015-09-30,80026361856,0.0,4075.0,25.0,0.0,0.0,30337.0,0.0,0.0,23.0,13.0,25.0,32.0,0.0,0.0,0.0,0.0,0.0
2015-10-01,80026361856,0.0,4075.0,25.0,0.0,0.0,30361.0,0.0,0.0,23.0,13.0,25.0,32.0,0.0,0.0,0.0,0.0,0.0
2015-10-02,80026361856,0.0,4075.0,25.0,0.0,0.0,30384.0,0.0,0.0,23.0,13.0,25.0,32.0,0.0,0.0,0.0,0.0,0.0
2015-10-03,80026361856,0.0,4075.0,25.0,0.0,0.0,30408.0,0.0,0.0,23.0,13.0,25.0,31.0,0.0,0.0,0.0,0.0,0.0
2015-10-04,80026361856,0.0,4075.0,25.0,0.0,0.0,30433.0,0.0,0.0,23.0,13.0,25.0,32.0,0.0,0.0,0.0,0.0,0.0
2015-10-05,80026361856,0.0,4075.0,25.0,0.0,0.0,30456.0,0.0,0.0,23.0,13.0,25.0,32.0,0.0,0.0,0.0,0.0,0.0
2015-10-06,80026361856,0.0,4075.0,25.0,0.0,0.0,30480.0,0.0,0.0,23.0,13.0,25.0,32.0,0.0,0.0,0.0,0.0,0.0
2015-10-07,80026361856,0.0,4075.0,25.0,0.0,0.0,30505.0,0.0,0.0,23.0,13.0,25.0,32.0,0.0,0.0,0.0,0.0,0.0
2015-10-08,80026361856,0.0,4075.0,25.0,0.0,0.0,30528.0,0.0,0.0,23.0,13.0,25.0,31.0,0.0,0.0,0.0,0.0,0.0
2015-10-09,80026361856,0.0,4075.0,25.0,0.0,0.0,30552.0,0.0,0.0,23.0,13.0,25.0,32.0,0.0,0.0,0.0,0.0,0.0
2015-10-10,80026361856,0.0,4075.0,25.0,0.0,0.0,30577.0,0.0,0.0,23.0,13.0,25.0,32.0,0.0,0.0,0.0,0.0,0.0
2015-10-11,80026361856,0.0,4075.0,25.0,0.0,0.0,30600.0,0.0,0.0,23.0,13.0,25.0,32.0,0.0,0.0,0.0,0.0,0.0
2015-10-12,80026361856,0.0,4075.0,25.0,0.0,0.0,30624.0,0.0,0.0,23.0,13.0,25.0,31.0,0.0,0.0,0.0,0.0,0.0
2015-10-13,80026361856,0.0,4075.0,25.0,0.0,0.0,30649.0,0.0,0.0,23.0,13.0,25.0,32.0,0.0,0.0,0.0,0.0,0.0
2015-10-14,80026361856,0.0,4075.0,25.0,0.0,0.0,30672.0,0.0,0.0,23.0,13.0,25.0,33.0,0.0,0.0,0.0,0.0,0.0
2015-10-15,80026361856,0.0,4075.0,25.0,0.0,0.0,30696.0,0.0,0.0,23.0,13.0,25.0,33.0,0.0,0.0,0.0,0.0,0.0
2015-10-16,80026361856,0.0,4075.0,25.0,0.0,0.0,30721.0,0.0,0.0,23.0,13.0,25.0,32.0,0.0,0.0,0.0,0.0,0.0
2015-10-17,80026361856,0.0,4075.0,25.0,0.0,0.0,30744.0,0.0,0.0,23.0,13.0,25.0,31.0,0.0,0.0,0.0,0.0,0.0
2015-10-18,80026361856,0.0,4075.0,25.0,0.0,0.0,30768.0,0.0,0.0,23.0,13.0,25.0,31.0,0.0,0.0,0.0,0.0,0.0
2015-10-19,80026361856,0.0,4075.0,25.0,0.0,0.0,30792.0,0.0,0.0,23.0,13.0,25.0,31.0,0.0,0.0,0.0,0.0,0.0
2015-10-20,80026361856,0.0,4075.0,25.0,0.0,0.0,30816.0,0.0,0.0,23.0,13.0,25.0,33.0,0.0,0.0,0.0,0.0,0.0
2015-10-21,80026361856,0.0,4075.0,25.0,0.0,0.0,30840.0,0.0,0.0,23.0,13.0,25.0,31.0,0.0,0.0,0.0,0.0,0.0
2015-10-22,80026361856,0.0,4075.0,25.0,0.0,0.0,30864.0,0.0,0.0,23.0,13.0,25.0,32.0,0.0,0.0,0.0,0.0,0.0
2015-10-23,80026361856,0.0,4075.0,25.0,0.0,0.0,30888.0,0.0,0.0,23.0,13.0,25.0,33.0,0.0,0.0,0.0,0.0,0.0
2015-10-24,80026361856,0.0,4075.0,25.0,0.0,0.0,30912.0,0.0,0.0,23.0,13.0,25.0,31.0,0.0,0.0,0.0,0.0,0.0
2015-10-25,80026361856,0.0,4075.0,25.0,0.0,0.0,30936.0,0.0,0.0,23.0,13.0,25.0,32.0,0.0,0.0,0.0,0.0,0.0
2015-10-26,80026361856,0.0,4075.0,25.0,0.0,0.0,30960.0,0.0,0.0,23.0,13.0,25.0,31.0,0.0,0.0,0.0,0.0,0.0
2015-10-27,80026361856,0.0,4075.0,25.0,0.0,0.0,30984.0,0.0,0.0,23.0,13.0,25.0,31.0,0.0,0.0,0.0,0.0,0.0
2015-10-29,80026361856,0.0,4075.0,25.0,0.0,0.0,31032.0,0.0,0.0,23.0,13.0,25.0,32.0,0.0,0.0,0.0,0.0,0.0
2015-10-30,80026361856,0.0,4075.0,25.0,0.0,0.0,31055.0,0.0,0.0,23.0,13.0,25.0,31.0,0.0,0.0,0.0,0.0,0.0
2015-10-31,80026361856,0.0,4075.0,25.0,0.0,0.0,31080.0,0.0,0.0,23.0,13.0,25.0,32.0,0.0,0.0,0.0,0.0,0.0
2015-11-02,80026361856,0.0,4075.0,25.0,0.0,0.0,31129.0,0.0,0.0,23.0,13.0,25.0,31.0,0.0,0.0,0.0,0.0,0.0
2015-11-03,80026361856,0.0,4075.0,25.0,0.0,0.0,31153.0,0.0,0.0,23.0,13.0,25.0,31.0,0.0,0.0,0.0,0.0,0.0
2015-11-04,80026361856,0.0,4075.0,25.0,0.0,0.0,31176.0,0.0,0.0,23.0,13.0,25.0,31.0,0.0,0.0,0.0,0.0,0.0
2015-11-05,80026361856,0.0,4075.0,25.0,0.0,0.0,31201.0,0.0,0.0,23.0,13.0,25.0,30.0,0.0,0.0,0.0,0.0,0.0
2015-11-06,80026361856,0.0,4075.0,25.0,0.0,0.0,31225.0,0.0,0.0,23.0,13.0,25.0,31.0,0.0,0.0,0.0,0.0,0.0
2015-11-07,80026361856,0.0,4075.0,25.0,0.0,0.0,31248.0,0.0,0.0,23.0,13.0,25.0,31.0,0.0,0.0,0.0,0.0,0.0
2015-11-08,80026361856,0.0,4075.0,25.0,0.0,0.0,31272.0,0.0,0.0,23.0,13.0,25.0,31.0,0.0,0.0,0.0,0.0,0.0
2015-11-09,80026361856,0.0,4075.0,25.0,0.0,0.0,31297.0,0.0,0.0,23.0,13.0,25.0,32.0,0.0,0.0,0.0,0.0,0.0
2015-11-10,80026361856,0.0,4075.0,25.0,0.0,0.0,31320.0,0.0,0.0,23.0,13.0,25.0,31.0,0.0,0.0,0.0,0.0,0.0
2015-11-11,80026361856,0.0,4075.0,25.0,0.0,0.0,31344.0,0.0,0.0,23.0,13.0,25.0,33.0,0.0,0.0,0.0,0.0,0.0
2015-11-12,80026361856,0.0,4075.0,25.0,0.0,0.0,31369.0,0.0,0.0,23.0,13.0,25.0,31.0,0.0,0.0,0.0,0.0,0.0
2015-11-13,80026361856,0.0,4075.0,25.0,0.0,0.0,31392.0,0.0,0.0,23.0,13.0,25.0,31.0,0.0,0.0,0.0,0.0,0.0
2015-11-14,80026361856,0.0,4075.0,25.0,0.0,0.0,31416.0,0.0,0.0,23.0,13.0,25.0,31.0,0.0,0.0,0.0,0.0,0.0
2015-11-15,80026361856,0.0,4075.0,25.0,0.0,0.0,31441.0,0.0,0.0,23.0,13.0,25.0,31.0,0.0,0.0,0.0,0.0,0.0
2015-11-16,80026361856,0.0,4075.0,25.0,0.0,0.0,31464.0,0.0,0.0,23.0,13.0,25.0,31.0,0.0,0.0,0.0,0.0,0.0
2015-11-17,80026361856,0.0,4075.0,25.0,0.0,0.0,31488.0,0.0,0.0,23.0,13.0,25.0,31.0,0.0,0.0,0.0,0.0,0.0
2015-11-18,80026361856,0.0,4075.0,25.0,0.0,0.0,31513.0,0.0,0.0,23.0,13.0,25.0,31.0,0.0,0.0,0.0,0.0,0.0
2015-11-19,80026361856,0.0,4075.0,25.0,0.0,0.0,31536.0,0.0,0.0,23.0,13.0,25.0,31.0,0.0,0.0,0.0,0.0,0.0
2015-11-20,80026361856,0.0,4075.0,25.0,0.0,0.0,31560.0,0.0,0.0,23.0,13.0,25.0,32.0,0.0,0.0,0.0,0.0,0.0
2015-11-21,80026361856,0.0,4075.0,25.0,0.0,0.0,31585.0,0.0,0.0,23.0,13.0,25.0,32.0,0.0,0.0,0.0,0.0,0.0
2015-11-22,80026361856,0.0,4075.0,25.0,0.0,0.0,31608.0,0.0,0.0,23.0,13.0,25.0,32.0,0.0,0.0,0.0,0.0,0.0
2015-11-23,80026361856,0.0,4075.0,25.0,0.0,0.0,31632.0,0.0,0.0,23.0,13.0,25.0,31.0,0.0,0.0,0.0,0.0,0.0
2015-11-24,80026361856,0.0,4075.0,25.0,0.0,0.0,31656.0,0.0,0.0,23.0,13.0,25.0,31.0,0.0,0.0,0.0,0.0,0.0
2015-11-25,80026361856,0.0,4075.0,25.0,0.0,0.0,31680.0,0.0,0.0,23.0,13.0,25.0,31.0,0.0,0.0,0.0,0.0,0.0
2015-11-26,80026361856,0.0,4075.0,25.0,0.0,0.0,31704.0,0.0,0.0,23.0,13.0,25.0,31.0,0.0,0.0,0.0,0.0,0.0
2015-11-27,80026361856,0.0,4075.0,25.0,0.0,0.0,31728.0,0.0,0.0,23.0,13.0,25.0,33.0,0.0,0.0,0.0,0.0,0.0
2015-11-28,80026361856,0.0,4075.0,25.0,0.0,0.0,31752.0,0.0,0.0,23.0,13.0,25.0,32.0,0.0,0.0,0.0,0.0,0.0
2015-11-29,80026361856,0.0,4075.0,25.0,0.0,0.0,31776.0,0.0,0.0,23.0,13.0,25.0,31.0,0.0,0.0,0.0,0.0,0.0
2015-11-30,80026361856,0.0,4075.0,25.0,0.0,0.0,31800.0,0.0,0.0,23.0,13.0,25.0,31.0,0.0,0.0,0.0,0.0,0.0
2015-12-01,80026361856,0.0,4075.0,25.0,0.0,0.0,31824.0,0.0,0.0,23.0,13.0,25.0,32.0,0.0,0.0,0.0,0.0,0.0
2015-12-02,80026361856,0.0,4075.0,25.0,0.0,0.0,31848.0,0.0,0.0,23.0,13.0,25.0,32.0,0.0,0.0,0.0,0.0,0.0
2015-12-03,80026361856,0.0,4075.0,25.0,0.0,0.0,31872.0,0.0,0.0,23.0,13.0,25.0,32.0,0.0,0.0,0.0,0.0,0.0
2015-12-04,80026361856,0.0,4075.0,25.0,0.0,0.0,31895.0,0.0,0.0,23.0,13.0,25.0,32.0,0.0,0.0,0.0,0.0,0.0
2015-12-05,80026361856,0.0,4075.0,25.0,0.0,0.0,31920.0,0.0,0.0,23.0,13.0,25.0,32.0,0.0,0.0,0.0,0.0,0.0
2015-12-06,80026361856,0.0,4075.0,25.0,0.0,0.0,31944.0,0.0,0.0,23.0,13.0,25.0,32.0,0.0,0.0,0.0,0.0,0.0
2015-12-07,80026361856,0.0,4075.0,25.0,0.0,0.0,31967.0,0.0,0.0,23.0,13.0,25.0,31.0,0.0,0.0,0.0,0.0,0.0
2015-12-08,80026361856,0.0,4075.0,25.0,0.0,0.0,31992.0,0.0,0.0,23.0,13.0,25.0,31.0,0.0,0.0,0.0,0.0,0.0
2015-12-09,80026361856,0.0,4075.0,25.0,0.0,0.0,32016.0,0.0,0.0,23.0,13.0,25.0,31.0,0.0,0.0,0.0,0.0,0.0
2015-12-10,80026361856,0.0,4075.0,25.0,0.0,0.0,32039.0,0.0,0.0,23.0,13.0,25.0,32.0,0.0,0.0,0.0,0.0,0.0
2015-12-11,80026361856,0.0,4075.0,25.0,0.0,0.0,32064.0,0.0,0.0,23.0,13.0,25.0,32.0,0.0,0.0,0.0,0.0,0.0
2015-12-12,80026361856,0.0,4075.0,25.0,0.0,0.0,32088.0,0.0,0.0,23.0,13.0,25.0,32.0,0.0,0.0,0.0,0.0,0.0
2015-12-13,80026361856,0.0,4075.0,25.0,0.0,0.0,32111.0,0.0,0.0,23.0,13.0,25.0,32.0,0.0,0.0,0.0,0.0,0.0
2015-12-14,80026361856,0.0,4075.0,25.0,0.0,0.0,32135.0,0.0,0.0,23.0,13.0,25.0,31.0,0.0,0.0,0.0,0.0,0.0
2015-12-15,80026361856,0.0,4075.0,25.0,0.0,0.0,32160.0,0.0,0.0,23.0,13.0,25.0,31.0,0.0,0.0,0.0,0.0,0.0
2015-12-16,80026361856,0.0,4075.0,25.0,0.0,0.0,32183.0,0.0,0.0,23.0,13.0,25.0,30.0,0.0,0.0,0.0,0.0,0.0
2015-12-17,80026361856,0.0,4075.0,25.0,0.0,0.0,32207.0,0.0,0.0,23.0,13.0,25.0,31.0,0.0,0.0,0.0,0.0,0.0
2015-12-18,80026361856,0.0,4075.0,25.0,0.0,0.0,32232.0,0.0,0.0,23.0,13.0,25.0,31.0,0.0,0.0,0.0,0.0,0.0
2015-12-19,80026361856,0.0,4075.0,25.0,0.0,0.0,32255.0,0.0,0.0,23.0,13.0,25.0,33.0,0.0,0.0,0.0,0.0,0.0
2015-12-20,80026361856,0.0,4075.0,25.0,0.0,0.0,32279.0,0.0,0.0,23.0,13.0,25.0,32.0,0.0,0.0,0.0,0.0,0.0
2015-12-21,80026361856,0.0,4075.0,25.0,0.0,0.0,32304.0,0.0,0.0,23.0,13.0,25.0,32.0,0.0,0.0,0.0,0.0,0.0
2015-12-22,80026361856,0.0,4075.0,25.0,0.0,0.0,32327.0,0.0,0.0,23.0,13.0,25.0,33.0,0.0,0.0,0.0,0.0,0.0
2015-12-23,80026361856,0.0,4075.0,25.0,0.0,0.0,32351.0,0.0,0.0,23.0,13.0,25.0,32.0,0.0,0.0,0.0,0.0,0.0
2015-12-24,80026361856,0.0,4075.0,25.0,0.0,0.0,32376.0,0.0,0.0,23.0,13.0,25.0,31.0,0.0,0.0,0.0,0.0,0.0
2015-12-25,80026361856,0.0,4075.0,25.0,0.0,0.0,32399.0,0.0,0.0,23.0,13.0,25.0,31.0,0.0,0.0,0.0,0.0,0.0
2015-12-26,80026361856,0.0,4075.0,25.0,0.0,0.0,32423.0,0.0,0.0,23.0,13.0,25.0,31.0,0.0,0.0,0.0,0.0,0.0
2015-12-27,80026361856,0.0,4075.0,25.0,0.0,0.0,32447.0,0.0,0.0,23.0,13.0,25.0,31.0,0.0,0.0,0.0,0.0,0.0
2015-12-28,80026361856,0.0,4075.0,25.0,0.0,0.0,32471.0,0.0,0.0,23.0,13.0,25.0,31.0,0.0,0.0,0.0,0.0,0.0
2015-12-29,80026361856,0.0,4075.0,25.0,0.0,0.0,32495.0,0.0,0.0,23.0,13.0,25.0,31.0,0.0,0.0,0.0,0.0,0.0
2015-12-30,80026361856,0.0,4075.0,25.0,0.0,0.0,32519.0,0.0,0.0,23.0,13.0,25.0,31.0,0.0,0.0,0.0,0.0,0.0
2015-12-31,80026361856,0.0,4075.0,25.0,0.0,0.0,32543.0,0.0,0.0,23.0,13.0,25.0,31.0,0.0,0.0,0.0,0.0,0.0
2016-01-01,80026361856,0.0,4075.0,25.0,0.0,0.0,32567.0,0.0,0.0,23.0,13.0,25.0,31.0,0.0,0.0,0.0,0.0,0.0
2016-01-02,80026361856,0.0,4075.0,25.0,0.0,0.0,32591.0,0.0,0.0,23.0,13.0,25.0,31.0,0.0,0.0,0.0,0.0,0.0
2016-01-03,80026361856,0.0,4075.0,25.0,0.0,0.0,32615.0,0.0,0.0,23.0,13.0,25.0,31.0,0.0,0.0,0.0,0.0,0.0
2016-01-04,80026361856,0.0,4075.0,25.0,0.0,0.0,32639.0,0.0,0.0,23.0,13.0,25.0,32.0,0.0,0.0,0.0,0.0,0.0
2016-01-05,80026361856,0.0,4075.0,25.0,0.0,0.0,32663.0,0.0,0.0,23.0,13.0,25.0,32.0,0.0,0.0,0.0,0.0,0.0
2016-01-06,80026361856,0.0,4075.0,25.0,0.0,0.0,32686.0,0.0,0.0,23.0,13.0,25.0,32.0,0.0,0.0,0.0,0.0,0.0
2016-01-07,80026361856,0.0,4075.0,25.0,0.0,0.0,32711.0,0.0,0.0,23.0,13.0,25.0,32.0,0.0,0.0,0.0,0.0,0.0
2016-01-08,80026361856,0.0,4075.0,25.0,0.0,0.0,32735.0,0.0,0.0,23.0,13.0,25.0,31.0,0.0,0.0,0.0,0.0,0.0
2016-01-09,80026361856,0.0,4075.0,25.0,0.0,0.0,32758.0,0.0,0.0,23.0,13.0,25.0,33.0,0.0,0.0,0.0,0.0,0.0
2016-01-10,80026361856,0.0,4075.0,25.0,0.0,0.0,32783.0,0.0,0.0,23.0,13.0,25.0,33.0,0.0,0.0,0.0,0.0,0.0
2016-01-11,80026361856,0.0,4075.0,25.0,0.0,0.0,32807.0,0.0,0.0,23.0,13.0,25.0,32.0,0.0,0.0,0.0,0.0,0.0
2016-01-12,80026361856,0.0,4075.0,25.0,0.0,0.0,32830.0,0.0,0.0,23.0,13.0,25.0,32.0,0.0,0.0,0.0,0.0,0.0
2016-01-13,80026361856,0.0,4075.0,25.0,0.0,0.0,32855.0,0.0,0.0,23.0,13.0,25.0,32.0,0.0,0.0,0.0,0.0,0.0
2016-01-14,80026361856,0.0,4075.0,25.0,0.0,0.0,32879.0,0.0,0.0,23.0,13.0,25.0,32.0,0.0,0.0,0.0,0.0,0.0
2016-01-15,80026361856,0.0,4075.0,25.0,0.0,0.0,32902.0,0.0,0.0,23.0,13.0,25.0,33.0,0.0,0.0,0.0,0.0,0.0
2016-01-16,80026361856,0.0,4075.0,25.0,0.0,0.0,32926.0,0.0,0.0,23.0,13.0,25.0,33.0,0.0,0.0,0.0,0.0,0.0
2016-01-17,80026361856,0.0,4075.0,25.0,0.0,0.0,32951.0,0.0,0.0,23.0,13.0,25.0,32.0,0.0,0.0,0.0,0.0,0.0
2016-01-18,80026361856,0.0,4075.0,25.0,0.0,0.0,32974.0,0.0,0.0,23.0,13.0,25.0,31.0,0.0,0.0,0.0,0.0,0.0
2016-01-19,80026361856,0.0,4075.0,25.0,0.0,0.0,32998.0,0.0,0.0,23.0,13.0,25.0,31.0,0.0,0.0,0.0,0.0,0.0
2016-01-20,80026361856,0.0,4075.0,25.0,0.0,0.0,33023.0,0.0,0.0,23.0,13.0,25.0,32.0,0.0,0.0,0.0,0.0,0.0
2016-01-21,80026361856,0.0,4075.0,25.0,0.0,0.0,33046.0,0.0,0.0,23.0,13.0,25.0,32.0,0.0,0.0,0.0,0.0,0.0
2016-01-22,80026361856,0.0,4075.0,25.0,0.0,0.0,33070.0,0.0,0.0,23.0,13.0,25.0,31.0,0.0,0.0,0.0,0.0,0.0
2016-01-23,80026361856,0.0,4075.0,25.0,0.0,0.0,33095.0,0.0,0.0,23.0,13.0,25.0,32.0,0.0,0.0,0.0,0.0,0.0
2016-01-24,80026361856,0.0,4075.0,25.0,0.0,0.0,33118.0,0.0,0.0,23.0,13.0,25.0,33.0,0.0,0.0,0.0,0.0,0.0
2016-01-25,80026361856,0.0,4075.0,25.0,0.0,0.0,33142.0,0.0,0.0,23.0,13.0,25.0,33.0,0.0,0.0,0.0,0.0,0.0
2016-01-26,80026361856,0.0,4075.0,25.0,0.0,0.0,33166.0,0.0,0.0,23.0,13.0,25.0,32.0,0.0,0.0,0.0,0.0,0.0
2016-01-27,80026361856,0.0,4075.0,25.0,0.0,0.0,33190.0,0.0,0.0,23.0,13.0,25.0,32.0,0.0,0.0,0.0,0.0,0.0
2016-01-28,80026361856,0.0,4075.0,25.0,0.0,0.0,33214.0,0.0,0.0,23.0,13.0,25.0,32.0,0.0,0.0,0.0,0.0,0.0
2016-01-29,80026361856,0.0,4075.0,25.0,0.0,0.0,33238.0,0.0,0.0,23.0,13.0,25.0,31.0,0.0,0.0,0.0,0.0,0.0
2016-01-30,80026361856,0.0,4075.0,25.0,0.0,0.0,33262.0,0.0,0.0,23.0,13.0,25.0,32.0,0.0,0.0,0.0,0.0,0.0
2016-01-31,80026361856,0.0,4075.0,25.0,0.0,0.0,33286.0,0.0,0.0,23.0,13.0,25.0,32.0,0.0,0.0,0.0,0.0,0.0
2016-02-01,80026361856,0.0,4075.0,25.0,0.0,0.0,33310.0,0.0,0.0,23.0,13.0,25.0,31.0,0.0,0.0,0.0,0.0,0.0
2016-02-02,80026361856,0.0,4075.0,25.0,0.0,0.0,33334.0,0.0,0.0,23.0,13.0,25.0,32.0,0.0,0.0,0.0,0.0,0.0
2016-02-03,80026361856,0.0,4075.0,25.0,0.0,0.0,33358.0,0.0,0.0,23.0,13.0,25.0,32.0,0.0,0.0,0.0,0.0,0.0
2016-02-04,80026361856,0.0,4075.0,25.0,0.0,0.0,33382.0,0.0,0.0,23.0,13.0,25.0,32.0,0.0,0.0,0.0,0.0,0.0
2016-02-05,80026361856,0.0,4075.0,25.0,0.0,0.0,33406.0,0.0,0.0,23.0,13.0,25.0,33.0,0.0,0.0,0.0,0.0,0.0
2016-02-06,80026361856,0.0,4075.0,25.0,0.0,0.0,33430.0,0.0,0.0,23.0,13.0,25.0,32.0,0.0,0.0,0.0,0.0,0.0
2016-02-07,80026361856,0.0,4075.0,25.0,0.0,0.0,33454.0,0.0,0.0,23.0,13.0,25.0,32.0,0.0,0.0,0.0,0.0,0.0
2016-02-08,80026361856,0.0,4075.0,25.0,0.0,0.0,33477.0,0.0,0.0,23.0,13.0,25.0,31.0,0.0,0.0,0.0,0.0,0.0
2016-02-09,80026361856,0.0,4075.0,25.0,0.0,0.0,33502.0,0.0,0.0,23.0,13.0,25.0,31.0,0.0,0.0,0.0,0.0,0.0
2016-02-10,80026361856,0.0,4075.0,25.0,0.0,0.0,33526.0,0.0,0.0,23.0,13.0,25.0,31.0,0.0,0.0,0.0,0.0,0.0
2016-02-11,80026361856,0.0,4075.0,25.0,0.0,0.0,33549.0,0.0,0.0,23.0,13.0,25.0,31.0,0.0,0.0,0.0,0.0,0.0
2016-02-12,80026361856,0.0,4075.0,25.0,0.0,0.0,33574.0,0.0,0.0,23.0,13.0,25.0,31.0,0.0,0.0,0.0,0.0,0.0
2016-02-13,80026361856,0.0,4075.0,25.0,0.0,0.0,33598.0,0.0,0.0,23.0,13.0,25.0,32.0,0.0,0.0,0.0,0.0,0.0
2016-02-14,80026361856,0.0,4075.0,25.0,0.0,0.0,33621.0,0.0,0.0,23.0,13.0,25.0,32.0,0.0,0.0,0.0,0.0,0.0
2016-02-15,80026361856,0.0,4075.0,25.0,0.0,0.0,33645.0,0.0,0.0,23.0,13.0,25.0,32.0,0.0,0.0,0.0,0.0,0.0
2016-02-16,80026361856,0.0,4075.0,25.0,0.0,0.0,33670.0,0.0,0.0,23.0,13.0,25.0,32.0,0.0,0.0,0.0,0.0,0.0
2016-02-17,80026361856,0.0,4075.0,25.0,0.0,0.0,33693.0,0.0,0.0,23.0,13.0,25.0,32.0,0.0,0.0,0.0,0.0,0.0
2016-02-18,80026361856,0.0,4075.0,25.0,0.0,0.0,33717.0,0.0,0.0,23.0,13.0,25.0,32.0,0.0,0.0,0.0,0.0,0.0
2016-02-19,80026361856,0.0,4075.0,25.0,0.0,0.0,33742.0,0.0,0.0,23.0,13.0,25.0,31.0,0.0,0.0,0.0,0.0,0.0
2016-02-20,80026361856,0.0,4075.0,25.0,0.0,0.0,33765.0,0.0,0.0,23.0,13.0,25.0,31.0,0.0,0.0,0.0,0.0,0.0
2016-02-21,80026361856,0.0,4075.0,25.0,0.0,0.0,33789.0,0.0,0.0,23.0,13.0,25.0,31.0,0.0,0.0,0.0,0.0,0.0
2016-02-22,80026361856,0.0,4075.0,25.0,0.0,0.0,33814.0,0.0,0.0,23.0,13.0,25.0,32.0,0.0,0.0,0.0,0.0,0.0
2016-02-23,80026361856,0.0,4075.0,25.0,0.0,0.0,33837.0,0.0,0.0,23.0,13.0,25.0,32.0,0.0,0.0,0.0,0.0,0.0
2016-02-24,80026361856,0.0,4075.0,25.0,0.0,0.0,33861.0,0.0,0.0,23.0,13.0,25.0,31.0,0.0,0.0,0.0,0.0,0.0
2016-02-25,80026361856,0.0,4075.0,25.0,0.0,0.0,33885.0,0.0,0.0,23.0,13.0,25.0,32.0,0.0,0.0,0.0,0.0,0.0
2016-02-26,80026361856,0.0,4075.0,25.0,0.0,0.0,33909.0,0.0,0.0,23.0,13.0,25.0,33.0,0.0,0.0,0.0,0.0,0.0
2016-02-27,80026361856,0.0,4075.0,25.0,0.0,0.0,33933.0,0.0,0.0,23.0,13.0,25.0,31.0,0.0,0.0,0.0,0.0,0.0
2016-02-28,80026361856,0.0,4075.0,25.0,0.0,0.0,33957.0,0.0,0.0,23.0,13.0,25.0,31.0,0.0,0.0,0.0,0.0,0.0
2016-02-29,80026361856,0.0,4075.0,25.0,0.0,0.0,33981.0,0.0,0.0,23.0,13.0,25.0,32.0,0.0,0.0,0.0,0.0,0.0
2016-03-01,80026361856,0.0,4075.0,25.0,0.0,0.0,34005.0,0.0,0.0,23.0,13.0,25.0,32.0,0.0,0.0,0.0,0.0,0.0
2016-03-02,80026361856,0.0,4075.0,25.0,0.0,0.0,34029.0,0.0,0.0,23.0,13.0,25.0,33.0,0.0,0.0,0.0,0.0,0.0
2016-03-03,80026361856,0.0,4075.0,25.0,0.0,0.0,34053.0,0.0,0.0,23.0,13.0,25.0,32.0,0.0,0.0,0.0,0.0,0.0
2016-03-04,80026361856,0.0,4075.0,25.0,0.0,0.0,34077.0,0.0,0.0,23.0,13.0,25.0,31.0,0.0,0.0,0.0,0.0,0.0
2016-03-05,80026361856,0.0,4075.0,25.0,0.0,0.0,34101.0,0.0,0.0,23.0,13.0,25.0,30.0,0.0,0.0,0.0,0.0,0.0
2016-03-06,80026361856,0.0,4075.0,25.0,0.0,0.0,34124.0,0.0,0.0,23.0,13.0,25.0,34.0,0.0,0.0,0.0,0.0,0.0
2016-03-07,80026361856,0.0,4075.0,25.0,0.0,0.0,34149.0,0.0,0.0,23.0,13.0,25.0,30.0,0.0,0.0,0.0,0.0,0.0
2016-03-08,80026361856,0.0,4075.0,25.0,0.0,0.0,34173.0,0.0,0.0,23.0,13.0,25.0,30.0,0.0,0.0,0.0,0.0,0.0
2016-03-09,80026361856,0.0,4075.0,25.0,0.0,0.0,34196.0,0.0,0.0,23.0,13.0,25.0,30.0,0.0,0.0,0.0,0.0,0.0
2016-03-10,80026361856,0.0,4075.0,25.0,0.0,0.0,34221.0,0.0,0.0,23.0,13.0,25.0,30.0,0.0,0.0,0.0,0.0,0.0
2016-03-11,80026361856,0.0,4075.0,25.0,0.0,0.0,34245.0,0.0,0.0,23.0,13.0,25.0,30.0,0.0,0.0,0.0,0.0,0.0
2016-03-12,80026361856,0.0,4075.0,25.0,0.0,0.0,34268.0,0.0,0.0,23.0,13.0,25.0,30.0,0.0,0.0,0.0,0.0,0.0
2016-03-13,80026361856,0.0,4075.0,25.0,0.0,0.0,34293.0,0.0,0.0,23.0,13.0,25.0,30.0,0.0,0.0,0.0,0.0,0.0
2016-03-14,80026361856,0.0,4075.0,25.0,0.0,0.0,34317.0,0.0,0.0,23.0,13.0,25.0,30.0,0.0,0.0,0.0,0.0,0.0
2016-03-15,80026361856,0.0,4075.0,25.0,0.0,0.0,34340.0,0.0,0.0,23.0,13.0,25.0,30.0,0.0,0.0,0.0,0.0,0.0
2016-03-16,80026361856,0.0,4075.0,25.0,0.0,0.0,34363.0,0.0,0.0,23.0,13.0,25.0,31.0,0.0,0.0,0.0,0.0,0.0
2016-03-17,80026361856,0.0,4075.0,25.0,0.0,0.0,34387.0,0.0,0.0,23.0,13.0,25.0,31.0,0.0,0.0,0.0,0.0,0.0
2016-03-18,80026361856,0.0,4075.0,25.0,0.0,0.0,34412.0,0.0,0.0,23.0,13.0,25.0,31.0,0.0,0.0,0.0,0.0,0.0
2016-03-19,80026361856,0.0,4075.0,25.0,0.0,0.0,34435.0,0.0,0.0,23.0,13.0,25.0,30.0,0.0,0.0,0.0,0.0,0.0
2016-03-20,80026361856,0.0,4075.0,25.0,0.0,0.0,34459.0,0.0,0.0,23.0,13.0,25.0,30.0,0.0,0.0,0.0,0.0,0.0
2016-03-21,80026361856,0.0,4075.0,25.0,0.0,0.0,34484.0,0.0,0.0,23.0,13.0,25.0,30.0,0.0,0.0,0.0,0.0,0.0
2016-03-22,80026361856,0.0,4075.0,25.0,0.0,0.0,34507.0,0.0,0.0,23.0,13.0,25.0,31.0,0.0,0.0,0.0,0.0,0.0
2016-03-23,80026361856,0.0,4075.0,25.0,0.0,0.0,34531.0,0.0,0.0,23.0,13.0,25.0,31.0,0.0,0.0,0.0,0.0,0.0
2016-03-24,80026361856,0.0,4075.0,25.0,0.0,0.0,34556.0,0.0,0.0,23.0,13.0,25.0,30.0,0.0,0.0,0.0,0.0,0.0
2016-03-25,80026361856,0.0,4075.0,25.0,0.0,0.0,34579.0,0.0,0.0,23.0,13.0,25.0,31.0,0.0,0.0,0.0,0.0,0.0
2016-03-26,80026361856,0.0,4075.0,25.0,0.0,0.0,34603.0,0.0,0.0,23.0,13.0,25.0,30.0,0.0,0.0,0.0,0.0,0.0
2016-03-27,80026361856,0.0,4075.0,25.0,0.0,0.0,34628.0,0.0,0.0,23.0,13.0,25.0,30.0,0.0,0.0,0.0,0.0,0.0
2016-03-28,80026361856,0.0,4075.0,25.0,0.0,0.0,34651.0,0.0,0.0,23.0,13.0,25.0,30.0,0.0,0.0,0.0,0.0,0.0
2016-03-29,80026361856,0.0,4075.0,25.0,0.0,0.0,34675.0,0.0,0.0,23.0,13.0,25.0,31.0,0.0,0.0,0.0,0.0,0.0
2016-03-30,80026361856,0.0,4075.0,25.0,0.0,0.0,34699.0,0.0,0.0,23.0,13.0,25.0,32.0,0.0,0.0,0.0,0.0,0.0
2016-03-31,80026361856,0.0,4075.0,25.0,0.0,0.0,34723.0,0.0,0.0,23.0,13.0,25.0,31.0,0.0,0.0,0.0,0.0,0.0
2016-04-01,80026361856,0.0,4075.0,25.0,0.0,0.0,34747.0,0.0,0.0,23.0,13.0,25.0,31.0,0.0,0.0,0.0,0.0,0.0
2016-04-02,80026361856,0.0,4075.0,25.0,0.0,0.0,34771.0,0.0,0.0,23.0,13.0,25.0,31.0,0.0,0.0,0.0,0.0,0.0
2016-04-03,80026361856,0.0,4075.0,25.0,0.0,0.0,34795.0,0.0,0.0,23.0,13.0,25.0,31.0,0.0,0.0,0.0,0.0,0.0
2016-04-04,80026361856,0.0,4075.0,25.0,0.0,0.0,34819.0,0.0,0.0,23.0,13.0,25.0,31.0,0.0,0.0,0.0,0.0,0.0
2016-04-05,80026361856,0.0,4075.0,25.0,0.0,0.0,34843.0,0.0,0.0,23.0,13.0,25.0,32.0,0.0,0.0,0.0,0.0,0.0
2016-04-06,80026361856,0.0,4075.0,25.0,0.0,0.0,34867.0,0.0,0.0,23.0,13.0,25.0,31.0,0.0,0.0,0.0,0.0,0.0
2016-04-07,80026361856,0.0,4075.0,25.0,0.0,0.0,34891.0,0.0,0.0,23.0,13.0,25.0,31.0,0.0,0.0,0.0,0.0,0.0
2016-04-08,80026361856,0.0,4075.0,25.0,0.0,0.0,34915.0,0.0,0.0,23.0,13.0,25.0,31.0,0.0,0.0,0.0,0.0,0.0
2016-04-09,80026361856,0.0,4075.0,25.0,0.0,0.0,34938.0,0.0,0.0,23.0,13.0,25.0,31.0,0.0,0.0,0.0,0.0,0.0
2016-04-10,80026361856,0.0,4075.0,25.0,0.0,0.0,34963.0,0.0,0.0,23.0,13.0,25.0,31.0,0.0,0.0,0.0,0.0,0.0
2016-04-11,80026361856,0.0,4075.0,25.0,0.0,0.0,34987.0,0.0,0.0,23.0,13.0,25.0,31.0,0.0,0.0,0.0,0.0,0.0
2016-04-12,80026361856,0.0,4075.0,25.0,0.0,0.0,35010.0,0.0,0.0,23.0,13.0,25.0,31.0,0.0,0.0,0.0,0.0,0.0
2016-04-13,80026361856,0.0,4075.0,25.0,0.0,0.0,35035.0,0.0,0.0,23.0,13.0,25.0,31.0,0.0,0.0,0.0,0.0,0.0
2016-04-14,80026361856,0.0,4075.0,25.0,0.0,0.0,35059.0,0.0,0.0,23.0,13.0,25.0,30.0,0.0,0.0,0.0,0.0,0.0
2016-04-15,80026361856,0.0,4075.0,25.0,0.0,0.0,35082.0,0.0,0.0,23.0,13.0,25.0,31.0,0.0,0.0,0.0,0.0,0.0
2016-04-16,80026361856,0.0,4075.0,25.0,0.0,0.0,35107.0,0.0,0.0,23.0,13.0,25.0,31.0,0.0,0.0,0.0,0.0,0.0
2016-04-17,80026361856,0.0,4075.0,25.0,0.0,0.0,35131.0,0.0,0.0,23.0,13.0,25.0,30.0,0.0,0.0,0.0,0.0,0.0
2016-04-18,80026361856,0.0,4075.0,25.0,0.0,0.0,35154.0,0.0,0.0,23.0,13.0,25.0,31.0,0.0,0.0,0.0,0.0,0.0
2016-04-19,80026361856,0.0,4075.0,25.0,0.0,0.0,35178.0,0.0,0.0,23.0,13.0,25.0,30.0,0.0,0.0,0.0,0.0,0.0
2016-04-20,80026361856,0.0,4075.0,25.0,0.0,0.0,35203.0,0.0,0.0,23.0,13.0,25.0,31.0,0.0,0.0,0.0,0.0,0.0
2016-04-21,80026361856,0.0,4075.0,25.0,0.0,0.0,35226.0,0.0,0.0,23.0,13.0,25.0,31.0,0.0,0.0,0.0,0.0,0.0
2016-04-22,80026361856,0.0,4075.0,25.0,0.0,0.0,35250.0,0.0,0.0,23.0,13.0,25.0,31.0,0.0,0.0,0.0,0.0,0.0
2016-04-23,80026361856,0.0,4075.0,25.0,0.0,0.0,35275.0,0.0,0.0,23.0,13.0,25.0,31.0,0.0,0.0,0.0,0.0,0.0
2016-04-24,80026361856,0.0,4075.0,25.0,0.0,0.0,35298.0,0.0,0.0,23.0,13.0,25.0,30.0,0.0,0.0,0.0,0.0,0.0
2016-04-25,80026361856,0.0,4075.0,25.0,0.0,0.0,35322.0,0.0,0.0,23.0,13.0,25.0,31.0,0.0,0.0,0.0,0.0,0.0
2016-04-26,80026361856,0.0,4075.0,25.0,0.0,0.0,35347.0,0.0,0.0,23.0,13.0,25.0,31.0,0.0,0.0,0.0,0.0,0.0
2016-04-27,80026361856,0.0,4075.0,25.0,0.0,0.0,35370.0,0.0,0.0,23.0,13.0,25.0,31.0,0.0,0.0,0.0,0.0,0.0
2016-04-28,80026361856,0.0,4075.0,25.0,0.0,0.0,35394.0,0.0,0.0,23.0,13.0,25.0,31.0,0.0,0.0,0.0,0.0,0.0
2016-04-29,80026361856,0.0,4075.0,25.0,0.0,0.0,35418.0,0.0,0.0,23.0,13.0,25.0,31.0,0.0,0.0,0.0,0.0,0.0
2016-04-30,80026361856,0.0,4075.0,25.0,0.0,0.0,35442.0,0.0,0.0,23.0,13.0,25.0,31.0,0.0,0.0,0.0,0.0,0.0
2016-05-01,80026361856,0.0,4075.0,25.0,0.0,0.0,35466.0,0.0,0.0,23.0,13.0,25.0,31.0,0.0,0.0,0.0,0.0,0.0
2016-05-02,80026361856,0.0,4075.0,25.0,0.0,0.0,35490.0,0.0,0.0,23.0,13.0,25.0,31.0,0.0,0.0,0.0,0.0,0.0
2016-05-03,80026361856,0.0,4075.0,25.0,0.0,0.0,35514.0,0.0,0.0,23.0,13.0,25.0,32.0,0.0,0.0,0.0,0.0,0.0
2016-05-04,80026361856,0.0,4075.0,25.0,0.0,0.0,35538.0,0.0,0.0,23.0,13.0,25.0,32.0,0.0,0.0,0.0,0.0,0.0
2016-05-05,80026361856,0.0,4075.0,25.0,0.0,0.0,35562.0,0.0,0.0,23.0,13.0,25.0,32.0,0.0,0.0,0.0,0.0,0.0
2016-05-06,80026361856,0.0,4075.0,25.0,0.0,0.0,35586.0,0.0,0.0,23.0,13.0,25.0,32.0,0.0,0.0,0.0,0.0,0.0
2016-05-07,80026361856,0.0,4075.0,25.0,0.0,0.0,35610.0,0.0,0.0,23.0,13.0,25.0,32.0,0.0,0.0,0.0,0.0,0.0
2016-05-08,80026361856,0.0,4075.0,25.0,0.0,0.0,35634.0,0.0,0.0,23.0,13.0,25.0,32.0,0.0,0.0,0.0,0.0,0.0
2016-05-09,80026361856,0.0,4075.0,25.0,0.0,0.0,35657.0,0.0,0.0,23.0,13.0,25.0,32.0,0.0,0.0,0.0,0.0,0.0
2016-05-10,80026361856,0.0,4075.0,25.0,0.0,0.0,35682.0,0.0,0.0,23.0,13.0,25.0,33.0,0.0,0.0,0.0,0.0,0.0
